nms,year,var,stat,value
CBNMS,1990,Chl,mean,0.38806161284446716
CBNMS,1990,Chl,stdev,0.01605590060353279
CBNMS,1991,Chl,mean,0.3973827362060547
CBNMS,1991,Chl,stdev,0.011370507068932056
CBNMS,1992,Chl,mean,0.41828790307044983
CBNMS,1992,Chl,stdev,0.0159671101719141
CBNMS,1993,Chl,mean,0.4208040237426758
CBNMS,1993,Chl,stdev,0.009766238741576672
CBNMS,1994,Chl,mean,0.43027421832084656
CBNMS,1994,Chl,stdev,0.01370950322598219
CBNMS,1995,Chl,mean,0.46910053491592407
CBNMS,1995,Chl,stdev,0.013263663277029991
CBNMS,1996,Chl,mean,0.4569753110408783
CBNMS,1996,Chl,stdev,0.013265660963952541
CBNMS,1997,Chl,mean,0.3998108506202698
CBNMS,1997,Chl,stdev,0.010766816325485706
CBNMS,1998,Chl,mean,0.39090394973754883
CBNMS,1998,Chl,stdev,0.01297609880566597
CBNMS,1999,Chl,mean,0.4112570285797119
CBNMS,1999,Chl,stdev,0.011945785954594612
CBNMS,2000,Chl,mean,0.42941784858703613
CBNMS,2000,Chl,stdev,0.013440649956464767
CBNMS,2001,Chl,mean,0.37111201882362366
CBNMS,2001,Chl,stdev,0.0117910485714674
CBNMS,2002,Chl,mean,0.37927180528640747
CBNMS,2002,Chl,stdev,0.012698790058493614
CBNMS,2003,Chl,mean,0.41552799940109253
CBNMS,2003,Chl,stdev,0.010571349412202835
CBNMS,2004,Chl,mean,0.4004102647304535
CBNMS,2004,Chl,stdev,0.013354789465665817
CBNMS,2005,Chl,mean,0.3937789499759674
CBNMS,2005,Chl,stdev,0.010973963886499405
CBNMS,2006,Chl,mean,0.4312434494495392
CBNMS,2006,Chl,stdev,0.012902332469820976
CBNMS,2007,Chl,mean,0.4297221899032593
CBNMS,2007,Chl,stdev,0.011308453977108002
CBNMS,2008,Chl,mean,0.42399364709854126
CBNMS,2008,Chl,stdev,0.020067887380719185
CBNMS,2009,Chl,mean,0.4102342128753662
CBNMS,2009,Chl,stdev,0.011932953260838985
CBNMS,2010,Chl,mean,0.40725022554397583
CBNMS,2010,Chl,stdev,0.011909164488315582
CBNMS,2011,Chl,mean,0.38240349292755127
CBNMS,2011,Chl,stdev,0.012236417271196842
CBNMS,2012,Chl,mean,0.408364474773407
CBNMS,2012,Chl,stdev,0.016813360154628754
CBNMS,2013,Chl,mean,0.41948601603507996
CBNMS,2013,Chl,stdev,0.013809854164719582
CBNMS,2014,Chl,mean,0.39797115325927734
CBNMS,2014,Chl,stdev,0.014669636264443398
CBNMS,2015,Chl,mean,0.417137086391449
CBNMS,2015,Chl,stdev,0.010355253703892231
CBNMS,2016,Chl,mean,0.44511303305625916
CBNMS,2016,Chl,stdev,0.012145241722464561
CBNMS,2017,Chl,mean,0.39949846267700195
CBNMS,2017,Chl,stdev,0.012887582182884216
CBNMS,2018,Chl,mean,0.43958422541618347
CBNMS,2018,Chl,stdev,0.012527783401310444
CBNMS,2019,Chl,mean,0.3849378228187561
CBNMS,2019,Chl,stdev,0.010783289559185505
CBNMS,2020,Chl,mean,0.38679400086402893
CBNMS,2020,Chl,stdev,0.012076953426003456
CBNMS,2021,Chl,mean,0.42276158928871155
CBNMS,2021,Chl,stdev,0.012705808505415916
CBNMS,2022,Chl,mean,0.409800261259079
CBNMS,2022,Chl,stdev,0.011732601560652256
CBNMS,2023,Chl,mean,0.4687076210975647
CBNMS,2023,Chl,stdev,0.012022610753774643
CBNMS,2024,Chl,mean,0.40876153111457825
CBNMS,2024,Chl,stdev,0.011474736966192722
CBNMS,2025,Chl,mean,0.4250779151916504
CBNMS,2025,Chl,stdev,0.012734908610582352
CBNMS,2026,Chl,mean,0.4143815040588379
CBNMS,2026,Chl,stdev,0.011315620504319668
CBNMS,2027,Chl,mean,0.43291226029396057
CBNMS,2027,Chl,stdev,0.012351135723292828
CBNMS,2028,Chl,mean,0.4156759977340698
CBNMS,2028,Chl,stdev,0.013873821124434471
CBNMS,2029,Chl,mean,0.40339934825897217
CBNMS,2029,Chl,stdev,0.01130164135247469
CBNMS,2030,Chl,mean,0.41745641827583313
CBNMS,2030,Chl,stdev,0.012234244495630264
CBNMS,2031,Chl,mean,0.4115310311317444
CBNMS,2031,Chl,stdev,0.010753897950053215
CBNMS,2032,Chl,mean,0.4253276288509369
CBNMS,2032,Chl,stdev,0.01305051427334547
CBNMS,2033,Chl,mean,0.4187219440937042
CBNMS,2033,Chl,stdev,0.010579237714409828
CBNMS,2034,Chl,mean,0.3902858793735504
CBNMS,2034,Chl,stdev,0.011734494008123875
CBNMS,2035,Chl,mean,0.38045841455459595
CBNMS,2035,Chl,stdev,0.010648168623447418
CBNMS,2036,Chl,mean,0.36680868268013
CBNMS,2036,Chl,stdev,0.010370412841439247
CBNMS,2037,Chl,mean,0.4075315296649933
CBNMS,2037,Chl,stdev,0.012542282231152058
CBNMS,2038,Chl,mean,0.4267125129699707
CBNMS,2038,Chl,stdev,0.01177480723708868
CBNMS,2039,Chl,mean,0.39080995321273804
CBNMS,2039,Chl,stdev,0.01130690798163414
CBNMS,2040,Chl,mean,0.3845793604850769
CBNMS,2040,Chl,stdev,0.012193913571536541
CBNMS,2041,Chl,mean,0.37215471267700195
CBNMS,2041,Chl,stdev,0.011035917326807976
CBNMS,2042,Chl,mean,0.4342571794986725
CBNMS,2042,Chl,stdev,0.010882522910833359
CBNMS,2043,Chl,mean,0.4139484763145447
CBNMS,2043,Chl,stdev,0.010762608610093594
CBNMS,2044,Chl,mean,0.34748372435569763
CBNMS,2044,Chl,stdev,0.01038601528853178
CBNMS,2045,Chl,mean,0.3801802396774292
CBNMS,2045,Chl,stdev,0.010360823944211006
CBNMS,2046,Chl,mean,0.3793259859085083
CBNMS,2046,Chl,stdev,0.012546904385089874
CBNMS,2047,Chl,mean,0.3701770007610321
CBNMS,2047,Chl,stdev,0.011667289771139622
CBNMS,2048,Chl,mean,0.3702528774738312
CBNMS,2048,Chl,stdev,0.009511614218354225
CBNMS,2049,Chl,mean,0.3784072995185852
CBNMS,2049,Chl,stdev,0.010618730448186398
CBNMS,2050,Chl,mean,0.39591825008392334
CBNMS,2050,Chl,stdev,0.010034079663455486
CBNMS,2051,Chl,mean,0.37397274374961853
CBNMS,2051,Chl,stdev,0.011500189080834389
CBNMS,2052,Chl,mean,0.39801058173179626
CBNMS,2052,Chl,stdev,0.009853854775428772
CBNMS,2053,Chl,mean,0.3763928711414337
CBNMS,2053,Chl,stdev,0.01036542747169733
CBNMS,2054,Chl,mean,0.38895878195762634
CBNMS,2054,Chl,stdev,0.011177197098731995
CBNMS,2055,Chl,mean,0.3637143075466156
CBNMS,2055,Chl,stdev,0.009947777725756168
CBNMS,2056,Chl,mean,0.366342157125473
CBNMS,2056,Chl,stdev,0.010201102122664452
CBNMS,2057,Chl,mean,0.3721368908882141
CBNMS,2057,Chl,stdev,0.011056045070290565
CBNMS,2058,Chl,mean,0.4019203186035156
CBNMS,2058,Chl,stdev,0.012745519168674946
CBNMS,2059,Chl,mean,0.37138453125953674
CBNMS,2059,Chl,stdev,0.010128253139555454
CBNMS,2060,Chl,mean,0.36605823040008545
CBNMS,2060,Chl,stdev,0.010915313847362995
CBNMS,2061,Chl,mean,0.35195761919021606
CBNMS,2061,Chl,stdev,0.010689891874790192
CBNMS,2062,Chl,mean,0.35192370414733887
CBNMS,2062,Chl,stdev,0.010629773139953613
CBNMS,2063,Chl,mean,0.3474152386188507
CBNMS,2063,Chl,stdev,0.011371796950697899
CBNMS,2064,Chl,mean,0.3697720170021057
CBNMS,2064,Chl,stdev,0.011042649857699871
CBNMS,2065,Chl,mean,0.3633018136024475
CBNMS,2065,Chl,stdev,0.010988756082952023
CBNMS,2066,Chl,mean,0.3343791365623474
CBNMS,2066,Chl,stdev,0.010136148892343044
CBNMS,2067,Chl,mean,0.33020371198654175
CBNMS,2067,Chl,stdev,0.008554372005164623
CBNMS,2068,Chl,mean,0.333118736743927
CBNMS,2068,Chl,stdev,0.009898334741592407
CBNMS,2069,Chl,mean,0.35313671827316284
CBNMS,2069,Chl,stdev,0.010350546799600124
CBNMS,2070,Chl,mean,0.3639110028743744
CBNMS,2070,Chl,stdev,0.00818375963717699
CBNMS,2071,Chl,mean,0.3388722240924835
CBNMS,2071,Chl,stdev,0.008955140598118305
CBNMS,2072,Chl,mean,0.33761897683143616
CBNMS,2072,Chl,stdev,0.011327441781759262
CBNMS,2073,Chl,mean,0.3520289957523346
CBNMS,2073,Chl,stdev,0.011449101381003857
CBNMS,2074,Chl,mean,0.33026960492134094
CBNMS,2074,Chl,stdev,0.010784538462758064
CBNMS,2075,Chl,mean,0.3125690519809723
CBNMS,2075,Chl,stdev,0.008973770774900913
CBNMS,2076,Chl,mean,0.34210747480392456
CBNMS,2076,Chl,stdev,0.010369526222348213
CBNMS,2077,Chl,mean,0.33816197514533997
CBNMS,2077,Chl,stdev,0.00926673412322998
CBNMS,2078,Chl,mean,0.33576110005378723
CBNMS,2078,Chl,stdev,0.009591405279934406
CBNMS,2079,Chl,mean,0.3313436508178711
CBNMS,2079,Chl,stdev,0.009846799075603485
CBNMS,2080,Chl,mean,0.32588616013526917
CBNMS,2080,Chl,stdev,0.00889652967453003
CBNMS,2081,Chl,mean,0.3332761228084564
CBNMS,2081,Chl,stdev,0.010499351657927036
CBNMS,2082,Chl,mean,0.2851155400276184
CBNMS,2082,Chl,stdev,0.008185149170458317
CBNMS,2083,Chl,mean,0.30863210558891296
CBNMS,2083,Chl,stdev,0.008099518716335297
CBNMS,2084,Chl,mean,0.315558522939682
CBNMS,2084,Chl,stdev,0.009193845093250275
CBNMS,2085,Chl,mean,0.2939510941505432
CBNMS,2085,Chl,stdev,0.009214871563017368
CBNMS,2086,Chl,mean,0.32857412099838257
CBNMS,2086,Chl,stdev,0.009113066829741001
CBNMS,2087,Chl,mean,0.3136882483959198
CBNMS,2087,Chl,stdev,0.008427636697888374
CBNMS,2088,Chl,mean,0.32368823885917664
CBNMS,2088,Chl,stdev,0.008136730641126633
CBNMS,2089,Chl,mean,0.3167266249656677
CBNMS,2089,Chl,stdev,0.01198040135204792
CBNMS,2090,Chl,mean,0.31255242228507996
CBNMS,2090,Chl,stdev,0.009436597116291523
CBNMS,2091,Chl,mean,0.30369603633880615
CBNMS,2091,Chl,stdev,0.00883780512958765
CBNMS,2092,Chl,mean,0.30958783626556396
CBNMS,2092,Chl,stdev,0.008672390133142471
CBNMS,2093,Chl,mean,0.30967673659324646
CBNMS,2093,Chl,stdev,0.009863349609076977
CBNMS,2094,Chl,mean,0.3001103699207306
CBNMS,2094,Chl,stdev,0.009690674021840096
CBNMS,2095,Chl,mean,0.3028649091720581
CBNMS,2095,Chl,stdev,0.009198464453220367
CBNMS,2096,Chl,mean,0.2980964183807373
CBNMS,2096,Chl,stdev,0.007750928867608309
CBNMS,2097,Chl,mean,0.29140132665634155
CBNMS,2097,Chl,stdev,0.0094814179465174675
CBNMS,2098,Chl,mean,0.27681735157966614
CBNMS,2098,Chl,stdev,0.0092913918197155
CBNMS,2099,Chl,mean,0.31038081645965576
CBNMS,2099,Chl,stdev,0.008920930325984955
CBNMS,2100,Chl,mean,0.2740781903266907
CBNMS,2100,Chl,stdev,0.007128451485186815
CINMS,1990,Chl,mean,0.14630858600139618
CINMS,1990,Chl,stdev,0.008614249527454376
CINMS,1991,Chl,mean,0.1543395221233368
CINMS,1991,Chl,stdev,0.008658725768327713
CINMS,1992,Chl,mean,0.15824033319950104
CINMS,1992,Chl,stdev,0.010432609356939793
CINMS,1993,Chl,mean,0.15881095826625824
CINMS,1993,Chl,stdev,0.012847120873630047
CINMS,1994,Chl,mean,0.15942706167697906
CINMS,1994,Chl,stdev,0.011688318103551865
CINMS,1995,Chl,mean,0.16043268144130707
CINMS,1995,Chl,stdev,0.011001181788742542
CINMS,1996,Chl,mean,0.16601328551769257
CINMS,1996,Chl,stdev,0.013456568121910095
CINMS,1997,Chl,mean,0.15500961244106293
CINMS,1997,Chl,stdev,0.008692661300301552
CINMS,1998,Chl,mean,0.14508433640003204
CINMS,1998,Chl,stdev,0.007269231602549553
CINMS,1999,Chl,mean,0.14761637151241302
CINMS,1999,Chl,stdev,0.010878263972699642
CINMS,2000,Chl,mean,0.1545485109090805
CINMS,2000,Chl,stdev,0.010757410898804665
CINMS,2001,Chl,mean,0.1472262591123581
CINMS,2001,Chl,stdev,0.009665599092841148
CINMS,2002,Chl,mean,0.1449452042579651
CINMS,2002,Chl,stdev,0.006774630397558212
CINMS,2003,Chl,mean,0.15313267707824707
CINMS,2003,Chl,stdev,0.01165896374732256
CINMS,2004,Chl,mean,0.15264084935188293
CINMS,2004,Chl,stdev,0.009015419520437717
CINMS,2005,Chl,mean,0.14490841329097748
CINMS,2005,Chl,stdev,0.011139732785522938
CINMS,2006,Chl,mean,0.1542791873216629
CINMS,2006,Chl,stdev,0.011876469478011131
CINMS,2007,Chl,mean,0.16059735417366028
CINMS,2007,Chl,stdev,0.013011295348405838
CINMS,2008,Chl,mean,0.15254108607769012
CINMS,2008,Chl,stdev,0.008502256125211716
CINMS,2009,Chl,mean,0.15100093185901642
CINMS,2009,Chl,stdev,0.010782635770738125
CINMS,2010,Chl,mean,0.1559271365404129
CINMS,2010,Chl,stdev,0.008701148442924023
CINMS,2011,Chl,mean,0.1501316875219345
CINMS,2011,Chl,stdev,0.010274293832480907
CINMS,2012,Chl,mean,0.14868728816509247
CINMS,2012,Chl,stdev,0.009715783409774303
CINMS,2013,Chl,mean,0.15928250551223755
CINMS,2013,Chl,stdev,0.011605601757764816
CINMS,2014,Chl,mean,0.1477077603340149
CINMS,2014,Chl,stdev,0.010685748420655727
CINMS,2015,Chl,mean,0.1535276472568512
CINMS,2015,Chl,stdev,0.011784754693508148
CINMS,2016,Chl,mean,0.1554601788520813
CINMS,2016,Chl,stdev,0.011415809392929077
CINMS,2017,Chl,mean,0.14990651607513428
CINMS,2017,Chl,stdev,0.010138736106455326
CINMS,2018,Chl,mean,0.15971039235591888
CINMS,2018,Chl,stdev,0.012764106504619122
CINMS,2019,Chl,mean,0.1447916179895401
CINMS,2019,Chl,stdev,0.011128605343401432
CINMS,2020,Chl,mean,0.14706508815288544
CINMS,2020,Chl,stdev,0.00907970778644085
CINMS,2021,Chl,mean,0.1540309339761734
CINMS,2021,Chl,stdev,0.012080886401236057
CINMS,2022,Chl,mean,0.1505427360534668
CINMS,2022,Chl,stdev,0.010391048155725002
CINMS,2023,Chl,mean,0.1597529798746109
CINMS,2023,Chl,stdev,0.010372646152973175
CINMS,2024,Chl,mean,0.1538168489933014
CINMS,2024,Chl,stdev,0.01003700029104948
CINMS,2025,Chl,mean,0.15129174292087555
CINMS,2025,Chl,stdev,0.007798708043992519
CINMS,2026,Chl,mean,0.14805929362773895
CINMS,2026,Chl,stdev,0.009488867595791817
CINMS,2027,Chl,mean,0.15452593564987183
CINMS,2027,Chl,stdev,0.011193809099495411
CINMS,2028,Chl,mean,0.1524551808834076
CINMS,2028,Chl,stdev,0.01174989715218544
CINMS,2029,Chl,mean,0.1536794900894165
CINMS,2029,Chl,stdev,0.011081092990934849
CINMS,2030,Chl,mean,0.15724171698093414
CINMS,2030,Chl,stdev,0.01126239262521267
CINMS,2031,Chl,mean,0.152821347117424
CINMS,2031,Chl,stdev,0.010046211071312428
CINMS,2032,Chl,mean,0.1559307873249054
CINMS,2032,Chl,stdev,0.012600301764905453
CINMS,2033,Chl,mean,0.1560719609260559
CINMS,2033,Chl,stdev,0.01267822366207838
CINMS,2034,Chl,mean,0.14724278450012207
CINMS,2034,Chl,stdev,0.009418473578989506
CINMS,2035,Chl,mean,0.14599548280239105
CINMS,2035,Chl,stdev,0.009392035193741322
CINMS,2036,Chl,mean,0.145466148853302
CINMS,2036,Chl,stdev,0.008361880667507648
CINMS,2037,Chl,mean,0.15351787209510803
CINMS,2037,Chl,stdev,0.008360754698514938
CINMS,2038,Chl,mean,0.15793593227863312
CINMS,2038,Chl,stdev,0.012225395068526268
CINMS,2039,Chl,mean,0.15169008076190948
CINMS,2039,Chl,stdev,0.011242705397307873
CINMS,2040,Chl,mean,0.14656047523021698
CINMS,2040,Chl,stdev,0.011244012974202633
CINMS,2041,Chl,mean,0.14505191147327423
CINMS,2041,Chl,stdev,0.006961951497942209
CINMS,2042,Chl,mean,0.16314150393009186
CINMS,2042,Chl,stdev,0.011005531996488571
CINMS,2043,Chl,mean,0.14926835894584656
CINMS,2043,Chl,stdev,0.010903900489211082
CINMS,2044,Chl,mean,0.1417578160762787
CINMS,2044,Chl,stdev,0.006491417996585369
CINMS,2045,Chl,mean,0.14752613008022308
CINMS,2045,Chl,stdev,0.007365838158875704
CINMS,2046,Chl,mean,0.14976947009563446
CINMS,2046,Chl,stdev,0.007949627935886383
CINMS,2047,Chl,mean,0.14391262829303741
CINMS,2047,Chl,stdev,0.009153109975159168
CINMS,2048,Chl,mean,0.1425759196281433
CINMS,2048,Chl,stdev,0.0076666176319122314
CINMS,2049,Chl,mean,0.15011917054653168
CINMS,2049,Chl,stdev,0.011129181832075119
CINMS,2050,Chl,mean,0.15863892436027527
CINMS,2050,Chl,stdev,0.009626496583223343
CINMS,2051,Chl,mean,0.1482248157262802
CINMS,2051,Chl,stdev,0.008290030062198639
CINMS,2052,Chl,mean,0.1524830013513565
CINMS,2052,Chl,stdev,0.010657181032001972
CINMS,2053,Chl,mean,0.14768823981285095
CINMS,2053,Chl,stdev,0.010667677968740463
CINMS,2054,Chl,mean,0.15768615901470184
CINMS,2054,Chl,stdev,0.010227327235043049
CINMS,2055,Chl,mean,0.1492483913898468
CINMS,2055,Chl,stdev,0.008171233348548412
CINMS,2056,Chl,mean,0.14871005713939667
CINMS,2056,Chl,stdev,0.008214366622269154
CINMS,2057,Chl,mean,0.14995773136615753
CINMS,2057,Chl,stdev,0.009164941497147083
CINMS,2058,Chl,mean,0.15559984743595123
CINMS,2058,Chl,stdev,0.010673567652702332
CINMS,2059,Chl,mean,0.14540483057498932
CINMS,2059,Chl,stdev,0.008749457076191902
CINMS,2060,Chl,mean,0.1489383727312088
CINMS,2060,Chl,stdev,0.008082972839474678
CINMS,2061,Chl,mean,0.14604945480823517
CINMS,2061,Chl,stdev,0.006411907263100147
CINMS,2062,Chl,mean,0.14432252943515778
CINMS,2062,Chl,stdev,0.007280342746526003
CINMS,2063,Chl,mean,0.1463899165391922
CINMS,2063,Chl,stdev,0.007385261356830597
CINMS,2064,Chl,mean,0.14991678297519684
CINMS,2064,Chl,stdev,0.009529490023851395
CINMS,2065,Chl,mean,0.146019846200943
CINMS,2065,Chl,stdev,0.008353876881301403
CINMS,2066,Chl,mean,0.14807911217212677
CINMS,2066,Chl,stdev,0.006383771076798439
CINMS,2067,Chl,mean,0.13754449784755707
CINMS,2067,Chl,stdev,0.005303246434777975
CINMS,2068,Chl,mean,0.14225369691848755
CINMS,2068,Chl,stdev,0.0062270513735711575
CINMS,2069,Chl,mean,0.15160568058490753
CINMS,2069,Chl,stdev,0.008410398848354816
CINMS,2070,Chl,mean,0.14763866364955902
CINMS,2070,Chl,stdev,0.007699431851506233
CINMS,2071,Chl,mean,0.14316555857658386
CINMS,2071,Chl,stdev,0.007793338969349861
CINMS,2072,Chl,mean,0.14435802400112152
CINMS,2072,Chl,stdev,0.007052033673971891
CINMS,2073,Chl,mean,0.14986984431743622
CINMS,2073,Chl,stdev,0.008468004874885082
CINMS,2074,Chl,mean,0.14854758977890015
CINMS,2074,Chl,stdev,0.006812416482716799
CINMS,2075,Chl,mean,0.1388491988182068
CINMS,2075,Chl,stdev,0.005905174184590578
CINMS,2076,Chl,mean,0.14746235311031342
CINMS,2076,Chl,stdev,0.008023867383599281
CINMS,2077,Chl,mean,0.14537574350833893
CINMS,2077,Chl,stdev,0.006547499913722277
CINMS,2078,Chl,mean,0.14873886108398438
CINMS,2078,Chl,stdev,0.007520581129938364
CINMS,2079,Chl,mean,0.1459432691335678
CINMS,2079,Chl,stdev,0.009183651767671108
CINMS,2080,Chl,mean,0.1430681049823761
CINMS,2080,Chl,stdev,0.006538591347634792
CINMS,2081,Chl,mean,0.14398740231990814
CINMS,2081,Chl,stdev,0.007003885228186846
CINMS,2082,Chl,mean,0.1341591626405716
CINMS,2082,Chl,stdev,0.004623211454600096
CINMS,2083,Chl,mean,0.1401611864566803
CINMS,2083,Chl,stdev,0.006007740739732981
CINMS,2084,Chl,mean,0.14274826645851135
CINMS,2084,Chl,stdev,0.0075096613727509975
CINMS,2085,Chl,mean,0.13913211226463318
CINMS,2085,Chl,stdev,0.0052245440892875195
CINMS,2086,Chl,mean,0.14597474038600922
CINMS,2086,Chl,stdev,0.007425232790410519
CINMS,2087,Chl,mean,0.1420258730649948
CINMS,2087,Chl,stdev,0.00508440425619483
CINMS,2088,Chl,mean,0.14778581261634827
CINMS,2088,Chl,stdev,0.007293425966054201
CINMS,2089,Chl,mean,0.13774612545967102
CINMS,2089,Chl,stdev,0.0053376867435872555
CINMS,2090,Chl,mean,0.14222007989883423
CINMS,2090,Chl,stdev,0.005878180731087923
CINMS,2091,Chl,mean,0.14062239229679108
CINMS,2091,Chl,stdev,0.006393016315996647
CINMS,2092,Chl,mean,0.1383557915687561
CINMS,2092,Chl,stdev,0.005086636170744896
CINMS,2093,Chl,mean,0.13934066891670227
CINMS,2093,Chl,stdev,0.006131963804364204
CINMS,2094,Chl,mean,0.14128175377845764
CINMS,2094,Chl,stdev,0.004479586612433195
CINMS,2095,Chl,mean,0.14085447788238525
CINMS,2095,Chl,stdev,0.005988134071230888
CINMS,2096,Chl,mean,0.1383293867111206
CINMS,2096,Chl,stdev,0.005839603021740913
CINMS,2097,Chl,mean,0.13900752365589142
CINMS,2097,Chl,stdev,0.0037889699451625347
CINMS,2098,Chl,mean,0.1363663524389267
CINMS,2098,Chl,stdev,0.00544886477291584
CINMS,2099,Chl,mean,0.14307747781276703
CINMS,2099,Chl,stdev,0.005481361411511898
CINMS,2100,Chl,mean,0.13979211449623108
CINMS,2100,Chl,stdev,0.004390105605125427
CPNMS,1990,Chl,mean,0.1828557550907135
CPNMS,1990,Chl,stdev,0.0135649424046278
CPNMS,1991,Chl,mean,0.1939132809638977
CPNMS,1991,Chl,stdev,0.01563797891139984
CPNMS,1992,Chl,mean,0.20772907137870789
CPNMS,1992,Chl,stdev,0.0172929298132658
CPNMS,1993,Chl,mean,0.2106851488351822
CPNMS,1993,Chl,stdev,0.01807037927210331
CPNMS,1994,Chl,mean,0.20512402057647705
CPNMS,1994,Chl,stdev,0.01429956778883934
CPNMS,1995,Chl,mean,0.20616306364536285
CPNMS,1995,Chl,stdev,0.018814269453287125
CPNMS,1996,Chl,mean,0.226060152053833
CPNMS,1996,Chl,stdev,0.020804431289434433
CPNMS,1997,Chl,mean,0.19220921397209167
CPNMS,1997,Chl,stdev,0.01413483265787363
CPNMS,1998,Chl,mean,0.17808295786380768
CPNMS,1998,Chl,stdev,0.015215563587844372
CPNMS,1999,Chl,mean,0.19439636170864105
CPNMS,1999,Chl,stdev,0.015157596208155155
CPNMS,2000,Chl,mean,0.2038227617740631
CPNMS,2000,Chl,stdev,0.01820394955575466
CPNMS,2001,Chl,mean,0.19226977229118347
CPNMS,2001,Chl,stdev,0.01531683374196291
CPNMS,2002,Chl,mean,0.17463591694831848
CPNMS,2002,Chl,stdev,0.014873522333800793
CPNMS,2003,Chl,mean,0.203016996383667
CPNMS,2003,Chl,stdev,0.016511473804712296
CPNMS,2004,Chl,mean,0.1985016167163849
CPNMS,2004,Chl,stdev,0.01766114868223667
CPNMS,2005,Chl,mean,0.18673042953014374
CPNMS,2005,Chl,stdev,0.014061692170798779
CPNMS,2006,Chl,mean,0.20426838099956512
CPNMS,2006,Chl,stdev,0.016738073900341988
CPNMS,2007,Chl,mean,0.21494370698928833
CPNMS,2007,Chl,stdev,0.018718335777521133
CPNMS,2008,Chl,mean,0.19523322582244873
CPNMS,2008,Chl,stdev,0.015184985473752022
CPNMS,2009,Chl,mean,0.20070011913776398
CPNMS,2009,Chl,stdev,0.018880901858210564
CPNMS,2010,Chl,mean,0.19804660975933075
CPNMS,2010,Chl,stdev,0.01616816408932209
CPNMS,2011,Chl,mean,0.1868176907300949
CPNMS,2011,Chl,stdev,0.011773542501032352
CPNMS,2012,Chl,mean,0.19175215065479279
CPNMS,2012,Chl,stdev,0.01570502668619156
CPNMS,2013,Chl,mean,0.20793339610099792
CPNMS,2013,Chl,stdev,0.019176045432686806
CPNMS,2014,Chl,mean,0.19514545798301697
CPNMS,2014,Chl,stdev,0.014264065772294998
CPNMS,2015,Chl,mean,0.20585136115550995
CPNMS,2015,Chl,stdev,0.016264429315924644
CPNMS,2016,Chl,mean,0.20481900870800018
CPNMS,2016,Chl,stdev,0.019683513790369034
CPNMS,2017,Chl,mean,0.1940670609474182
CPNMS,2017,Chl,stdev,0.01729789562523365
CPNMS,2018,Chl,mean,0.21340353786945343
CPNMS,2018,Chl,stdev,0.020986726507544518
CPNMS,2019,Chl,mean,0.1852269172668457
CPNMS,2019,Chl,stdev,0.012417827732861042
CPNMS,2020,Chl,mean,0.1843297928571701
CPNMS,2020,Chl,stdev,0.012977119535207748
CPNMS,2021,Chl,mean,0.20273475348949432
CPNMS,2021,Chl,stdev,0.01655600219964981
CPNMS,2022,Chl,mean,0.19718973338603973
CPNMS,2022,Chl,stdev,0.01629038341343403
CPNMS,2023,Chl,mean,0.21297116577625275
CPNMS,2023,Chl,stdev,0.02233094349503517
CPNMS,2024,Chl,mean,0.19611428678035736
CPNMS,2024,Chl,stdev,0.01584061235189438
CPNMS,2025,Chl,mean,0.1931227445602417
CPNMS,2025,Chl,stdev,0.017444482073187828
CPNMS,2026,Chl,mean,0.19537892937660217
CPNMS,2026,Chl,stdev,0.019240211695432663
CPNMS,2027,Chl,mean,0.20584429800510406
CPNMS,2027,Chl,stdev,0.018548808991909027
CPNMS,2028,Chl,mean,0.20738275349140167
CPNMS,2028,Chl,stdev,0.017196478322148323
CPNMS,2029,Chl,mean,0.2028585523366928
CPNMS,2029,Chl,stdev,0.018746748566627502
CPNMS,2030,Chl,mean,0.20565927028656006
CPNMS,2030,Chl,stdev,0.01637047715485096
CPNMS,2031,Chl,mean,0.19999684393405914
CPNMS,2031,Chl,stdev,0.01665423810482025
CPNMS,2032,Chl,mean,0.20958873629570007
CPNMS,2032,Chl,stdev,0.01875917613506317
CPNMS,2033,Chl,mean,0.20970043540000916
CPNMS,2033,Chl,stdev,0.016296273097395897
CPNMS,2034,Chl,mean,0.19036129117012024
CPNMS,2034,Chl,stdev,0.01845606230199337
CPNMS,2035,Chl,mean,0.19200946390628815
CPNMS,2035,Chl,stdev,0.01606816053390503
CPNMS,2036,Chl,mean,0.1800944060087204
CPNMS,2036,Chl,stdev,0.013059520162642002
CPNMS,2037,Chl,mean,0.19329138100147247
CPNMS,2037,Chl,stdev,0.01516252662986517
CPNMS,2038,Chl,mean,0.20985330641269684
CPNMS,2038,Chl,stdev,0.018214086070656776
CPNMS,2039,Chl,mean,0.20266345143318176
CPNMS,2039,Chl,stdev,0.015888605266809464
CPNMS,2040,Chl,mean,0.19713139533996582
CPNMS,2040,Chl,stdev,0.01698213256895542
CPNMS,2041,Chl,mean,0.17451809346675873
CPNMS,2041,Chl,stdev,0.012690002098679543
CPNMS,2042,Chl,mean,0.2121855765581131
CPNMS,2042,Chl,stdev,0.019667303189635277
CPNMS,2043,Chl,mean,0.1988305300474167
CPNMS,2043,Chl,stdev,0.019619692116975784
CPNMS,2044,Chl,mean,0.1706315129995346
CPNMS,2044,Chl,stdev,0.01149350218474865
CPNMS,2045,Chl,mean,0.18140919506549835
CPNMS,2045,Chl,stdev,0.01428989041596651
CPNMS,2046,Chl,mean,0.1906849592924118
CPNMS,2046,Chl,stdev,0.01850886270403862
CPNMS,2047,Chl,mean,0.1833430677652359
CPNMS,2047,Chl,stdev,0.014080251567065716
CPNMS,2048,Chl,mean,0.1789059042930603
CPNMS,2048,Chl,stdev,0.015569809824228287
CPNMS,2049,Chl,mean,0.19421721994876862
CPNMS,2049,Chl,stdev,0.015705015510320663
CPNMS,2050,Chl,mean,0.19901208579540253
CPNMS,2050,Chl,stdev,0.016648737713694572
CPNMS,2051,Chl,mean,0.1856067031621933
CPNMS,2051,Chl,stdev,0.014770980924367905
CPNMS,2052,Chl,mean,0.19638775289058685
CPNMS,2052,Chl,stdev,0.016048716381192207
CPNMS,2053,Chl,mean,0.19144822657108307
CPNMS,2053,Chl,stdev,0.016260812059044838
CPNMS,2054,Chl,mean,0.20289091765880585
CPNMS,2054,Chl,stdev,0.01692068949341774
CPNMS,2055,Chl,mean,0.18417945504188538
CPNMS,2055,Chl,stdev,0.013973627239465714
CPNMS,2056,Chl,mean,0.18404020369052887
CPNMS,2056,Chl,stdev,0.014053777791559696
CPNMS,2057,Chl,mean,0.19210661947727203
CPNMS,2057,Chl,stdev,0.014965626411139965
CPNMS,2058,Chl,mean,0.20881924033164978
CPNMS,2058,Chl,stdev,0.0198113564401865
CPNMS,2059,Chl,mean,0.18675678968429565
CPNMS,2059,Chl,stdev,0.016135962679982185
CPNMS,2060,Chl,mean,0.18740662932395935
CPNMS,2060,Chl,stdev,0.013373988680541515
CPNMS,2061,Chl,mean,0.17592540383338928
CPNMS,2061,Chl,stdev,0.013414953835308552
CPNMS,2062,Chl,mean,0.17975671589374542
CPNMS,2062,Chl,stdev,0.013823381625115871
CPNMS,2063,Chl,mean,0.17651259899139404
CPNMS,2063,Chl,stdev,0.010362790897488594
CPNMS,2064,Chl,mean,0.18541575968265533
CPNMS,2064,Chl,stdev,0.01318162027746439
CPNMS,2065,Chl,mean,0.18193669617176056
CPNMS,2065,Chl,stdev,0.01283318642526865
CPNMS,2066,Chl,mean,0.17850428819656372
CPNMS,2066,Chl,stdev,0.012480060569941998
CPNMS,2067,Chl,mean,0.16425608098506927
CPNMS,2067,Chl,stdev,0.011169876903295517
CPNMS,2068,Chl,mean,0.17371027171611786
CPNMS,2068,Chl,stdev,0.012120229192078114
CPNMS,2069,Chl,mean,0.18882082402706146
CPNMS,2069,Chl,stdev,0.013883626088500023
CPNMS,2070,Chl,mean,0.18450859189033508
CPNMS,2070,Chl,stdev,0.01329305674880743
CPNMS,2071,Chl,mean,0.1789775788784027
CPNMS,2071,Chl,stdev,0.01367220003157854
CPNMS,2072,Chl,mean,0.1758788824081421
CPNMS,2072,Chl,stdev,0.012711447663605213
CPNMS,2073,Chl,mean,0.18669922649860382
CPNMS,2073,Chl,stdev,0.01309780403971672
CPNMS,2074,Chl,mean,0.17639651894569397
CPNMS,2074,Chl,stdev,0.011638004332780838
CPNMS,2075,Chl,mean,0.16222603619098663
CPNMS,2075,Chl,stdev,0.008963337168097496
CPNMS,2076,Chl,mean,0.18491148948669434
CPNMS,2076,Chl,stdev,0.014328213408589363
CPNMS,2077,Chl,mean,0.1729431301355362
CPNMS,2077,Chl,stdev,0.010042606852948666
CPNMS,2078,Chl,mean,0.181717649102211
CPNMS,2078,Chl,stdev,0.013247107155621052
CPNMS,2079,Chl,mean,0.18001598119735718
CPNMS,2079,Chl,stdev,0.010104007087647915
CPNMS,2080,Chl,mean,0.17189443111419678
CPNMS,2080,Chl,stdev,0.009812163189053535
CPNMS,2081,Chl,mean,0.17437517642974854
CPNMS,2081,Chl,stdev,0.012096964754164219
CPNMS,2082,Chl,mean,0.15395621955394745
CPNMS,2082,Chl,stdev,0.009249296970665455
CPNMS,2083,Chl,mean,0.16515913605690002
CPNMS,2083,Chl,stdev,0.00999249704182148
CPNMS,2084,Chl,mean,0.17272064089775085
CPNMS,2084,Chl,stdev,0.009469489566981792
CPNMS,2085,Chl,mean,0.16009573638439178
CPNMS,2085,Chl,stdev,0.006940703373402357
CPNMS,2086,Chl,mean,0.1790378838777542
CPNMS,2086,Chl,stdev,0.01253949198871851
CPNMS,2087,Chl,mean,0.16439904272556305
CPNMS,2087,Chl,stdev,0.010270616970956326
CPNMS,2088,Chl,mean,0.17820866405963898
CPNMS,2088,Chl,stdev,0.011529562994837761
CPNMS,2089,Chl,mean,0.16558220982551575
CPNMS,2089,Chl,stdev,0.010816425085067749
CPNMS,2090,Chl,mean,0.17057256400585175
CPNMS,2090,Chl,stdev,0.01026057917624712
CPNMS,2091,Chl,mean,0.16756680607795715
CPNMS,2091,Chl,stdev,0.008181865327060223
CPNMS,2092,Chl,mean,0.16212855279445648
CPNMS,2092,Chl,stdev,0.011025438085198402
CPNMS,2093,Chl,mean,0.16889521479606628
CPNMS,2093,Chl,stdev,0.010587219148874283
CPNMS,2094,Chl,mean,0.16096307337284088
CPNMS,2094,Chl,stdev,0.007537039928138256
CPNMS,2095,Chl,mean,0.16671331226825714
CPNMS,2095,Chl,stdev,0.008918143808841705
CPNMS,2096,Chl,mean,0.1659277081489563
CPNMS,2096,Chl,stdev,0.009465813636779785
CPNMS,2097,Chl,mean,0.15990829467773438
CPNMS,2097,Chl,stdev,0.009326201863586903
CPNMS,2098,Chl,mean,0.1576441079378128
CPNMS,2098,Chl,stdev,0.007332668174058199
CPNMS,2099,Chl,mean,0.16858382523059845
CPNMS,2099,Chl,stdev,0.010091351345181465
CPNMS,2100,Chl,mean,0.1584455966949463
CPNMS,2100,Chl,stdev,0.006265317089855671
FGBNMS,1990,Chl,mean,0.1257794350385666
FGBNMS,1990,Chl,stdev,0.003994711674749851
FGBNMS,1991,Chl,mean,0.12557512521743774
FGBNMS,1991,Chl,stdev,0.0039209709502756596
FGBNMS,1992,Chl,mean,0.13142448663711548
FGBNMS,1992,Chl,stdev,0.004237104672938585
FGBNMS,1993,Chl,mean,0.13027358055114746
FGBNMS,1993,Chl,stdev,0.004382451064884663
FGBNMS,1994,Chl,mean,0.12847553193569183
FGBNMS,1994,Chl,stdev,0.003913348075002432
FGBNMS,1995,Chl,mean,0.1258450597524643
FGBNMS,1995,Chl,stdev,0.003234417177736759
FGBNMS,1996,Chl,mean,0.12433715164661407
FGBNMS,1996,Chl,stdev,0.003659561276435852
FGBNMS,1997,Chl,mean,0.12775836884975433
FGBNMS,1997,Chl,stdev,0.003966113552451134
FGBNMS,1998,Chl,mean,0.12748469412326813
FGBNMS,1998,Chl,stdev,0.0037856462877243757
FGBNMS,1999,Chl,mean,0.1247483417391777
FGBNMS,1999,Chl,stdev,0.004212433937937021
FGBNMS,2000,Chl,mean,0.12341553717851639
FGBNMS,2000,Chl,stdev,0.004341000225394964
FGBNMS,2001,Chl,mean,0.12746204435825348
FGBNMS,2001,Chl,stdev,0.005029353778809309
FGBNMS,2002,Chl,mean,0.1245257630944252
FGBNMS,2002,Chl,stdev,0.003864090656861663
FGBNMS,2003,Chl,mean,0.12479964643716812
FGBNMS,2003,Chl,stdev,0.004259272012859583
FGBNMS,2004,Chl,mean,0.1247783973813057
FGBNMS,2004,Chl,stdev,0.0039535630494356155
FGBNMS,2005,Chl,mean,0.12584421038627625
FGBNMS,2005,Chl,stdev,0.004441011231392622
FGBNMS,2006,Chl,mean,0.12159711867570877
FGBNMS,2006,Chl,stdev,0.003696129657328129
FGBNMS,2007,Chl,mean,0.12179039418697357
FGBNMS,2007,Chl,stdev,0.0037930349353700876
FGBNMS,2008,Chl,mean,0.12219677865505219
FGBNMS,2008,Chl,stdev,0.004097023047506809
FGBNMS,2009,Chl,mean,0.12682044506072998
FGBNMS,2009,Chl,stdev,0.00518034165725112
FGBNMS,2010,Chl,mean,0.12364871054887772
FGBNMS,2010,Chl,stdev,0.0039965002797544
FGBNMS,2011,Chl,mean,0.12100999802350998
FGBNMS,2011,Chl,stdev,0.003472201293334365
FGBNMS,2012,Chl,mean,0.12047969549894333
FGBNMS,2012,Chl,stdev,0.0038244714960455894
FGBNMS,2013,Chl,mean,0.12292700260877609
FGBNMS,2013,Chl,stdev,0.00484149856492877
FGBNMS,2014,Chl,mean,0.12097153067588806
FGBNMS,2014,Chl,stdev,0.004213293083012104
FGBNMS,2015,Chl,mean,0.12034660577774048
FGBNMS,2015,Chl,stdev,0.004221395123749971
FGBNMS,2016,Chl,mean,0.12077732384204865
FGBNMS,2016,Chl,stdev,0.004565938841551542
FGBNMS,2017,Chl,mean,0.12148009985685349
FGBNMS,2017,Chl,stdev,0.004428120795637369
FGBNMS,2018,Chl,mean,0.1182481050491333
FGBNMS,2018,Chl,stdev,0.004169820807874203
FGBNMS,2019,Chl,mean,0.12317032366991043
FGBNMS,2019,Chl,stdev,0.0051651899702847
FGBNMS,2020,Chl,mean,0.12302971631288528
FGBNMS,2020,Chl,stdev,0.004556217696517706
FGBNMS,2021,Chl,mean,0.1219775527715683
FGBNMS,2021,Chl,stdev,0.004325039219111204
FGBNMS,2022,Chl,mean,0.12080901861190796
FGBNMS,2022,Chl,stdev,0.0049333893693983555
FGBNMS,2023,Chl,mean,0.11942173540592194
FGBNMS,2023,Chl,stdev,0.004302001092582941
FGBNMS,2024,Chl,mean,0.1207798421382904
FGBNMS,2024,Chl,stdev,0.00449540838599205
FGBNMS,2025,Chl,mean,0.1218699961900711
FGBNMS,2025,Chl,stdev,0.0046296375803649426
FGBNMS,2026,Chl,mean,0.12060900777578354
FGBNMS,2026,Chl,stdev,0.005290841218084097
FGBNMS,2027,Chl,mean,0.11966846883296967
FGBNMS,2027,Chl,stdev,0.004252667538821697
FGBNMS,2028,Chl,mean,0.12086530774831772
FGBNMS,2028,Chl,stdev,0.0048708259128034115
FGBNMS,2029,Chl,mean,0.12149889022111893
FGBNMS,2029,Chl,stdev,0.004913023207336664
FGBNMS,2030,Chl,mean,0.12155355513095856
FGBNMS,2030,Chl,stdev,0.0047201127745211124
FGBNMS,2031,Chl,mean,0.11923825740814209
FGBNMS,2031,Chl,stdev,0.0041182260029017925
FGBNMS,2032,Chl,mean,0.11822929233312607
FGBNMS,2032,Chl,stdev,0.003664798568934202
FGBNMS,2033,Chl,mean,0.11484786123037338
FGBNMS,2033,Chl,stdev,0.0036461360286921263
FGBNMS,2034,Chl,mean,0.11920798569917679
FGBNMS,2034,Chl,stdev,0.0043793837539851665
FGBNMS,2035,Chl,mean,0.11763016879558563
FGBNMS,2035,Chl,stdev,0.004255705513060093
FGBNMS,2036,Chl,mean,0.11469266563653946
FGBNMS,2036,Chl,stdev,0.0038416744209825993
FGBNMS,2037,Chl,mean,0.11602319031953812
FGBNMS,2037,Chl,stdev,0.003814523573964834
FGBNMS,2038,Chl,mean,0.11789678782224655
FGBNMS,2038,Chl,stdev,0.00451100105419755
FGBNMS,2039,Chl,mean,0.11977862566709518
FGBNMS,2039,Chl,stdev,0.004700395744293928
FGBNMS,2040,Chl,mean,0.11923646181821823
FGBNMS,2040,Chl,stdev,0.005046185106039047
FGBNMS,2041,Chl,mean,0.11787892132997513
FGBNMS,2041,Chl,stdev,0.004173521418124437
FGBNMS,2042,Chl,mean,0.1159670278429985
FGBNMS,2042,Chl,stdev,0.004135201685130596
FGBNMS,2043,Chl,mean,0.11660445481538773
FGBNMS,2043,Chl,stdev,0.004390422720462084
FGBNMS,2044,Chl,mean,0.1193111389875412
FGBNMS,2044,Chl,stdev,0.004158615134656429
FGBNMS,2045,Chl,mean,0.11870786547660828
FGBNMS,2045,Chl,stdev,0.004576773848384619
FGBNMS,2046,Chl,mean,0.11753079295158386
FGBNMS,2046,Chl,stdev,0.004607649520039558
FGBNMS,2047,Chl,mean,0.11606922745704651
FGBNMS,2047,Chl,stdev,0.003881343174725771
FGBNMS,2048,Chl,mean,0.11569205671548843
FGBNMS,2048,Chl,stdev,0.003761041909456253
FGBNMS,2049,Chl,mean,0.11804922670125961
FGBNMS,2049,Chl,stdev,0.004607927054166794
FGBNMS,2050,Chl,mean,0.11664383858442307
FGBNMS,2050,Chl,stdev,0.004799038637429476
FGBNMS,2051,Chl,mean,0.11691790819168091
FGBNMS,2051,Chl,stdev,0.004824396688491106
FGBNMS,2052,Chl,mean,0.1166549026966095
FGBNMS,2052,Chl,stdev,0.004286950919777155
FGBNMS,2053,Chl,mean,0.11974020302295685
FGBNMS,2053,Chl,stdev,0.004259015899151564
FGBNMS,2054,Chl,mean,0.11573664844036102
FGBNMS,2054,Chl,stdev,0.004508791491389275
FGBNMS,2055,Chl,mean,0.11801522225141525
FGBNMS,2055,Chl,stdev,0.004188199527561665
FGBNMS,2056,Chl,mean,0.11683648824691772
FGBNMS,2056,Chl,stdev,0.004792286083102226
FGBNMS,2057,Chl,mean,0.11634775251150131
FGBNMS,2057,Chl,stdev,0.0044352770783007145
FGBNMS,2058,Chl,mean,0.11209777742624283
FGBNMS,2058,Chl,stdev,0.004495644476264715
FGBNMS,2059,Chl,mean,0.11550202965736389
FGBNMS,2059,Chl,stdev,0.004289597272872925
FGBNMS,2060,Chl,mean,0.11479206383228302
FGBNMS,2060,Chl,stdev,0.004411180969327688
FGBNMS,2061,Chl,mean,0.1158367320895195
FGBNMS,2061,Chl,stdev,0.0042365542612969875
FGBNMS,2062,Chl,mean,0.11340873688459396
FGBNMS,2062,Chl,stdev,0.004698001313954592
FGBNMS,2063,Chl,mean,0.11300569772720337
FGBNMS,2063,Chl,stdev,0.004696019925177097
FGBNMS,2064,Chl,mean,0.11276187002658844
FGBNMS,2064,Chl,stdev,0.004650396294891834
FGBNMS,2065,Chl,mean,0.11214906722307205
FGBNMS,2065,Chl,stdev,0.004886371083557606
FGBNMS,2066,Chl,mean,0.11618218570947647
FGBNMS,2066,Chl,stdev,0.0049049826338887215
FGBNMS,2067,Chl,mean,0.11064208298921585
FGBNMS,2067,Chl,stdev,0.004723075777292252
FGBNMS,2068,Chl,mean,0.1160973384976387
FGBNMS,2068,Chl,stdev,0.0051751756109297276
FGBNMS,2069,Chl,mean,0.11300195753574371
FGBNMS,2069,Chl,stdev,0.004612476099282503
FGBNMS,2070,Chl,mean,0.10706467181444168
FGBNMS,2070,Chl,stdev,0.0046196673065423965
FGBNMS,2071,Chl,mean,0.11076805740594864
FGBNMS,2071,Chl,stdev,0.005087804514914751
FGBNMS,2072,Chl,mean,0.11007940769195557
FGBNMS,2072,Chl,stdev,0.0049451617524027824
FGBNMS,2073,Chl,mean,0.10841859877109528
FGBNMS,2073,Chl,stdev,0.005036650691181421
FGBNMS,2074,Chl,mean,0.11100172251462936
FGBNMS,2074,Chl,stdev,0.005435029976069927
FGBNMS,2075,Chl,mean,0.11133674532175064
FGBNMS,2075,Chl,stdev,0.0051543982699513435
FGBNMS,2076,Chl,mean,0.1039164662361145
FGBNMS,2076,Chl,stdev,0.004737419076263905
FGBNMS,2077,Chl,mean,0.10976087301969528
FGBNMS,2077,Chl,stdev,0.005526242312043905
FGBNMS,2078,Chl,mean,0.10517419129610062
FGBNMS,2078,Chl,stdev,0.004675591830164194
FGBNMS,2079,Chl,mean,0.10717755556106567
FGBNMS,2079,Chl,stdev,0.005150749348104
FGBNMS,2080,Chl,mean,0.11025798320770264
FGBNMS,2080,Chl,stdev,0.005322039593011141
FGBNMS,2081,Chl,mean,0.10295428335666656
FGBNMS,2081,Chl,stdev,0.004975117743015289
FGBNMS,2082,Chl,mean,0.10528220236301422
FGBNMS,2082,Chl,stdev,0.00556637579575181
FGBNMS,2083,Chl,mean,0.10799763351678848
FGBNMS,2083,Chl,stdev,0.005398025270551443
FGBNMS,2084,Chl,mean,0.1049841046333313
FGBNMS,2084,Chl,stdev,0.005447918549180031
FGBNMS,2085,Chl,mean,0.10992904752492905
FGBNMS,2085,Chl,stdev,0.005704463459551334
FGBNMS,2086,Chl,mean,0.10362809151411057
FGBNMS,2086,Chl,stdev,0.005093361716717482
FGBNMS,2087,Chl,mean,0.105942502617836
FGBNMS,2087,Chl,stdev,0.005515105091035366
FGBNMS,2088,Chl,mean,0.1059039980173111
FGBNMS,2088,Chl,stdev,0.0051051536574959755
FGBNMS,2089,Chl,mean,0.10130921751260757
FGBNMS,2089,Chl,stdev,0.004541446920484304
FGBNMS,2090,Chl,mean,0.10293196141719818
FGBNMS,2090,Chl,stdev,0.005185035523027182
FGBNMS,2091,Chl,mean,0.09989853203296661
FGBNMS,2091,Chl,stdev,0.005065880715847015
FGBNMS,2092,Chl,mean,0.1034858301281929
FGBNMS,2092,Chl,stdev,0.0051859645172953606
FGBNMS,2093,Chl,mean,0.10187109559774399
FGBNMS,2093,Chl,stdev,0.0050200168043375015
FGBNMS,2094,Chl,mean,0.10221783071756363
FGBNMS,2094,Chl,stdev,0.004875884857028723
FGBNMS,2095,Chl,mean,0.10077794641256332
FGBNMS,2095,Chl,stdev,0.00483517674729228
FGBNMS,2096,Chl,mean,0.09779991209506989
FGBNMS,2096,Chl,stdev,0.004930063616484404
FGBNMS,2097,Chl,mean,0.10215441882610321
FGBNMS,2097,Chl,stdev,0.005043064709752798
FGBNMS,2098,Chl,mean,0.1002001166343689
FGBNMS,2098,Chl,stdev,0.0045614782720804214
FGBNMS,2099,Chl,mean,0.10004695504903793
FGBNMS,2099,Chl,stdev,0.00535794161260128
FGBNMS,2100,Chl,mean,0.10256947576999664
FGBNMS,2100,Chl,stdev,0.005344633478671312
FKNMS,1990,Chl,mean,0.08798899501562119
FKNMS,1990,Chl,stdev,0.0022865734063088894
FKNMS,1991,Chl,mean,0.0868702158331871
FKNMS,1991,Chl,stdev,0.002290501957759261
FKNMS,1992,Chl,mean,0.08818091452121735
FKNMS,1992,Chl,stdev,0.0026187452021986246
FKNMS,1993,Chl,mean,0.08701106160879135
FKNMS,1993,Chl,stdev,0.002444611396640539
FKNMS,1994,Chl,mean,0.08681177347898483
FKNMS,1994,Chl,stdev,0.002275240607559681
FKNMS,1995,Chl,mean,0.08659677952528
FKNMS,1995,Chl,stdev,0.002365495078265667
FKNMS,1996,Chl,mean,0.08550809323787689
FKNMS,1996,Chl,stdev,0.0022089381236582994
FKNMS,1997,Chl,mean,0.08683694154024124
FKNMS,1997,Chl,stdev,0.0022198313381522894
FKNMS,1998,Chl,mean,0.08717050403356552
FKNMS,1998,Chl,stdev,0.0022531230933964252
FKNMS,1999,Chl,mean,0.08692742139101028
FKNMS,1999,Chl,stdev,0.002196843968704343
FKNMS,2000,Chl,mean,0.08644469827413559
FKNMS,2000,Chl,stdev,0.002197425113990903
FKNMS,2001,Chl,mean,0.08610928058624268
FKNMS,2001,Chl,stdev,0.002269937889650464
FKNMS,2002,Chl,mean,0.08657803386449814
FKNMS,2002,Chl,stdev,0.0021126805804669857
FKNMS,2003,Chl,mean,0.08744633197784424
FKNMS,2003,Chl,stdev,0.002254680497571826
FKNMS,2004,Chl,mean,0.08736012876033783
FKNMS,2004,Chl,stdev,0.0021839216351509094
FKNMS,2005,Chl,mean,0.08792140334844589
FKNMS,2005,Chl,stdev,0.0022166967391967773
FKNMS,2006,Chl,mean,0.08680756390094757
FKNMS,2006,Chl,stdev,0.0019852756522595882
FKNMS,2007,Chl,mean,0.08655817061662674
FKNMS,2007,Chl,stdev,0.001963287591934204
FKNMS,2008,Chl,mean,0.08669056743383408
FKNMS,2008,Chl,stdev,0.0020545164588838816
FKNMS,2009,Chl,mean,0.08659347891807556
FKNMS,2009,Chl,stdev,0.0020591439679265022
FKNMS,2010,Chl,mean,0.08748117089271545
FKNMS,2010,Chl,stdev,0.002131773391738534
FKNMS,2011,Chl,mean,0.08688312768936157
FKNMS,2011,Chl,stdev,0.0020853765308856964
FKNMS,2012,Chl,mean,0.08655349165201187
FKNMS,2012,Chl,stdev,0.0020455745980143547
FKNMS,2013,Chl,mean,0.08654993027448654
FKNMS,2013,Chl,stdev,0.0020314077846705914
FKNMS,2014,Chl,mean,0.0866444855928421
FKNMS,2014,Chl,stdev,0.0019758513662964106
FKNMS,2015,Chl,mean,0.08603216707706451
FKNMS,2015,Chl,stdev,0.001902625197544694
FKNMS,2016,Chl,mean,0.08615699410438538
FKNMS,2016,Chl,stdev,0.001959924353286624
FKNMS,2017,Chl,mean,0.0870557576417923
FKNMS,2017,Chl,stdev,0.0020961931440979242
FKNMS,2018,Chl,mean,0.08622109144926071
FKNMS,2018,Chl,stdev,0.0018995092250406742
FKNMS,2019,Chl,mean,0.08715496957302094
FKNMS,2019,Chl,stdev,0.0019899692852050066
FKNMS,2020,Chl,mean,0.08629687130451202
FKNMS,2020,Chl,stdev,0.0019854085985571146
FKNMS,2021,Chl,mean,0.08674637973308563
FKNMS,2021,Chl,stdev,0.0019931585993617773
FKNMS,2022,Chl,mean,0.08634127676486969
FKNMS,2022,Chl,stdev,0.0019492502324283123
FKNMS,2023,Chl,mean,0.0859144851565361
FKNMS,2023,Chl,stdev,0.00189237913582474
FKNMS,2024,Chl,mean,0.08657456189393997
FKNMS,2024,Chl,stdev,0.002010189462453127
FKNMS,2025,Chl,mean,0.08642728626728058
FKNMS,2025,Chl,stdev,0.0020425545517355204
FKNMS,2026,Chl,mean,0.08571794629096985
FKNMS,2026,Chl,stdev,0.0019956326577812433
FKNMS,2027,Chl,mean,0.0868525430560112
FKNMS,2027,Chl,stdev,0.0020200363360345364
FKNMS,2028,Chl,mean,0.08676310628652573
FKNMS,2028,Chl,stdev,0.0020147396717220545
FKNMS,2029,Chl,mean,0.0868038684129715
FKNMS,2029,Chl,stdev,0.002041163155809045
FKNMS,2030,Chl,mean,0.08601643145084381
FKNMS,2030,Chl,stdev,0.001995663158595562
FKNMS,2031,Chl,mean,0.08619452267885208
FKNMS,2031,Chl,stdev,0.0020649381913244724
FKNMS,2032,Chl,mean,0.08625070750713348
FKNMS,2032,Chl,stdev,0.0019849666859954596
FKNMS,2033,Chl,mean,0.08604647219181061
FKNMS,2033,Chl,stdev,0.0019189307931810617
FKNMS,2034,Chl,mean,0.08597389608621597
FKNMS,2034,Chl,stdev,0.001988341100513935
FKNMS,2035,Chl,mean,0.08547423779964447
FKNMS,2035,Chl,stdev,0.001960838446393609
FKNMS,2036,Chl,mean,0.08556873351335526
FKNMS,2036,Chl,stdev,0.001879364950582385
FKNMS,2037,Chl,mean,0.08536347001791
FKNMS,2037,Chl,stdev,0.0019689155742526054
FKNMS,2038,Chl,mean,0.08483989536762238
FKNMS,2038,Chl,stdev,0.0019242321141064167
FKNMS,2039,Chl,mean,0.08555548638105392
FKNMS,2039,Chl,stdev,0.0020583607256412506
FKNMS,2040,Chl,mean,0.08568378537893295
FKNMS,2040,Chl,stdev,0.0019307660404592752
FKNMS,2041,Chl,mean,0.08626319468021393
FKNMS,2041,Chl,stdev,0.0019763587042689323
FKNMS,2042,Chl,mean,0.08559578657150269
FKNMS,2042,Chl,stdev,0.001971578923985362
FKNMS,2043,Chl,mean,0.08479885756969452
FKNMS,2043,Chl,stdev,0.0019528791308403015
FKNMS,2044,Chl,mean,0.08742973953485489
FKNMS,2044,Chl,stdev,0.002144372556358576
FKNMS,2045,Chl,mean,0.0868467316031456
FKNMS,2045,Chl,stdev,0.0020255499985069036
FKNMS,2046,Chl,mean,0.08608657121658325
FKNMS,2046,Chl,stdev,0.002061038976535201
FKNMS,2047,Chl,mean,0.08593259751796722
FKNMS,2047,Chl,stdev,0.0019152751192450523
FKNMS,2048,Chl,mean,0.08663724362850189
FKNMS,2048,Chl,stdev,0.0020198593847453594
FKNMS,2049,Chl,mean,0.0859021246433258
FKNMS,2049,Chl,stdev,0.001968697877600789
FKNMS,2050,Chl,mean,0.08624722063541412
FKNMS,2050,Chl,stdev,0.0019414048874750733
FKNMS,2051,Chl,mean,0.08606106042861938
FKNMS,2051,Chl,stdev,0.0020244030747562647
FKNMS,2052,Chl,mean,0.08566341549158096
FKNMS,2052,Chl,stdev,0.001969982171431184
FKNMS,2053,Chl,mean,0.08675336092710495
FKNMS,2053,Chl,stdev,0.0021060192957520485
FKNMS,2054,Chl,mean,0.08506344258785248
FKNMS,2054,Chl,stdev,0.0019752185326069593
FKNMS,2055,Chl,mean,0.08673064410686493
FKNMS,2055,Chl,stdev,0.002047793474048376
FKNMS,2056,Chl,mean,0.08613213151693344
FKNMS,2056,Chl,stdev,0.0020273441914469004
FKNMS,2057,Chl,mean,0.08650970458984375
FKNMS,2057,Chl,stdev,0.0020892140455543995
FKNMS,2058,Chl,mean,0.08517766743898392
FKNMS,2058,Chl,stdev,0.0019682866986840963
FKNMS,2059,Chl,mean,0.08648963272571564
FKNMS,2059,Chl,stdev,0.00207115919329226
FKNMS,2060,Chl,mean,0.0866580605506897
FKNMS,2060,Chl,stdev,0.001966307172551751
FKNMS,2061,Chl,mean,0.08627974987030029
FKNMS,2061,Chl,stdev,0.0020344119984656572
FKNMS,2062,Chl,mean,0.0864705890417099
FKNMS,2062,Chl,stdev,0.002011373406276107
FKNMS,2063,Chl,mean,0.08609731495380402
FKNMS,2063,Chl,stdev,0.001977807143703103
FKNMS,2064,Chl,mean,0.0854455977678299
FKNMS,2064,Chl,stdev,0.002006718423217535
FKNMS,2065,Chl,mean,0.08601142466068268
FKNMS,2065,Chl,stdev,0.0020787937100976706
FKNMS,2066,Chl,mean,0.08574289828538895
FKNMS,2066,Chl,stdev,0.002145005390048027
FKNMS,2067,Chl,mean,0.08555272221565247
FKNMS,2067,Chl,stdev,0.002009208081290126
FKNMS,2068,Chl,mean,0.08631616085767746
FKNMS,2068,Chl,stdev,0.0020239867735654116
FKNMS,2069,Chl,mean,0.08556520938873291
FKNMS,2069,Chl,stdev,0.0021373028866946697
FKNMS,2070,Chl,mean,0.0849754586815834
FKNMS,2070,Chl,stdev,0.002040538936853409
FKNMS,2071,Chl,mean,0.08515530079603195
FKNMS,2071,Chl,stdev,0.0020190367940813303
FKNMS,2072,Chl,mean,0.08541571348905563
FKNMS,2072,Chl,stdev,0.002116833347827196
FKNMS,2073,Chl,mean,0.08451908826828003
FKNMS,2073,Chl,stdev,0.001967393094673753
FKNMS,2074,Chl,mean,0.08436934649944305
FKNMS,2074,Chl,stdev,0.0020033237524330616
FKNMS,2075,Chl,mean,0.08477679640054703
FKNMS,2075,Chl,stdev,0.00210583140142262
FKNMS,2076,Chl,mean,0.08436983823776245
FKNMS,2076,Chl,stdev,0.0019502098439261317
FKNMS,2077,Chl,mean,0.08537894487380981
FKNMS,2077,Chl,stdev,0.00208298210054636
FKNMS,2078,Chl,mean,0.08285574615001678
FKNMS,2078,Chl,stdev,0.001975111896172166
FKNMS,2079,Chl,mean,0.08389604836702347
FKNMS,2079,Chl,stdev,0.001991929952055216
FKNMS,2080,Chl,mean,0.08369656652212143
FKNMS,2080,Chl,stdev,0.002089127665385604
FKNMS,2081,Chl,mean,0.08304385840892792
FKNMS,2081,Chl,stdev,0.0019491061102598906
FKNMS,2082,Chl,mean,0.08324598520994186
FKNMS,2082,Chl,stdev,0.0019172364845871925
FKNMS,2083,Chl,mean,0.08312865346670151
FKNMS,2083,Chl,stdev,0.00210918509401381
FKNMS,2084,Chl,mean,0.08268480747938156
FKNMS,2084,Chl,stdev,0.0019526374526321888
FKNMS,2085,Chl,mean,0.08189914375543594
FKNMS,2085,Chl,stdev,0.0020480381790548563
FKNMS,2086,Chl,mean,0.08063206076622009
FKNMS,2086,Chl,stdev,0.001889189356006682
FKNMS,2087,Chl,mean,0.08199581503868103
FKNMS,2087,Chl,stdev,0.0018638861365616322
FKNMS,2088,Chl,mean,0.08176670968532562
FKNMS,2088,Chl,stdev,0.0018944779876619577
FKNMS,2089,Chl,mean,0.080473393201828
FKNMS,2089,Chl,stdev,0.0017511035548523068
FKNMS,2090,Chl,mean,0.08018691837787628
FKNMS,2090,Chl,stdev,0.0017631971277296543
FKNMS,2091,Chl,mean,0.07898469269275665
FKNMS,2091,Chl,stdev,0.0016792936949059367
FKNMS,2092,Chl,mean,0.08015423268079758
FKNMS,2092,Chl,stdev,0.0017065448919311166
FKNMS,2093,Chl,mean,0.07860489934682846
FKNMS,2093,Chl,stdev,0.001684565912000835
FKNMS,2094,Chl,mean,0.07843707501888275
FKNMS,2094,Chl,stdev,0.00163251010235399
FKNMS,2095,Chl,mean,0.07691550254821777
FKNMS,2095,Chl,stdev,0.0016652290942147374
FKNMS,2096,Chl,mean,0.07603804767131805
FKNMS,2096,Chl,stdev,0.001537462929263711
FKNMS,2097,Chl,mean,0.07665080577135086
FKNMS,2097,Chl,stdev,0.0015574815915897489
FKNMS,2098,Chl,mean,0.07580821216106415
FKNMS,2098,Chl,stdev,0.001639736001379788
FKNMS,2099,Chl,mean,0.0738060250878334
FKNMS,2099,Chl,stdev,0.0015590181574225426
FKNMS,2100,Chl,mean,0.07368095964193344
FKNMS,2100,Chl,stdev,0.0015408885665237904
GFNMS,1990,Chl,mean,0.39592865109443665
GFNMS,1990,Chl,stdev,0.017072979360818863
GFNMS,1991,Chl,mean,0.40358394384384155
GFNMS,1991,Chl,stdev,0.009619166143238544
GFNMS,1992,Chl,mean,0.4269879460334778
GFNMS,1992,Chl,stdev,0.016404807567596436
GFNMS,1993,Chl,mean,0.4279567003250122
GFNMS,1993,Chl,stdev,0.001943649840541184
GFNMS,1994,Chl,mean,0.43947333097457886
GFNMS,1994,Chl,stdev,0.007818249054253101
GFNMS,1995,Chl,mean,0.4789794683456421
GFNMS,1995,Chl,stdev,0.002031800802797079
GFNMS,1996,Chl,mean,0.46869340538978577
GFNMS,1996,Chl,stdev,0.003196846228092909
GFNMS,1997,Chl,mean,0.40846556425094604
GFNMS,1997,Chl,stdev,0.002562648383900523
GFNMS,1998,Chl,mean,0.4019583761692047
GFNMS,1998,Chl,stdev,0.007105819880962372
GFNMS,1999,Chl,mean,0.4210098385810852
GFNMS,1999,Chl,stdev,0.0065719978883862495
GFNMS,2000,Chl,mean,0.43975022435188293
GFNMS,2000,Chl,stdev,0.007562520448118448
GFNMS,2001,Chl,mean,0.38210129737854004
GFNMS,2001,Chl,stdev,0.004847723990678787
GFNMS,2002,Chl,mean,0.3865317702293396
GFNMS,2002,Chl,stdev,0.01072921697050333
GFNMS,2003,Chl,mean,0.42433908581733704
GFNMS,2003,Chl,stdev,0.003073042258620262
GFNMS,2004,Chl,mean,0.4091951847076416
GFNMS,2004,Chl,stdev,0.01016944833099842
GFNMS,2005,Chl,mean,0.4038056433200836
GFNMS,2005,Chl,stdev,0.004215993918478489
GFNMS,2006,Chl,mean,0.4408896267414093
GFNMS,2006,Chl,stdev,0.007603256497532129
GFNMS,2007,Chl,mean,0.43938717246055603
GFNMS,2007,Chl,stdev,0.0024998162407428026
GFNMS,2008,Chl,mean,0.43226584792137146
GFNMS,2008,Chl,stdev,0.02353392355144024
GFNMS,2009,Chl,mean,0.42116501927375793
GFNMS,2009,Chl,stdev,0.005279695615172386
GFNMS,2010,Chl,mean,0.4164332151412964
GFNMS,2010,Chl,stdev,0.006270794663578272
GFNMS,2011,Chl,mean,0.39217641949653625
GFNMS,2011,Chl,stdev,0.008973848074674606
GFNMS,2012,Chl,mean,0.41815298795700073
GFNMS,2012,Chl,stdev,0.015381372533738613
GFNMS,2013,Chl,mean,0.42937976121902466
GFNMS,2013,Chl,stdev,0.012228434905409813
GFNMS,2014,Chl,mean,0.40745776891708374
GFNMS,2014,Chl,stdev,0.012770501896739006
GFNMS,2015,Chl,mean,0.42486661672592163
GFNMS,2015,Chl,stdev,0.0051810345612466335
GFNMS,2016,Chl,mean,0.45439305901527405
GFNMS,2016,Chl,stdev,0.004628834780305624
GFNMS,2017,Chl,mean,0.41011106967926025
GFNMS,2017,Chl,stdev,0.005335927475243807
GFNMS,2018,Chl,mean,0.45054739713668823
GFNMS,2018,Chl,stdev,0.003604662837460637
GFNMS,2019,Chl,mean,0.39382094144821167
GFNMS,2019,Chl,stdev,0.0018887122860178351
GFNMS,2020,Chl,mean,0.39541760087013245
GFNMS,2020,Chl,stdev,0.010485372506082058
GFNMS,2021,Chl,mean,0.43290674686431885
GFNMS,2021,Chl,stdev,0.006631041411310434
GFNMS,2022,Chl,mean,0.41917553544044495
GFNMS,2022,Chl,stdev,0.005758579354733229
GFNMS,2023,Chl,mean,0.47515714168548584
GFNMS,2023,Chl,stdev,0.006844464223831892
GFNMS,2024,Chl,mean,0.41981562972068787
GFNMS,2024,Chl,stdev,0.0055388472974300385
GFNMS,2025,Chl,mean,0.4354739785194397
GFNMS,2025,Chl,stdev,0.008077614940702915
GFNMS,2026,Chl,mean,0.4223068356513977
GFNMS,2026,Chl,stdev,7.418232853524387e-4
GFNMS,2027,Chl,mean,0.4425264000892639
GFNMS,2027,Chl,stdev,0.007162187714129686
GFNMS,2028,Chl,mean,0.4236432611942291
GFNMS,2028,Chl,stdev,0.011804281733930111
GFNMS,2029,Chl,mean,0.41406846046447754
GFNMS,2029,Chl,stdev,0.003605443751439452
GFNMS,2030,Chl,mean,0.4267129898071289
GFNMS,2030,Chl,stdev,0.006775102578103542
GFNMS,2031,Chl,mean,0.4205065667629242
GFNMS,2031,Chl,stdev,0.005956433247774839
GFNMS,2032,Chl,mean,0.43808162212371826
GFNMS,2032,Chl,stdev,0.006445691455155611
GFNMS,2033,Chl,mean,0.4271036386489868
GFNMS,2033,Chl,stdev,0.0019653979688882828
GFNMS,2034,Chl,mean,0.40129148960113525
GFNMS,2034,Chl,stdev,0.004028358496725559
GFNMS,2035,Chl,mean,0.38971632719039917
GFNMS,2035,Chl,stdev,0.0022828674409538507
GFNMS,2036,Chl,mean,0.3767322599887848
GFNMS,2036,Chl,stdev,0.004920818842947483
GFNMS,2037,Chl,mean,0.4176051914691925
GFNMS,2037,Chl,stdev,0.006814614869654179
GFNMS,2038,Chl,mean,0.4372255802154541
GFNMS,2038,Chl,stdev,0.007742421701550484
GFNMS,2039,Chl,mean,0.4011189341545105
GFNMS,2039,Chl,stdev,0.003937028348445892
GFNMS,2040,Chl,mean,0.3956872224807739
GFNMS,2040,Chl,stdev,0.008557844907045364
GFNMS,2041,Chl,mean,0.38010793924331665
GFNMS,2041,Chl,stdev,0.00833176076412201
GFNMS,2042,Chl,mean,0.4436585009098053
GFNMS,2042,Chl,stdev,0.0027706418186426163
GFNMS,2043,Chl,mean,0.42328423261642456
GFNMS,2043,Chl,stdev,0.0025602192617952824
GFNMS,2044,Chl,mean,0.3569865822792053
GFNMS,2044,Chl,stdev,0.0040939063765108585
GFNMS,2045,Chl,mean,0.38866090774536133
GFNMS,2045,Chl,stdev,0.004553060047328472
GFNMS,2046,Chl,mean,0.39068570733070374
GFNMS,2046,Chl,stdev,0.005422206129878759
GFNMS,2047,Chl,mean,0.37953779101371765
GFNMS,2047,Chl,stdev,0.008483529090881348
GFNMS,2048,Chl,mean,0.37801066040992737
GFNMS,2048,Chl,stdev,0.0024289079010486603
GFNMS,2049,Chl,mean,0.38729721307754517
GFNMS,2049,Chl,stdev,0.003356086788699031
GFNMS,2050,Chl,mean,0.40456804633140564
GFNMS,2050,Chl,stdev,0.0050408849492669106
GFNMS,2051,Chl,mean,0.3857317268848419
GFNMS,2051,Chl,stdev,0.009034705348312855
GFNMS,2052,Chl,mean,0.40603107213974
GFNMS,2052,Chl,stdev,0.0024574960116297007
GFNMS,2053,Chl,mean,0.38525593280792236
GFNMS,2053,Chl,stdev,0.005327990744262934
GFNMS,2054,Chl,mean,0.3994081914424896
GFNMS,2054,Chl,stdev,0.005940972361713648
GFNMS,2055,Chl,mean,0.37040814757347107
GFNMS,2055,Chl,stdev,0.0061369966715574265
GFNMS,2056,Chl,mean,0.3761356770992279
GFNMS,2056,Chl,stdev,0.004624704364687204
GFNMS,2057,Chl,mean,0.38210856914520264
GFNMS,2057,Chl,stdev,0.0044469451531767845
GFNMS,2058,Chl,mean,0.41313257813453674
GFNMS,2058,Chl,stdev,0.006893973797559738
GFNMS,2059,Chl,mean,0.38101181387901306
GFNMS,2059,Chl,stdev,0.003453870303928852
GFNMS,2060,Chl,mean,0.3752325773239136
GFNMS,2060,Chl,stdev,0.006913329008966684
GFNMS,2061,Chl,mean,0.3616504669189453
GFNMS,2061,Chl,stdev,0.006914212834089994
GFNMS,2062,Chl,mean,0.3607134222984314
GFNMS,2062,Chl,stdev,0.0058805691078305244
GFNMS,2063,Chl,mean,0.3580721616744995
GFNMS,2063,Chl,stdev,0.003101785434409976
GFNMS,2064,Chl,mean,0.38087594509124756
GFNMS,2064,Chl,stdev,0.004914822522550821
GFNMS,2065,Chl,mean,0.3732750713825226
GFNMS,2065,Chl,stdev,0.005780288949608803
GFNMS,2066,Chl,mean,0.344543993473053
GFNMS,2066,Chl,stdev,0.003829708555713296
GFNMS,2067,Chl,mean,0.33848854899406433
GFNMS,2067,Chl,stdev,0.003650648519396782
GFNMS,2068,Chl,mean,0.3425236642360687
GFNMS,2068,Chl,stdev,0.0062631480395793915
GFNMS,2069,Chl,mean,0.3640599846839905
GFNMS,2069,Chl,stdev,0.0040825409814715385
GFNMS,2070,Chl,mean,0.37047648429870605
GFNMS,2070,Chl,stdev,0.0015899050049483776
GFNMS,2071,Chl,mean,0.34772613644599915
GFNMS,2071,Chl,stdev,0.0038272221572697163
GFNMS,2072,Chl,mean,0.3473464250564575
GFNMS,2072,Chl,stdev,0.006193920969963074
GFNMS,2073,Chl,mean,0.3598809242248535
GFNMS,2073,Chl,stdev,0.010471529327332973
GFNMS,2074,Chl,mean,0.34034913778305054
GFNMS,2074,Chl,stdev,0.004237404093146324
GFNMS,2075,Chl,mean,0.32073989510536194
GFNMS,2075,Chl,stdev,0.0035022583324462175
GFNMS,2076,Chl,mean,0.3511822521686554
GFNMS,2076,Chl,stdev,0.006562691181898117
GFNMS,2077,Chl,mean,0.347368061542511
GFNMS,2077,Chl,stdev,0.003760077292099595
GFNMS,2078,Chl,mean,0.3459565043449402
GFNMS,2078,Chl,stdev,0.0038892063312232494
GFNMS,2079,Chl,mean,0.3398979604244232
GFNMS,2079,Chl,stdev,0.006622773595154285
GFNMS,2080,Chl,mean,0.33343303203582764
GFNMS,2080,Chl,stdev,0.004997333511710167
GFNMS,2081,Chl,mean,0.3422067165374756
GFNMS,2081,Chl,stdev,0.006810384802520275
GFNMS,2082,Chl,mean,0.2938588261604309
GFNMS,2082,Chl,stdev,0.0032348146196454763
GFNMS,2083,Chl,mean,0.3175431191921234
GFNMS,2083,Chl,stdev,0.0036363028921186924
GFNMS,2084,Chl,mean,0.32324784994125366
GFNMS,2084,Chl,stdev,0.00723816454410553
GFNMS,2085,Chl,mean,0.3037126064300537
GFNMS,2085,Chl,stdev,0.00553958211094141
GFNMS,2086,Chl,mean,0.3372156322002411
GFNMS,2086,Chl,stdev,0.004698770120739937
GFNMS,2087,Chl,mean,0.3226375877857208
GFNMS,2087,Chl,stdev,0.0033255494199693203
GFNMS,2088,Chl,mean,0.3324478268623352
GFNMS,2088,Chl,stdev,0.0033891876228153706
GFNMS,2089,Chl,mean,0.32582738995552063
GFNMS,2089,Chl,stdev,0.01151377521455288
GFNMS,2090,Chl,mean,0.3222808837890625
GFNMS,2090,Chl,stdev,0.004095444921404123
GFNMS,2091,Chl,mean,0.31184011697769165
GFNMS,2091,Chl,stdev,0.00233820709399879
GFNMS,2092,Chl,mean,0.3183402121067047
GFNMS,2092,Chl,stdev,0.002961457474157214
GFNMS,2093,Chl,mean,0.3198174238204956
GFNMS,2093,Chl,stdev,0.005594204645603895
GFNMS,2094,Chl,mean,0.30897244811058044
GFNMS,2094,Chl,stdev,0.005514523480087519
GFNMS,2095,Chl,mean,0.31292983889579773
GFNMS,2095,Chl,stdev,0.004553912207484245
GFNMS,2096,Chl,mean,0.30544179677963257
GFNMS,2096,Chl,stdev,0.003284602425992489
GFNMS,2097,Chl,mean,0.30106183886528015
GFNMS,2097,Chl,stdev,0.006638290826231241
GFNMS,2098,Chl,mean,0.28574877977371216
GFNMS,2098,Chl,stdev,0.007390783634036779
GFNMS,2099,Chl,mean,0.3187699317932129
GFNMS,2099,Chl,stdev,0.004658867605030537
GFNMS,2100,Chl,mean,0.2809537947177887
GFNMS,2100,Chl,stdev,0.0035386127419769764
GRNMS,1990,Chl,mean,0.14468751847743988
GRNMS,1990,Chl,stdev,0
GRNMS,1991,Chl,mean,0.14211957156658173
GRNMS,1991,Chl,stdev,0
GRNMS,1992,Chl,mean,0.14781691133975983
GRNMS,1992,Chl,stdev,0
GRNMS,1993,Chl,mean,0.1447572261095047
GRNMS,1993,Chl,stdev,0
GRNMS,1994,Chl,mean,0.1446884572505951
GRNMS,1994,Chl,stdev,0
GRNMS,1995,Chl,mean,0.14392954111099243
GRNMS,1995,Chl,stdev,0
GRNMS,1996,Chl,mean,0.14162816107273102
GRNMS,1996,Chl,stdev,0
GRNMS,1997,Chl,mean,0.14166221022605896
GRNMS,1997,Chl,stdev,0
GRNMS,1998,Chl,mean,0.14351707696914673
GRNMS,1998,Chl,stdev,0
GRNMS,1999,Chl,mean,0.1389496624469757
GRNMS,1999,Chl,stdev,0
GRNMS,2000,Chl,mean,0.1394236981868744
GRNMS,2000,Chl,stdev,0
GRNMS,2001,Chl,mean,0.1407802402973175
GRNMS,2001,Chl,stdev,0
GRNMS,2002,Chl,mean,0.13817115128040314
GRNMS,2002,Chl,stdev,0
GRNMS,2003,Chl,mean,0.13950560986995697
GRNMS,2003,Chl,stdev,0
GRNMS,2004,Chl,mean,0.13885842263698578
GRNMS,2004,Chl,stdev,0
GRNMS,2005,Chl,mean,0.14105458557605743
GRNMS,2005,Chl,stdev,0
GRNMS,2006,Chl,mean,0.13773906230926514
GRNMS,2006,Chl,stdev,0
GRNMS,2007,Chl,mean,0.1387052685022354
GRNMS,2007,Chl,stdev,0
GRNMS,2008,Chl,mean,0.13804270327091217
GRNMS,2008,Chl,stdev,0
GRNMS,2009,Chl,mean,0.1379297822713852
GRNMS,2009,Chl,stdev,0
GRNMS,2010,Chl,mean,0.1398356407880783
GRNMS,2010,Chl,stdev,0
GRNMS,2011,Chl,mean,0.13867396116256714
GRNMS,2011,Chl,stdev,0
GRNMS,2012,Chl,mean,0.13797956705093384
GRNMS,2012,Chl,stdev,0
GRNMS,2013,Chl,mean,0.13648052513599396
GRNMS,2013,Chl,stdev,0
GRNMS,2014,Chl,mean,0.13704679906368256
GRNMS,2014,Chl,stdev,0
GRNMS,2015,Chl,mean,0.1359078288078308
GRNMS,2015,Chl,stdev,0
GRNMS,2016,Chl,mean,0.13663552701473236
GRNMS,2016,Chl,stdev,0
GRNMS,2017,Chl,mean,0.13730432093143463
GRNMS,2017,Chl,stdev,0
GRNMS,2018,Chl,mean,0.1349557340145111
GRNMS,2018,Chl,stdev,0
GRNMS,2019,Chl,mean,0.1376502960920334
GRNMS,2019,Chl,stdev,0
GRNMS,2020,Chl,mean,0.13679161667823792
GRNMS,2020,Chl,stdev,0
GRNMS,2021,Chl,mean,0.13595816493034363
GRNMS,2021,Chl,stdev,0
GRNMS,2022,Chl,mean,0.1366932988166809
GRNMS,2022,Chl,stdev,0
GRNMS,2023,Chl,mean,0.13506834208965302
GRNMS,2023,Chl,stdev,0
GRNMS,2024,Chl,mean,0.1386142522096634
GRNMS,2024,Chl,stdev,0
GRNMS,2025,Chl,mean,0.13976584374904633
GRNMS,2025,Chl,stdev,0
GRNMS,2026,Chl,mean,0.1368941217660904
GRNMS,2026,Chl,stdev,0
GRNMS,2027,Chl,mean,0.13753479719161987
GRNMS,2027,Chl,stdev,0
GRNMS,2028,Chl,mean,0.13994069397449493
GRNMS,2028,Chl,stdev,0
GRNMS,2029,Chl,mean,0.13884559273719788
GRNMS,2029,Chl,stdev,0
GRNMS,2030,Chl,mean,0.1379440277814865
GRNMS,2030,Chl,stdev,0
GRNMS,2031,Chl,mean,0.13618355989456177
GRNMS,2031,Chl,stdev,0
GRNMS,2032,Chl,mean,0.13546103239059448
GRNMS,2032,Chl,stdev,0
GRNMS,2033,Chl,mean,0.13465610146522522
GRNMS,2033,Chl,stdev,0
GRNMS,2034,Chl,mean,0.13737741112709045
GRNMS,2034,Chl,stdev,0
GRNMS,2035,Chl,mean,0.134248748421669
GRNMS,2035,Chl,stdev,0
GRNMS,2036,Chl,mean,0.13387516140937805
GRNMS,2036,Chl,stdev,0
GRNMS,2037,Chl,mean,0.13411714136600494
GRNMS,2037,Chl,stdev,0
GRNMS,2038,Chl,mean,0.13521850109100342
GRNMS,2038,Chl,stdev,0
GRNMS,2039,Chl,mean,0.1349010169506073
GRNMS,2039,Chl,stdev,0
GRNMS,2040,Chl,mean,0.13625478744506836
GRNMS,2040,Chl,stdev,0
GRNMS,2041,Chl,mean,0.13601000607013702
GRNMS,2041,Chl,stdev,0
GRNMS,2042,Chl,mean,0.133836567401886
GRNMS,2042,Chl,stdev,0
GRNMS,2043,Chl,mean,0.13537117838859558
GRNMS,2043,Chl,stdev,0
GRNMS,2044,Chl,mean,0.13818585872650146
GRNMS,2044,Chl,stdev,0
GRNMS,2045,Chl,mean,0.1367010921239853
GRNMS,2045,Chl,stdev,0
GRNMS,2046,Chl,mean,0.13591094315052032
GRNMS,2046,Chl,stdev,0
GRNMS,2047,Chl,mean,0.13450631499290466
GRNMS,2047,Chl,stdev,0
GRNMS,2048,Chl,mean,0.13633503019809723
GRNMS,2048,Chl,stdev,0
GRNMS,2049,Chl,mean,0.13542862236499786
GRNMS,2049,Chl,stdev,0
GRNMS,2050,Chl,mean,0.13596154749393463
GRNMS,2050,Chl,stdev,0
GRNMS,2051,Chl,mean,0.136055588722229
GRNMS,2051,Chl,stdev,0
GRNMS,2052,Chl,mean,0.13539360463619232
GRNMS,2052,Chl,stdev,0
GRNMS,2053,Chl,mean,0.13720250129699707
GRNMS,2053,Chl,stdev,0
GRNMS,2054,Chl,mean,0.13573643565177917
GRNMS,2054,Chl,stdev,0
GRNMS,2055,Chl,mean,0.13938942551612854
GRNMS,2055,Chl,stdev,0
GRNMS,2056,Chl,mean,0.1364448219537735
GRNMS,2056,Chl,stdev,0
GRNMS,2057,Chl,mean,0.13815456628799438
GRNMS,2057,Chl,stdev,0
GRNMS,2058,Chl,mean,0.13608169555664062
GRNMS,2058,Chl,stdev,0
GRNMS,2059,Chl,mean,0.1362554132938385
GRNMS,2059,Chl,stdev,0
GRNMS,2060,Chl,mean,0.134990394115448
GRNMS,2060,Chl,stdev,0
GRNMS,2061,Chl,mean,0.13771086931228638
GRNMS,2061,Chl,stdev,0
GRNMS,2062,Chl,mean,0.13532975316047668
GRNMS,2062,Chl,stdev,0
GRNMS,2063,Chl,mean,0.13537827134132385
GRNMS,2063,Chl,stdev,0
GRNMS,2064,Chl,mean,0.13445572555065155
GRNMS,2064,Chl,stdev,0
GRNMS,2065,Chl,mean,0.13419052958488464
GRNMS,2065,Chl,stdev,0
GRNMS,2066,Chl,mean,0.137012779712677
GRNMS,2066,Chl,stdev,0
GRNMS,2067,Chl,mean,0.13629399240016937
GRNMS,2067,Chl,stdev,0
GRNMS,2068,Chl,mean,0.13716521859169006
GRNMS,2068,Chl,stdev,0
GRNMS,2069,Chl,mean,0.1364566534757614
GRNMS,2069,Chl,stdev,0
GRNMS,2070,Chl,mean,0.1315193623304367
GRNMS,2070,Chl,stdev,0
GRNMS,2071,Chl,mean,0.13370226323604584
GRNMS,2071,Chl,stdev,0
GRNMS,2072,Chl,mean,0.13649611175060272
GRNMS,2072,Chl,stdev,0
GRNMS,2073,Chl,mean,0.13254998624324799
GRNMS,2073,Chl,stdev,0
GRNMS,2074,Chl,mean,0.13453082740306854
GRNMS,2074,Chl,stdev,0
GRNMS,2075,Chl,mean,0.13706836104393005
GRNMS,2075,Chl,stdev,0
GRNMS,2076,Chl,mean,0.13265468180179596
GRNMS,2076,Chl,stdev,0
GRNMS,2077,Chl,mean,0.13499657809734344
GRNMS,2077,Chl,stdev,0
GRNMS,2078,Chl,mean,0.1287504881620407
GRNMS,2078,Chl,stdev,0
GRNMS,2079,Chl,mean,0.13513676822185516
GRNMS,2079,Chl,stdev,0
GRNMS,2080,Chl,mean,0.13919426500797272
GRNMS,2080,Chl,stdev,0
GRNMS,2081,Chl,mean,0.1319725066423416
GRNMS,2081,Chl,stdev,0
GRNMS,2082,Chl,mean,0.13341207802295685
GRNMS,2082,Chl,stdev,0
GRNMS,2083,Chl,mean,0.13804017007350922
GRNMS,2083,Chl,stdev,0
GRNMS,2084,Chl,mean,0.13194821774959564
GRNMS,2084,Chl,stdev,0
GRNMS,2085,Chl,mean,0.13571441173553467
GRNMS,2085,Chl,stdev,0
GRNMS,2086,Chl,mean,0.13089485466480255
GRNMS,2086,Chl,stdev,0
GRNMS,2087,Chl,mean,0.13424906134605408
GRNMS,2087,Chl,stdev,0
GRNMS,2088,Chl,mean,0.13794031739234924
GRNMS,2088,Chl,stdev,0
GRNMS,2089,Chl,mean,0.13077741861343384
GRNMS,2089,Chl,stdev,0
GRNMS,2090,Chl,mean,0.13127967715263367
GRNMS,2090,Chl,stdev,0
GRNMS,2091,Chl,mean,0.13218335807323456
GRNMS,2091,Chl,stdev,0
GRNMS,2092,Chl,mean,0.13440215587615967
GRNMS,2092,Chl,stdev,0
GRNMS,2093,Chl,mean,0.13264158368110657
GRNMS,2093,Chl,stdev,0
GRNMS,2094,Chl,mean,0.13077878952026367
GRNMS,2094,Chl,stdev,0
GRNMS,2095,Chl,mean,0.1302245557308197
GRNMS,2095,Chl,stdev,0
GRNMS,2096,Chl,mean,0.12880876660346985
GRNMS,2096,Chl,stdev,0
GRNMS,2097,Chl,mean,0.13122962415218353
GRNMS,2097,Chl,stdev,0
GRNMS,2098,Chl,mean,0.13221561908721924
GRNMS,2098,Chl,stdev,0
GRNMS,2099,Chl,mean,0.1294434666633606
GRNMS,2099,Chl,stdev,0
GRNMS,2100,Chl,mean,0.1295354664325714
GRNMS,2100,Chl,stdev,0
HIHWNMS,1990,Chl,mean,0.0730544775724411
HIHWNMS,1990,Chl,stdev,4.834776045754552e-4
HIHWNMS,1991,Chl,mean,0.0734221488237381
HIHWNMS,1991,Chl,stdev,6.615964230149984e-4
HIHWNMS,1992,Chl,mean,0.07321290671825409
HIHWNMS,1992,Chl,stdev,6.301876273937523e-4
HIHWNMS,1993,Chl,mean,0.0734034925699234
HIHWNMS,1993,Chl,stdev,6.689049769192934e-4
HIHWNMS,1994,Chl,mean,0.07285059243440628
HIHWNMS,1994,Chl,stdev,6.060524028725922e-4
HIHWNMS,1995,Chl,mean,0.07280100136995316
HIHWNMS,1995,Chl,stdev,5.782925290986896e-4
HIHWNMS,1996,Chl,mean,0.07084663212299347
HIHWNMS,1996,Chl,stdev,0.00058199052000418305
HIHWNMS,1997,Chl,mean,0.07176661491394043
HIHWNMS,1997,Chl,stdev,4.913458833470941e-4
HIHWNMS,1998,Chl,mean,0.07211979478597641
HIHWNMS,1998,Chl,stdev,5.458499072119594e-4
HIHWNMS,1999,Chl,mean,0.07154128700494766
HIHWNMS,1999,Chl,stdev,6.100727478042245e-4
HIHWNMS,2000,Chl,mean,0.07237282395362854
HIHWNMS,2000,Chl,stdev,5.341999931260943e-4
HIHWNMS,2001,Chl,mean,0.06994275748729706
HIHWNMS,2001,Chl,stdev,4.7498857020400465e-4
HIHWNMS,2002,Chl,mean,0.07195305079221725
HIHWNMS,2002,Chl,stdev,5.659640883095562e-4
HIHWNMS,2003,Chl,mean,0.07186269760131836
HIHWNMS,2003,Chl,stdev,5.513748619705439e-4
HIHWNMS,2004,Chl,mean,0.07171379029750824
HIHWNMS,2004,Chl,stdev,5.835716729052365e-4
HIHWNMS,2005,Chl,mean,0.07280997931957245
HIHWNMS,2005,Chl,stdev,4.5006300206296146e-4
HIHWNMS,2006,Chl,mean,0.07247953116893768
HIHWNMS,2006,Chl,stdev,5.272999405860901e-4
HIHWNMS,2007,Chl,mean,0.07149069011211395
HIHWNMS,2007,Chl,stdev,5.454323254525661e-4
HIHWNMS,2008,Chl,mean,0.07182347029447556
HIHWNMS,2008,Chl,stdev,5.119606503285468e-4
HIHWNMS,2009,Chl,mean,0.07095485925674438
HIHWNMS,2009,Chl,stdev,5.08888449985534e-4
HIHWNMS,2010,Chl,mean,0.0719999447464943
HIHWNMS,2010,Chl,stdev,5.038228700868785e-4
HIHWNMS,2011,Chl,mean,0.07212001830339432
HIHWNMS,2011,Chl,stdev,5.266203079372644e-4
HIHWNMS,2012,Chl,mean,0.07097645848989487
HIHWNMS,2012,Chl,stdev,5.410568555817008e-4
HIHWNMS,2013,Chl,mean,0.07095781713724136
HIHWNMS,2013,Chl,stdev,5.252724513411522e-4
HIHWNMS,2014,Chl,mean,0.07322265952825546
HIHWNMS,2014,Chl,stdev,4.524897667579353e-4
HIHWNMS,2015,Chl,mean,0.0717957392334938
HIHWNMS,2015,Chl,stdev,5.744000081904233e-4
HIHWNMS,2016,Chl,mean,0.07297411561012268
HIHWNMS,2016,Chl,stdev,5.151366931386292e-4
HIHWNMS,2017,Chl,mean,0.07235638797283173
HIHWNMS,2017,Chl,stdev,4.5595114352181554e-4
HIHWNMS,2018,Chl,mean,0.07185354083776474
HIHWNMS,2018,Chl,stdev,5.537870456464589e-4
HIHWNMS,2019,Chl,mean,0.07155520468950272
HIHWNMS,2019,Chl,stdev,4.808990634046495e-4
HIHWNMS,2020,Chl,mean,0.07287228852510452
HIHWNMS,2020,Chl,stdev,5.918540991842747e-4
HIHWNMS,2021,Chl,mean,0.07218329608440399
HIHWNMS,2021,Chl,stdev,5.660431343130767e-4
HIHWNMS,2022,Chl,mean,0.07176827639341354
HIHWNMS,2022,Chl,stdev,5.102598224766552e-4
HIHWNMS,2023,Chl,mean,0.07172972708940506
HIHWNMS,2023,Chl,stdev,5.884789861738682e-4
HIHWNMS,2024,Chl,mean,0.07271197438240051
HIHWNMS,2024,Chl,stdev,5.126777687110007e-4
HIHWNMS,2025,Chl,mean,0.07268994301557541
HIHWNMS,2025,Chl,stdev,5.111010977998376e-4
HIHWNMS,2026,Chl,mean,0.0713290348649025
HIHWNMS,2026,Chl,stdev,5.235809367150068e-4
HIHWNMS,2027,Chl,mean,0.07210256159305573
HIHWNMS,2027,Chl,stdev,5.405848496593535e-4
HIHWNMS,2028,Chl,mean,0.07199850678443909
HIHWNMS,2028,Chl,stdev,5.237559671513736e-4
HIHWNMS,2029,Chl,mean,0.07183478027582169
HIHWNMS,2029,Chl,stdev,6.176817696541548e-4
HIHWNMS,2030,Chl,mean,0.07255131006240845
HIHWNMS,2030,Chl,stdev,5.385045660659671e-4
HIHWNMS,2031,Chl,mean,0.07195010781288147
HIHWNMS,2031,Chl,stdev,5.6704186135903e-4
HIHWNMS,2032,Chl,mean,0.07175356149673462
HIHWNMS,2032,Chl,stdev,7.012152345851064e-4
HIHWNMS,2033,Chl,mean,0.07188519090414047
HIHWNMS,2033,Chl,stdev,5.137146217748523e-4
HIHWNMS,2034,Chl,mean,0.07192623615264893
HIHWNMS,2034,Chl,stdev,5.747521645389497e-4
HIHWNMS,2035,Chl,mean,0.07193540036678314
HIHWNMS,2035,Chl,stdev,4.890353884547949e-4
HIHWNMS,2036,Chl,mean,0.07199228554964066
HIHWNMS,2036,Chl,stdev,5.656376597471535e-4
HIHWNMS,2037,Chl,mean,0.07186758518218994
HIHWNMS,2037,Chl,stdev,6.490506930276752e-4
HIHWNMS,2038,Chl,mean,0.07103423029184341
HIHWNMS,2038,Chl,stdev,5.747180548496544e-4
HIHWNMS,2039,Chl,mean,0.07276932150125504
HIHWNMS,2039,Chl,stdev,5.167529452592134e-4
HIHWNMS,2040,Chl,mean,0.07189799100160599
HIHWNMS,2040,Chl,stdev,4.6288661542348564e-4
HIHWNMS,2041,Chl,mean,0.07180734723806381
HIHWNMS,2041,Chl,stdev,5.391036393120885e-4
HIHWNMS,2042,Chl,mean,0.07253877818584442
HIHWNMS,2042,Chl,stdev,6.160750635899603e-4
HIHWNMS,2043,Chl,mean,0.07180110365152359
HIHWNMS,2043,Chl,stdev,6.996964220888913e-4
HIHWNMS,2044,Chl,mean,0.071800336241722107
HIHWNMS,2044,Chl,stdev,5.132670048624277e-4
HIHWNMS,2045,Chl,mean,0.07183324545621872
HIHWNMS,2045,Chl,stdev,6.429913337342441e-4
HIHWNMS,2046,Chl,mean,0.07176993042230606
HIHWNMS,2046,Chl,stdev,6.422234000638127e-4
HIHWNMS,2047,Chl,mean,0.07243993878364563
HIHWNMS,2047,Chl,stdev,6.545130163431168e-4
HIHWNMS,2048,Chl,mean,0.07277502864599228
HIHWNMS,2048,Chl,stdev,5.211750394664705e-4
HIHWNMS,2049,Chl,mean,0.07203983515501022
HIHWNMS,2049,Chl,stdev,6.271586171351373e-4
HIHWNMS,2050,Chl,mean,0.07233940809965134
HIHWNMS,2050,Chl,stdev,6.309914169833064e-4
HIHWNMS,2051,Chl,mean,0.07275252789258957
HIHWNMS,2051,Chl,stdev,6.284774281084538e-4
HIHWNMS,2052,Chl,mean,0.07347030937671661
HIHWNMS,2052,Chl,stdev,6.409617490135133e-4
HIHWNMS,2053,Chl,mean,0.07182525843381882
HIHWNMS,2053,Chl,stdev,5.852625472471118e-4
HIHWNMS,2054,Chl,mean,0.07179407775402069
HIHWNMS,2054,Chl,stdev,6.268396391533315e-4
HIHWNMS,2055,Chl,mean,0.07236647605895996
HIHWNMS,2055,Chl,stdev,6.133214919827878e-4
HIHWNMS,2056,Chl,mean,0.0724623054265976
HIHWNMS,2056,Chl,stdev,6.032990058884025e-4
HIHWNMS,2057,Chl,mean,0.07278794795274734
HIHWNMS,2057,Chl,stdev,6.303765112534165e-4
HIHWNMS,2058,Chl,mean,0.07271121442317963
HIHWNMS,2058,Chl,stdev,5.408814758993685e-4
HIHWNMS,2059,Chl,mean,0.07222533226013184
HIHWNMS,2059,Chl,stdev,5.807451670989394e-4
HIHWNMS,2060,Chl,mean,0.07224662601947784
HIHWNMS,2060,Chl,stdev,5.829299334436655e-4
HIHWNMS,2061,Chl,mean,0.07165849953889847
HIHWNMS,2061,Chl,stdev,6.438347627408803e-4
HIHWNMS,2062,Chl,mean,0.07194425910711288
HIHWNMS,2062,Chl,stdev,6.750297616235912e-4
HIHWNMS,2063,Chl,mean,0.07249666750431061
HIHWNMS,2063,Chl,stdev,6.462162709794939e-4
HIHWNMS,2064,Chl,mean,0.07287503033876419
HIHWNMS,2064,Chl,stdev,6.671469891443849e-4
HIHWNMS,2065,Chl,mean,0.07339826971292496
HIHWNMS,2065,Chl,stdev,6.597955944016576e-4
HIHWNMS,2066,Chl,mean,0.07333163172006607
HIHWNMS,2066,Chl,stdev,5.803921958431602e-4
HIHWNMS,2067,Chl,mean,0.07316067069768906
HIHWNMS,2067,Chl,stdev,6.462011369876564e-4
HIHWNMS,2068,Chl,mean,0.07331264019012451
HIHWNMS,2068,Chl,stdev,6.358629907481372e-4
HIHWNMS,2069,Chl,mean,0.07377605140209198
HIHWNMS,2069,Chl,stdev,6.421839934773743e-4
HIHWNMS,2070,Chl,mean,0.07322711497545242
HIHWNMS,2070,Chl,stdev,7.060547359287739e-4
HIHWNMS,2071,Chl,mean,0.07389461994171143
HIHWNMS,2071,Chl,stdev,6.919659208506346e-4
HIHWNMS,2072,Chl,mean,0.07333068549633026
HIHWNMS,2072,Chl,stdev,6.925628404133022e-4
HIHWNMS,2073,Chl,mean,0.07272583991289139
HIHWNMS,2073,Chl,stdev,6.593512953259051e-4
HIHWNMS,2074,Chl,mean,0.0717526227235794
HIHWNMS,2074,Chl,stdev,6.83629245031625e-4
HIHWNMS,2075,Chl,mean,0.07402414828538895
HIHWNMS,2075,Chl,stdev,6.12853851635009e-4
HIHWNMS,2076,Chl,mean,0.07337530702352524
HIHWNMS,2076,Chl,stdev,7.482010987587273e-4
HIHWNMS,2077,Chl,mean,0.07314140349626541
HIHWNMS,2077,Chl,stdev,5.841885576955974e-4
HIHWNMS,2078,Chl,mean,0.07298947125673294
HIHWNMS,2078,Chl,stdev,6.764456047676504e-4
HIHWNMS,2079,Chl,mean,0.0729486271739006
HIHWNMS,2079,Chl,stdev,6.719821831211448e-4
HIHWNMS,2080,Chl,mean,0.07379622757434845
HIHWNMS,2080,Chl,stdev,6.452404195442796e-4
HIHWNMS,2081,Chl,mean,0.07217516005039215
HIHWNMS,2081,Chl,stdev,6.622710498049855e-4
HIHWNMS,2082,Chl,mean,0.07374566793441772
HIHWNMS,2082,Chl,stdev,6.803692085668445e-4
HIHWNMS,2083,Chl,mean,0.07363665103912354
HIHWNMS,2083,Chl,stdev,6.792101776227355e-4
HIHWNMS,2084,Chl,mean,0.07348347455263138
HIHWNMS,2084,Chl,stdev,6.562518537975848e-4
HIHWNMS,2085,Chl,mean,0.07363147288560867
HIHWNMS,2085,Chl,stdev,6.724772392772138e-4
HIHWNMS,2086,Chl,mean,0.07439622282981873
HIHWNMS,2086,Chl,stdev,6.885505863465369e-4
HIHWNMS,2087,Chl,mean,0.07456745952367783
HIHWNMS,2087,Chl,stdev,7.212150376290083e-4
HIHWNMS,2088,Chl,mean,0.07298389822244644
HIHWNMS,2088,Chl,stdev,7.321954471990466e-4
HIHWNMS,2089,Chl,mean,0.07265085726976395
HIHWNMS,2089,Chl,stdev,6.918377475813031e-4
HIHWNMS,2090,Chl,mean,0.07302657514810562
HIHWNMS,2090,Chl,stdev,6.566186784766614e-4
HIHWNMS,2091,Chl,mean,0.07264132052659988
HIHWNMS,2091,Chl,stdev,7.189964526332915e-4
HIHWNMS,2092,Chl,mean,0.07299256324768066
HIHWNMS,2092,Chl,stdev,6.71002606395632e-4
HIHWNMS,2093,Chl,mean,0.07352329045534134
HIHWNMS,2093,Chl,stdev,6.553807761520147e-4
HIHWNMS,2094,Chl,mean,0.07359131425619125
HIHWNMS,2094,Chl,stdev,5.968323675915599e-4
HIHWNMS,2095,Chl,mean,0.07432425767183304
HIHWNMS,2095,Chl,stdev,7.222957210615277e-4
HIHWNMS,2096,Chl,mean,0.07337641716003418
HIHWNMS,2096,Chl,stdev,6.67566666379571e-4
HIHWNMS,2097,Chl,mean,0.07459216564893723
HIHWNMS,2097,Chl,stdev,7.232437492348254e-4
HIHWNMS,2098,Chl,mean,0.07313786447048187
HIHWNMS,2098,Chl,stdev,6.30387628916651e-4
HIHWNMS,2099,Chl,mean,0.07384287565946579
HIHWNMS,2099,Chl,stdev,6.510799285024405e-4
HIHWNMS,2100,Chl,mean,0.07452413439750671
HIHWNMS,2100,Chl,stdev,6.289149750955403e-4
MBNMS,1990,Chl,mean,0.2616109848022461
MBNMS,1990,Chl,stdev,0.04831772670149803
MBNMS,1991,Chl,mean,0.2798925042152405
MBNMS,1991,Chl,stdev,0.0474109910428524
MBNMS,1992,Chl,mean,0.28948214650154114
MBNMS,1992,Chl,stdev,0.04891844093799591
MBNMS,1993,Chl,mean,0.300453245639801
MBNMS,1993,Chl,stdev,0.05395347252488136
MBNMS,1994,Chl,mean,0.2942211627960205
MBNMS,1994,Chl,stdev,0.055682919919490814
MBNMS,1995,Chl,mean,0.31875941157341003
MBNMS,1995,Chl,stdev,0.06645195931196213
MBNMS,1996,Chl,mean,0.3217512369155884
MBNMS,1996,Chl,stdev,0.06005588546395302
MBNMS,1997,Chl,mean,0.2811765968799591
MBNMS,1997,Chl,stdev,0.054266899824142456
MBNMS,1998,Chl,mean,0.26878559589385986
MBNMS,1998,Chl,stdev,0.05121103674173355
MBNMS,1999,Chl,mean,0.2836778163909912
MBNMS,1999,Chl,stdev,0.05498899519443512
MBNMS,2000,Chl,mean,0.2936849594116211
MBNMS,2000,Chl,stdev,0.056267112493515015
MBNMS,2001,Chl,mean,0.2667860984802246
MBNMS,2001,Chl,stdev,0.04490581899881363
MBNMS,2002,Chl,mean,0.25496596097946167
MBNMS,2002,Chl,stdev,0.04763851687312126
MBNMS,2003,Chl,mean,0.2908169627189636
MBNMS,2003,Chl,stdev,0.053987834602594376
MBNMS,2004,Chl,mean,0.281981885433197
MBNMS,2004,Chl,stdev,0.04662752524018288
MBNMS,2005,Chl,mean,0.2763592302799225
MBNMS,2005,Chl,stdev,0.05114591866731644
MBNMS,2006,Chl,mean,0.2943482995033264
MBNMS,2006,Chl,stdev,0.05728624016046524
MBNMS,2007,Chl,mean,0.31002935767173767
MBNMS,2007,Chl,stdev,0.053263116627931595
MBNMS,2008,Chl,mean,0.2768397331237793
MBNMS,2008,Chl,stdev,0.052357543259859085
MBNMS,2009,Chl,mean,0.2968134582042694
MBNMS,2009,Chl,stdev,0.05360961705446243
MBNMS,2010,Chl,mean,0.28331685066223145
MBNMS,2010,Chl,stdev,0.05142882093787193
MBNMS,2011,Chl,mean,0.2629411816596985
MBNMS,2011,Chl,stdev,0.04794597253203392
MBNMS,2012,Chl,mean,0.27632710337638855
MBNMS,2012,Chl,stdev,0.05006387084722519
MBNMS,2013,Chl,mean,0.3073381185531616
MBNMS,2013,Chl,stdev,0.05718584731221199
MBNMS,2014,Chl,mean,0.2769165635108948
MBNMS,2014,Chl,stdev,0.04703298583626747
MBNMS,2015,Chl,mean,0.2902772128582001
MBNMS,2015,Chl,stdev,0.05307122692465782
MBNMS,2016,Chl,mean,0.3050980269908905
MBNMS,2016,Chl,stdev,0.06034191697835922
MBNMS,2017,Chl,mean,0.28259873390197754
MBNMS,2017,Chl,stdev,0.04974329099059105
MBNMS,2018,Chl,mean,0.3141185939311981
MBNMS,2018,Chl,stdev,0.05609402433037758
MBNMS,2019,Chl,mean,0.26475101709365845
MBNMS,2019,Chl,stdev,0.05271684750914574
MBNMS,2020,Chl,mean,0.26680922508239746
MBNMS,2020,Chl,stdev,0.04828369617462158
MBNMS,2021,Chl,mean,0.2924405336380005
MBNMS,2021,Chl,stdev,0.05436796322464943
MBNMS,2022,Chl,mean,0.2834319472312927
MBNMS,2022,Chl,stdev,0.05148322880268097
MBNMS,2023,Chl,mean,0.320742666721344
MBNMS,2023,Chl,stdev,0.060548413544893265
MBNMS,2024,Chl,mean,0.2824788987636566
MBNMS,2024,Chl,stdev,0.05465714633464813
MBNMS,2025,Chl,mean,0.28936538100242615
MBNMS,2025,Chl,stdev,0.05644816905260086
MBNMS,2026,Chl,mean,0.2915937900543213
MBNMS,2026,Chl,stdev,0.05410771816968918
MBNMS,2027,Chl,mean,0.30445390939712524
MBNMS,2027,Chl,stdev,0.05387423560023308
MBNMS,2028,Chl,mean,0.28616735339164734
MBNMS,2028,Chl,stdev,0.04972903057932854
MBNMS,2029,Chl,mean,0.2927003502845764
MBNMS,2029,Chl,stdev,0.04912474751472473
MBNMS,2030,Chl,mean,0.2929346263408661
MBNMS,2030,Chl,stdev,0.05165417492389679
MBNMS,2031,Chl,mean,0.2880827784538269
MBNMS,2031,Chl,stdev,0.05160924419760704
MBNMS,2032,Chl,mean,0.3064044415950775
MBNMS,2032,Chl,stdev,0.056388482451438904
MBNMS,2033,Chl,mean,0.2949911952018738
MBNMS,2033,Chl,stdev,0.05424785986542702
MBNMS,2034,Chl,mean,0.2812148928642273
MBNMS,2034,Chl,stdev,0.04958632215857506
MBNMS,2035,Chl,mean,0.27371156215667725
MBNMS,2035,Chl,stdev,0.0485442690551281
MBNMS,2036,Chl,mean,0.2581181228160858
MBNMS,2036,Chl,stdev,0.04793386161327362
MBNMS,2037,Chl,mean,0.27923381328582764
MBNMS,2037,Chl,stdev,0.053627509623765945
MBNMS,2038,Chl,mean,0.30073291063308716
MBNMS,2038,Chl,stdev,0.05326812341809273
MBNMS,2039,Chl,mean,0.28260907530784607
MBNMS,2039,Chl,stdev,0.04987632855772972
MBNMS,2040,Chl,mean,0.28380969166755676
MBNMS,2040,Chl,stdev,0.05018429085612297
MBNMS,2041,Chl,mean,0.2529982626438141
MBNMS,2041,Chl,stdev,0.04898875579237938
MBNMS,2042,Chl,mean,0.3105412423610687
MBNMS,2042,Chl,stdev,0.055935222655534744
MBNMS,2043,Chl,mean,0.2931523323059082
MBNMS,2043,Chl,stdev,0.053893234580755234
MBNMS,2044,Chl,mean,0.24226488173007965
MBNMS,2044,Chl,stdev,0.045549165457487106
MBNMS,2045,Chl,mean,0.2649705111980438
MBNMS,2045,Chl,stdev,0.049643415957689285
MBNMS,2046,Chl,mean,0.27782148122787476
MBNMS,2046,Chl,stdev,0.04774394631385803
MBNMS,2047,Chl,mean,0.2675125300884247
MBNMS,2047,Chl,stdev,0.05112677440047264
MBNMS,2048,Chl,mean,0.2636423110961914
MBNMS,2048,Chl,stdev,0.04662162810564041
MBNMS,2049,Chl,mean,0.2710452079772949
MBNMS,2049,Chl,stdev,0.04546980932354927
MBNMS,2050,Chl,mean,0.28358474373817444
MBNMS,2050,Chl,stdev,0.047810692340135574
MBNMS,2051,Chl,mean,0.26112785935401917
MBNMS,2051,Chl,stdev,0.04702221602201462
MBNMS,2052,Chl,mean,0.28290072083473206
MBNMS,2052,Chl,stdev,0.05191580578684807
MBNMS,2053,Chl,mean,0.27232784032821655
MBNMS,2053,Chl,stdev,0.043437372893095016
MBNMS,2054,Chl,mean,0.28470897674560547
MBNMS,2054,Chl,stdev,0.04886315017938614
MBNMS,2055,Chl,mean,0.2569175660610199
MBNMS,2055,Chl,stdev,0.041687026619911194
MBNMS,2056,Chl,mean,0.26131486892700195
MBNMS,2056,Chl,stdev,0.04950179159641266
MBNMS,2057,Chl,mean,0.2703332006931305
MBNMS,2057,Chl,stdev,0.04846051707863808
MBNMS,2058,Chl,mean,0.2977791428565979
MBNMS,2058,Chl,stdev,0.05079679563641548
MBNMS,2059,Chl,mean,0.2657078206539154
MBNMS,2059,Chl,stdev,0.04722307249903679
MBNMS,2060,Chl,mean,0.265757292509079
MBNMS,2060,Chl,stdev,0.04880116879940033
MBNMS,2061,Chl,mean,0.25075697898864746
MBNMS,2061,Chl,stdev,0.04276755079627037
MBNMS,2062,Chl,mean,0.2551124691963196
MBNMS,2062,Chl,stdev,0.046705737709999084
MBNMS,2063,Chl,mean,0.24683134257793427
MBNMS,2063,Chl,stdev,0.04643607139587402
MBNMS,2064,Chl,mean,0.2661997377872467
MBNMS,2064,Chl,stdev,0.044919561594724655
MBNMS,2065,Chl,mean,0.2620811462402344
MBNMS,2065,Chl,stdev,0.04854414984583855
MBNMS,2066,Chl,mean,0.2462664544582367
MBNMS,2066,Chl,stdev,0.03793976083397865
MBNMS,2067,Chl,mean,0.23834840953350067
MBNMS,2067,Chl,stdev,0.042280398309230804
MBNMS,2068,Chl,mean,0.2437189370393753
MBNMS,2068,Chl,stdev,0.04398251324892044
MBNMS,2069,Chl,mean,0.2593950033187866
MBNMS,2069,Chl,stdev,0.04325038194656372
MBNMS,2070,Chl,mean,0.2562602460384369
MBNMS,2070,Chl,stdev,0.047353826463222504
MBNMS,2071,Chl,mean,0.24850371479988098
MBNMS,2071,Chl,stdev,0.042471274733543396
MBNMS,2072,Chl,mean,0.24322257936000824
MBNMS,2072,Chl,stdev,0.039045240730047226
MBNMS,2073,Chl,mean,0.26138103008270264
MBNMS,2073,Chl,stdev,0.046007294207811356
MBNMS,2074,Chl,mean,0.24162745475769043
MBNMS,2074,Chl,stdev,0.041524942964315414
MBNMS,2075,Chl,mean,0.22480735182762146
MBNMS,2075,Chl,stdev,0.038976650685071945
MBNMS,2076,Chl,mean,0.2571205198764801
MBNMS,2076,Chl,stdev,0.0403250977396965
MBNMS,2077,Chl,mean,0.24329645931720734
MBNMS,2077,Chl,stdev,0.04454515129327774
MBNMS,2078,Chl,mean,0.24849838018417358
MBNMS,2078,Chl,stdev,0.0400548130273819
MBNMS,2079,Chl,mean,0.24425022304058075
MBNMS,2079,Chl,stdev,0.04256929084658623
MBNMS,2080,Chl,mean,0.22986942529678345
MBNMS,2080,Chl,stdev,0.04040092974901199
MBNMS,2081,Chl,mean,0.24593400955200195
MBNMS,2081,Chl,stdev,0.04293397068977356
MBNMS,2082,Chl,mean,0.21127131581306458
MBNMS,2082,Chl,stdev,0.033268384635448456
MBNMS,2083,Chl,mean,0.22400803864002228
MBNMS,2083,Chl,stdev,0.03693784773349762
MBNMS,2084,Chl,mean,0.23327556252479553
MBNMS,2084,Chl,stdev,0.04077306017279625
MBNMS,2085,Chl,mean,0.20955881476402283
MBNMS,2085,Chl,stdev,0.0365908220410347
MBNMS,2086,Chl,mean,0.24557577073574066
MBNMS,2086,Chl,stdev,0.03977924585342407
MBNMS,2087,Chl,mean,0.23163430392742157
MBNMS,2087,Chl,stdev,0.037695445120334625
MBNMS,2088,Chl,mean,0.2403847873210907
MBNMS,2088,Chl,stdev,0.037470750510692596
MBNMS,2089,Chl,mean,0.23655784130096436
MBNMS,2089,Chl,stdev,0.04383143037557602
MBNMS,2090,Chl,mean,0.23106420040130615
MBNMS,2090,Chl,stdev,0.038474466651678085
MBNMS,2091,Chl,mean,0.22048340737819672
MBNMS,2091,Chl,stdev,0.03671790286898613
MBNMS,2092,Chl,mean,0.22566811740398407
MBNMS,2092,Chl,stdev,0.03817145526409149
MBNMS,2093,Chl,mean,0.22804109752178192
MBNMS,2093,Chl,stdev,0.04024725407361984
MBNMS,2094,Chl,mean,0.2151751071214676
MBNMS,2094,Chl,stdev,0.035885393619537354
MBNMS,2095,Chl,mean,0.21834637224674225
MBNMS,2095,Chl,stdev,0.03760586678981781
MBNMS,2096,Chl,mean,0.22296209633350372
MBNMS,2096,Chl,stdev,0.0352938137948513
MBNMS,2097,Chl,mean,0.21413804590702057
MBNMS,2097,Chl,stdev,0.03224585950374603
MBNMS,2098,Chl,mean,0.2041998952627182
MBNMS,2098,Chl,stdev,0.02931647188961506
MBNMS,2099,Chl,mean,0.23102784156799316
MBNMS,2099,Chl,stdev,0.038198184221982956
MBNMS,2100,Chl,mean,0.2010846585035324
MBNMS,2100,Chl,stdev,0.030554044991731644
MBNMS-david,1990,Chl,mean,0.21474161744117737
MBNMS-david,1990,Chl,stdev,0.008798216469585896
MBNMS-david,1991,Chl,mean,0.2340158075094223
MBNMS-david,1991,Chl,stdev,0.009256318211555481
MBNMS-david,1992,Chl,mean,0.23973703384399414
MBNMS-david,1992,Chl,stdev,0.009412999264895916
MBNMS-david,1993,Chl,mean,0.2483433037996292
MBNMS-david,1993,Chl,stdev,0.009918286465108395
MBNMS-david,1994,Chl,mean,0.23997537791728973
MBNMS-david,1994,Chl,stdev,0.009463077411055565
MBNMS-david,1995,Chl,mean,0.25545790791511536
MBNMS-david,1995,Chl,stdev,0.011696555651724339
MBNMS-david,1996,Chl,mean,0.2624322772026062
MBNMS-david,1996,Chl,stdev,0.009436319582164288
MBNMS-david,1997,Chl,mean,0.22615359723567963
MBNMS-david,1997,Chl,stdev,0.010128572583198547
MBNMS-david,1998,Chl,mean,0.22264926135540009
MBNMS-david,1998,Chl,stdev,0.009183919988572598
MBNMS-david,1999,Chl,mean,0.22715546190738678
MBNMS-david,1999,Chl,stdev,0.010436064563691616
MBNMS-david,2000,Chl,mean,0.24010974168777466
MBNMS-david,2000,Chl,stdev,0.009606879204511642
MBNMS-david,2001,Chl,mean,0.2221924066543579
MBNMS-david,2001,Chl,stdev,0.00807367917150259
MBNMS-david,2002,Chl,mean,0.21240465342998505
MBNMS-david,2002,Chl,stdev,0.007301058620214462
MBNMS-david,2003,Chl,mean,0.24092058837413788
MBNMS-david,2003,Chl,stdev,0.009095441550016403
MBNMS-david,2004,Chl,mean,0.23493802547454834
MBNMS-david,2004,Chl,stdev,0.00793376937508583
MBNMS-david,2005,Chl,mean,0.22764234244823456
MBNMS-david,2005,Chl,stdev,0.00893982220441103
MBNMS-david,2006,Chl,mean,0.24005024135112762
MBNMS-david,2006,Chl,stdev,0.009187739342451096
MBNMS-david,2007,Chl,mean,0.25758087635040283
MBNMS-david,2007,Chl,stdev,0.009756376035511494
MBNMS-david,2008,Chl,mean,0.22969648241996765
MBNMS-david,2008,Chl,stdev,0.009724878706037998
MBNMS-david,2009,Chl,mean,0.24344012141227722
MBNMS-david,2009,Chl,stdev,0.010063155554234982
MBNMS-david,2010,Chl,mean,0.23546503484249115
MBNMS-david,2010,Chl,stdev,0.00754967238754034
MBNMS-david,2011,Chl,mean,0.22043082118034363
MBNMS-david,2011,Chl,stdev,0.007647311314940453
MBNMS-david,2012,Chl,mean,0.2293229103088379
MBNMS-david,2012,Chl,stdev,0.00856937374919653
MBNMS-david,2013,Chl,mean,0.2485947608947754
MBNMS-david,2013,Chl,stdev,0.0103323208168149
MBNMS-david,2014,Chl,mean,0.22912542521953583
MBNMS-david,2014,Chl,stdev,0.008731474168598652
MBNMS-david,2015,Chl,mean,0.23806823790073395
MBNMS-david,2015,Chl,stdev,0.009202573448419571
MBNMS-david,2016,Chl,mean,0.24649186432361603
MBNMS-david,2016,Chl,stdev,0.010660151019692421
MBNMS-david,2017,Chl,mean,0.23590083420276642
MBNMS-david,2017,Chl,stdev,0.008673325181007385
MBNMS-david,2018,Chl,mean,0.2599347233772278
MBNMS-david,2018,Chl,stdev,0.009819877333939075
MBNMS-david,2019,Chl,mean,0.21800950169563293
MBNMS-david,2019,Chl,stdev,0.00827582087367773
MBNMS-david,2020,Chl,mean,0.22180794179439545
MBNMS-david,2020,Chl,stdev,0.008405272848904133
MBNMS-david,2021,Chl,mean,0.24196168780326843
MBNMS-david,2021,Chl,stdev,0.008908324874937534
MBNMS-david,2022,Chl,mean,0.23436933755874634
MBNMS-david,2022,Chl,stdev,0.008825035765767097
MBNMS-david,2023,Chl,mean,0.26083216071128845
MBNMS-david,2023,Chl,stdev,0.0113111212849617
MBNMS-david,2024,Chl,mean,0.232611745595932
MBNMS-david,2024,Chl,stdev,0.008878129534423351
MBNMS-david,2025,Chl,mean,0.23601430654525757
MBNMS-david,2025,Chl,stdev,0.008957834914326668
MBNMS-david,2026,Chl,mean,0.24162077903747559
MBNMS-david,2026,Chl,stdev,0.009307052940130234
MBNMS-david,2027,Chl,mean,0.25176751613616943
MBNMS-david,2027,Chl,stdev,0.009480668231844902
MBNMS-david,2028,Chl,mean,0.23901322484016418
MBNMS-david,2028,Chl,stdev,0.008551147766411304
MBNMS-david,2029,Chl,mean,0.24452359974384308
MBNMS-david,2029,Chl,stdev,0.008610796183347702
MBNMS-david,2030,Chl,mean,0.24143941700458527
MBNMS-david,2030,Chl,stdev,0.008838004432618618
MBNMS-david,2031,Chl,mean,0.23934489488601685
MBNMS-david,2031,Chl,stdev,0.008103694766759872
MBNMS-david,2032,Chl,mean,0.2533033490180969
MBNMS-david,2032,Chl,stdev,0.009284586645662785
MBNMS-david,2033,Chl,mean,0.24251164495944977
MBNMS-david,2033,Chl,stdev,0.009694688953459263
MBNMS-david,2034,Chl,mean,0.23051783442497253
MBNMS-david,2034,Chl,stdev,0.008218279108405113
MBNMS-david,2035,Chl,mean,0.22822073101997375
MBNMS-david,2035,Chl,stdev,0.008516105823218822
MBNMS-david,2036,Chl,mean,0.21275749802589417
MBNMS-david,2036,Chl,stdev,0.008454508148133755
MBNMS-david,2037,Chl,mean,0.2283656746149063
MBNMS-david,2037,Chl,stdev,0.008871103636920452
MBNMS-david,2038,Chl,mean,0.25069549679756165
MBNMS-david,2038,Chl,stdev,0.009864035993814468
MBNMS-david,2039,Chl,mean,0.23429809510707855
MBNMS-david,2039,Chl,stdev,0.008535612374544144
MBNMS-david,2040,Chl,mean,0.23553459346294403
MBNMS-david,2040,Chl,stdev,0.008303629234433174
MBNMS-david,2041,Chl,mean,0.21004289388656616
MBNMS-david,2041,Chl,stdev,0.008419505320489407
MBNMS-david,2042,Chl,mean,0.25914525985717773
MBNMS-david,2042,Chl,stdev,0.009710320271551609
MBNMS-david,2043,Chl,mean,0.24347274005413055
MBNMS-david,2043,Chl,stdev,0.009102906100451946
MBNMS-david,2044,Chl,mean,0.20520927011966705
MBNMS-david,2044,Chl,stdev,0.007123225834220648
MBNMS-david,2045,Chl,mean,0.22112978994846344
MBNMS-david,2045,Chl,stdev,0.008637569844722748
MBNMS-david,2046,Chl,mean,0.23222854733467102
MBNMS-david,2046,Chl,stdev,0.007569128181785345
MBNMS-david,2047,Chl,mean,0.2195957899093628
MBNMS-david,2047,Chl,stdev,0.008995786309242249
MBNMS-david,2048,Chl,mean,0.22172848880290985
MBNMS-david,2048,Chl,stdev,0.00819582398980856
MBNMS-david,2049,Chl,mean,0.22853919863700867
MBNMS-david,2049,Chl,stdev,0.007692558690905571
MBNMS-david,2050,Chl,mean,0.23839253187179565
MBNMS-david,2050,Chl,stdev,0.008624646812677383
MBNMS-david,2051,Chl,mean,0.21972693502902985
MBNMS-david,2051,Chl,stdev,0.007801077328622341
MBNMS-david,2052,Chl,mean,0.23481549322605133
MBNMS-david,2052,Chl,stdev,0.008517032489180565
MBNMS-david,2053,Chl,mean,0.2304791659116745
MBNMS-david,2053,Chl,stdev,0.007942037656903267
MBNMS-david,2054,Chl,mean,0.23673146963119507
MBNMS-david,2054,Chl,stdev,0.006717998534440994
MBNMS-david,2055,Chl,mean,0.21922649443149567
MBNMS-david,2055,Chl,stdev,0.006757387891411781
MBNMS-david,2056,Chl,mean,0.2161991000175476
MBNMS-david,2056,Chl,stdev,0.008109024725854397
MBNMS-david,2057,Chl,mean,0.22643394768238068
MBNMS-david,2057,Chl,stdev,0.00866229459643364
MBNMS-david,2058,Chl,mean,0.24925664067268372
MBNMS-david,2058,Chl,stdev,0.008826968260109425
MBNMS-david,2059,Chl,mean,0.22331953048706055
MBNMS-david,2059,Chl,stdev,0.007295689079910517
MBNMS-david,2060,Chl,mean,0.22179166972637177
MBNMS-david,2060,Chl,stdev,0.008280803449451923
MBNMS-david,2061,Chl,mean,0.20960475504398346
MBNMS-david,2061,Chl,stdev,0.00810463260859251
MBNMS-david,2062,Chl,mean,0.2122003585100174
MBNMS-david,2062,Chl,stdev,0.008281146176159382
MBNMS-david,2063,Chl,mean,0.2054993361234665
MBNMS-david,2063,Chl,stdev,0.007808289024978876
MBNMS-david,2064,Chl,mean,0.22400139272212982
MBNMS-david,2064,Chl,stdev,0.007444518152624369
MBNMS-david,2065,Chl,mean,0.2155219167470932
MBNMS-david,2065,Chl,stdev,0.009258514270186424
MBNMS-david,2066,Chl,mean,0.20867286622524261
MBNMS-david,2066,Chl,stdev,0.006061164196580648
MBNMS-david,2067,Chl,mean,0.19734463095664978
MBNMS-david,2067,Chl,stdev,0.007473645731806755
MBNMS-david,2068,Chl,mean,0.20637750625610352
MBNMS-david,2068,Chl,stdev,0.007498937658965588
MBNMS-david,2069,Chl,mean,0.21843962371349335
MBNMS-david,2069,Chl,stdev,0.0076102809980511665
MBNMS-david,2070,Chl,mean,0.21508203446865082
MBNMS-david,2070,Chl,stdev,0.0074693490751087666
MBNMS-david,2071,Chl,mean,0.21201102435588837
MBNMS-david,2071,Chl,stdev,0.0071470229886472225
MBNMS-david,2072,Chl,mean,0.2086246758699417
MBNMS-david,2072,Chl,stdev,0.005999695975333452
MBNMS-david,2073,Chl,mean,0.2156107872724533
MBNMS-david,2073,Chl,stdev,0.008401745930314064
MBNMS-david,2074,Chl,mean,0.20170366764068604
MBNMS-david,2074,Chl,stdev,0.006922061089426279
MBNMS-david,2075,Chl,mean,0.1900627464056015
MBNMS-david,2075,Chl,stdev,0.006453158333897591
MBNMS-david,2076,Chl,mean,0.21924951672554016
MBNMS-david,2076,Chl,stdev,0.006362393964082003
MBNMS-david,2077,Chl,mean,0.20589086413383484
MBNMS-david,2077,Chl,stdev,0.007621289696544409
MBNMS-david,2078,Chl,mean,0.21212732791900635
MBNMS-david,2078,Chl,stdev,0.006600167602300644
MBNMS-david,2079,Chl,mean,0.2067091315984726
MBNMS-david,2079,Chl,stdev,0.007775123231112957
MBNMS-david,2080,Chl,mean,0.19267253577709198
MBNMS-david,2080,Chl,stdev,0.007472174242138863
MBNMS-david,2081,Chl,mean,0.2066749930381775
MBNMS-david,2081,Chl,stdev,0.007312291767448187
MBNMS-david,2082,Chl,mean,0.17940953373908997
MBNMS-david,2082,Chl,stdev,0.00553128169849515
MBNMS-david,2083,Chl,mean,0.1910932958126068
MBNMS-david,2083,Chl,stdev,0.005340682342648506
MBNMS-david,2084,Chl,mean,0.1943422257900238
MBNMS-david,2084,Chl,stdev,0.006172844674438238
MBNMS-david,2085,Chl,mean,0.17697329819202423
MBNMS-david,2085,Chl,stdev,0.0065843285992741585
MBNMS-david,2086,Chl,mean,0.20970235764980316
MBNMS-david,2086,Chl,stdev,0.0070774671621620655
MBNMS-david,2087,Chl,mean,0.19887825846672058
MBNMS-david,2087,Chl,stdev,0.007132448256015778
MBNMS-david,2088,Chl,mean,0.20264559984207153
MBNMS-david,2088,Chl,stdev,0.007255053147673607
MBNMS-david,2089,Chl,mean,0.19651323556900024
MBNMS-david,2089,Chl,stdev,0.008304494433104992
MBNMS-david,2090,Chl,mean,0.1943100094795227
MBNMS-david,2090,Chl,stdev,0.007392643019556999
MBNMS-david,2091,Chl,mean,0.18831604719161987
MBNMS-david,2091,Chl,stdev,0.0059458720497787
MBNMS-david,2092,Chl,mean,0.18989412486553192
MBNMS-david,2092,Chl,stdev,0.006597892846912146
MBNMS-david,2093,Chl,mean,0.19275636970996857
MBNMS-david,2093,Chl,stdev,0.006466425023972988
MBNMS-david,2094,Chl,mean,0.18283671140670776
MBNMS-david,2094,Chl,stdev,0.006487661506980658
MBNMS-david,2095,Chl,mean,0.18284380435943604
MBNMS-david,2095,Chl,stdev,0.006050138734281063
MBNMS-david,2096,Chl,mean,0.1908334344625473
MBNMS-david,2096,Chl,stdev,0.005931268911808729
MBNMS-david,2097,Chl,mean,0.1823675036430359
MBNMS-david,2097,Chl,stdev,0.005781164858490229
MBNMS-david,2098,Chl,mean,0.17732183635234833
MBNMS-david,2098,Chl,stdev,0.0049938117153942585
MBNMS-david,2099,Chl,mean,0.19611868262290955
MBNMS-david,2099,Chl,stdev,0.006947043817490339
MBNMS-david,2100,Chl,mean,0.17309679090976715
MBNMS-david,2100,Chl,stdev,0.00529665919020772
MBNMS-main,1990,Chl,mean,0.26880839467048645
MBNMS-main,1990,Chl,stdev,0.0478777177631855
MBNMS-main,1991,Chl,mean,0.2869373857975006
MBNMS-main,1991,Chl,stdev,0.04698067530989647
MBNMS-main,1992,Chl,mean,0.29712116718292236
MBNMS-main,1992,Chl,stdev,0.04804927110671997
MBNMS-main,1993,Chl,mean,0.30845555663108826
MBNMS-main,1993,Chl,stdev,0.053498536348342896
MBNMS-main,1994,Chl,mean,0.30255118012428284
MBNMS-main,1994,Chl,stdev,0.055154066532850266
MBNMS-main,1995,Chl,mean,0.3284802734851837
MBNMS-main,1995,Chl,stdev,0.06605670601129532
MBNMS-main,1996,Chl,mean,0.3308604955673218
MBNMS-main,1996,Chl,stdev,0.05936214700341225
MBNMS-main,1997,Chl,mean,0.2896256744861603
MBNMS-main,1997,Chl,stdev,0.05334167927503586
MBNMS-main,1998,Chl,mean,0.27587053179740906
MBNMS-main,1998,Chl,stdev,0.051336996257305145
MBNMS-main,1999,Chl,mean,0.29235708713531494
MBNMS-main,1999,Chl,stdev,0.05390509217977524
MBNMS-main,2000,Chl,mean,0.3019123077392578
MBNMS-main,2000,Chl,stdev,0.05594448000192642
MBNMS-main,2001,Chl,mean,0.2736338973045349
MBNMS-main,2001,Chl,stdev,0.044318102300167084
MBNMS-main,2002,Chl,mean,0.26150214672088623
MBNMS-main,2002,Chl,stdev,0.04784361273050308
MBNMS-main,2003,Chl,mean,0.29847943782806396
MBNMS-main,2003,Chl,stdev,0.053932949900627136
MBNMS-main,2004,Chl,mean,0.28920578956604004
MBNMS-main,2004,Chl,stdev,0.045896418392658234
MBNMS-main,2005,Chl,mean,0.28384023904800415
MBNMS-main,2005,Chl,stdev,0.0508442297577858
MBNMS-main,2006,Chl,mean,0.30268675088882446
MBNMS-main,2006,Chl,stdev,0.057014692574739456
MBNMS-main,2007,Chl,mean,0.3180834650993347
MBNMS-main,2007,Chl,stdev,0.052639685571193695
MBNMS-main,2008,Chl,mean,0.28407958149909973
MBNMS-main,2008,Chl,stdev,0.05248091742396355
MBNMS-main,2009,Chl,mean,0.3050093948841095
MBNMS-main,2009,Chl,stdev,0.05287155136466026
MBNMS-main,2010,Chl,mean,0.2906653583049774
MBNMS-main,2010,Chl,stdev,0.05135083943605423
MBNMS-main,2011,Chl,mean,0.2694695293903351
MBNMS-main,2011,Chl,stdev,0.048196353018283844
MBNMS-main,2012,Chl,mean,0.28354528546333313
MBNMS-main,2012,Chl,stdev,0.04988807812333107
MBNMS-main,2013,Chl,mean,0.3163585364818573
MBNMS-main,2013,Chl,stdev,0.05608057975769043
MBNMS-main,2014,Chl,mean,0.2842550575733185
MBNMS-main,2014,Chl,stdev,0.046213697642087936
MBNMS-main,2015,Chl,mean,0.2982946038246155
MBNMS-main,2015,Chl,stdev,0.0524732768535614
MBNMS-main,2016,Chl,mean,0.3140977919101715
MBNMS-main,2016,Chl,stdev,0.059788838028907776
MBNMS-main,2017,Chl,mean,0.2897699177265167
MBNMS-main,2017,Chl,stdev,0.04956526309251785
MBNMS-main,2018,Chl,mean,0.3224392831325531
MBNMS-main,2018,Chl,stdev,0.05563364177942276
MBNMS-main,2019,Chl,mean,0.27192923426628113
MBNMS-main,2019,Chl,stdev,0.05299510434269905
MBNMS-main,2020,Chl,mean,0.27371978759765625
MBNMS-main,2020,Chl,stdev,0.04816552996635437
MBNMS-main,2021,Chl,mean,0.3001924753189087
MBNMS-main,2021,Chl,stdev,0.05428112670779228
MBNMS-main,2022,Chl,mean,0.29096609354019165
MBNMS-main,2022,Chl,stdev,0.05118000507354736
MBNMS-main,2023,Chl,mean,0.3299426734447479
MBNMS-main,2023,Chl,stdev,0.059782374650239944
MBNMS-main,2024,Chl,mean,0.29013705253601074
MBNMS-main,2024,Chl,stdev,0.05471521615982056
MBNMS-main,2025,Chl,mean,0.2975582480430603
MBNMS-main,2025,Chl,stdev,0.056208763271570206
MBNMS-main,2026,Chl,mean,0.29926806688308716
MBNMS-main,2026,Chl,stdev,0.05405326187610626
MBNMS-main,2027,Chl,mean,0.31254449486732483
MBNMS-main,2027,Chl,stdev,0.05331844091415405
MBNMS-main,2028,Chl,mean,0.29340860247612
MBNMS-main,2028,Chl,stdev,0.04947542026638985
MBNMS-main,2029,Chl,mean,0.30009838938713074
MBNMS-main,2029,Chl,stdev,0.04859522357583046
MBNMS-main,2030,Chl,mean,0.30084219574928284
MBNMS-main,2030,Chl,stdev,0.05095468461513519
MBNMS-main,2031,Chl,mean,0.29556718468666077
MBNMS-main,2031,Chl,stdev,0.05139915645122528
MBNMS-main,2032,Chl,mean,0.31455886363983154
MBNMS-main,2032,Chl,stdev,0.056173454970121384
MBNMS-main,2033,Chl,mean,0.3030502498149872
MBNMS-main,2033,Chl,stdev,0.053783517330884933
MBNMS-main,2034,Chl,mean,0.28899967670440674
MBNMS-main,2034,Chl,stdev,0.048692408949136734
MBNMS-main,2035,Chl,mean,0.28069737553596497
MBNMS-main,2035,Chl,stdev,0.048382699489593506
MBNMS-main,2036,Chl,mean,0.2650839388370514
MBNMS-main,2036,Chl,stdev,0.04769911617040634
MBNMS-main,2037,Chl,mean,0.287045419216156
MBNMS-main,2037,Chl,stdev,0.05336020514369011
MBNMS-main,2038,Chl,mean,0.30841705203056335
MBNMS-main,2038,Chl,stdev,0.05305635184049606
MBNMS-main,2039,Chl,mean,0.2900278866291046
MBNMS-main,2039,Chl,stdev,0.04944923520088196
MBNMS-main,2040,Chl,mean,0.2912229597568512
MBNMS-main,2040,Chl,stdev,0.04981958866119385
MBNMS-main,2041,Chl,mean,0.2595950663089752
MBNMS-main,2041,Chl,stdev,0.04930364340543747
MBNMS-main,2042,Chl,mean,0.318433940410614
MBNMS-main,2042,Chl,stdev,0.05591987818479538
MBNMS-main,2043,Chl,mean,0.30078166723251343
MBNMS-main,2043,Chl,stdev,0.053858909755945206
MBNMS-main,2044,Chl,mean,0.24795594811439514
MBNMS-main,2044,Chl,stdev,0.04628623276948929
MBNMS-main,2045,Chl,mean,0.27170318365097046
MBNMS-main,2045,Chl,stdev,0.04991155117750168
MBNMS-main,2046,Chl,mean,0.2848227918148041
MBNMS-main,2046,Chl,stdev,0.04746248573064804
MBNMS-main,2047,Chl,mean,0.27487078309059143
MBNMS-main,2047,Chl,stdev,0.05095497891306877
MBNMS-main,2048,Chl,mean,0.27007898688316345
MBNMS-main,2048,Chl,stdev,0.04675466567277908
MBNMS-main,2049,Chl,mean,0.2775726914405823
MBNMS-main,2049,Chl,stdev,0.04534325376152992
MBNMS-main,2050,Chl,mean,0.2905247211456299
MBNMS-main,2050,Chl,stdev,0.04757998511195183
MBNMS-main,2051,Chl,mean,0.26748594641685486
MBNMS-main,2051,Chl,stdev,0.04730542004108429
MBNMS-main,2052,Chl,mean,0.2902851104736328
MBNMS-main,2052,Chl,stdev,0.05185181275010109
MBNMS-main,2053,Chl,mean,0.27875420451164246
MBNMS-main,2053,Chl,stdev,0.04309043288230896
MBNMS-main,2054,Chl,mean,0.2920765280723572
MBNMS-main,2054,Chl,stdev,0.04837113246321678
MBNMS-main,2055,Chl,mean,0.2627056837081909
MBNMS-main,2055,Chl,stdev,0.041786786168813705
MBNMS-main,2056,Chl,mean,0.2682434022426605
MBNMS-main,2056,Chl,stdev,0.04956037551164627
MBNMS-main,2057,Chl,mean,0.277074933052063
MBNMS-main,2057,Chl,stdev,0.0485418327152729
MBNMS-main,2058,Chl,mean,0.3052303194999695
MBNMS-main,2058,Chl,stdev,0.05047505348920822
MBNMS-main,2059,Chl,mean,0.2722174823284149
MBNMS-main,2059,Chl,stdev,0.04739366099238396
MBNMS-main,2060,Chl,mean,0.27250900864601135
MBNMS-main,2060,Chl,stdev,0.048933662474155426
MBNMS-main,2061,Chl,mean,0.2570763826370239
MBNMS-main,2061,Chl,stdev,0.042426545172929764
MBNMS-main,2062,Chl,mean,0.2617025077342987
MBNMS-main,2062,Chl,stdev,0.046688713133335114
MBNMS-main,2063,Chl,mean,0.25317877531051636
MBNMS-main,2063,Chl,stdev,0.04664336517453194
MBNMS-main,2064,Chl,mean,0.27267977595329285
MBNMS-main,2064,Chl,stdev,0.04476422071456909
MBNMS-main,2065,Chl,mean,0.26923081278800964
MBNMS-main,2065,Chl,stdev,0.04818132519721985
MBNMS-main,2066,Chl,mean,0.2520393133163452
MBNMS-main,2066,Chl,stdev,0.03747796267271042
MBNMS-main,2067,Chl,mean,0.24464473128318787
MBNMS-main,2067,Chl,stdev,0.04190342500805855
MBNMS-main,2068,Chl,mean,0.24945364892482758
MBNMS-main,2068,Chl,stdev,0.044452305883169174
MBNMS-main,2069,Chl,mean,0.2656843662261963
MBNMS-main,2069,Chl,stdev,0.04303451627492905
MBNMS-main,2070,Chl,mean,0.26258423924446106
MBNMS-main,2070,Chl,stdev,0.047727715224027634
MBNMS-main,2071,Chl,mean,0.25410813093185425
MBNMS-main,2071,Chl,stdev,0.042862266302108765
MBNMS-main,2072,Chl,mean,0.24853578209877014
MBNMS-main,2072,Chl,stdev,0.039257846772670746
MBNMS-main,2073,Chl,mean,0.2684095501899719
MBNMS-main,2073,Chl,stdev,0.04538672789931297
MBNMS-main,2074,Chl,mean,0.2477581650018692
MBNMS-main,2074,Chl,stdev,0.041225582361221313
MBNMS-main,2075,Chl,mean,0.23014302551746368
MBNMS-main,2075,Chl,stdev,0.0391450971364975
MBNMS-main,2076,Chl,mean,0.26293617486953735
MBNMS-main,2076,Chl,stdev,0.04019545018672943
MBNMS-main,2077,Chl,mean,0.24904094636440277
MBNMS-main,2077,Chl,stdev,0.04508146643638611
MBNMS-main,2078,Chl,mean,0.2540837824344635
MBNMS-main,2078,Chl,stdev,0.04012303054332733
MBNMS-main,2079,Chl,mean,0.2500154674053192
MBNMS-main,2079,Chl,stdev,0.04279731959104538
MBNMS-main,2080,Chl,mean,0.23558177053928375
MBNMS-main,2080,Chl,stdev,0.040364984422922134
MBNMS-main,2081,Chl,mean,0.25196290016174316
MBNMS-main,2081,Chl,stdev,0.0429568812251091
MBNMS-main,2082,Chl,mean,0.2161640226840973
MBNMS-main,2082,Chl,stdev,0.033050116151571274
MBNMS-main,2083,Chl,mean,0.2290627658367157
MBNMS-main,2083,Chl,stdev,0.037117768079042435
MBNMS-main,2084,Chl,mean,0.23925435543060303
MBNMS-main,2084,Chl,stdev,0.040540069341659546
MBNMS-main,2085,Chl,mean,0.21456307172775269
MBNMS-main,2085,Chl,stdev,0.03674005717039108
MBNMS-main,2086,Chl,mean,0.2510848343372345
MBNMS-main,2086,Chl,stdev,0.03987281769514084
MBNMS-main,2087,Chl,mean,0.23666459321975708
MBNMS-main,2087,Chl,stdev,0.03796543926000595
MBNMS-main,2088,Chl,mean,0.24617993831634521
MBNMS-main,2088,Chl,stdev,0.03687025606632233
MBNMS-main,2089,Chl,mean,0.24270744621753693
MBNMS-main,2089,Chl,stdev,0.043837279081344604
MBNMS-main,2090,Chl,mean,0.23670819401741028
MBNMS-main,2090,Chl,stdev,0.03821040317416191
MBNMS-main,2091,Chl,mean,0.22542335093021393
MBNMS-main,2091,Chl,stdev,0.03696765750646591
MBNMS-main,2092,Chl,mean,0.2311617136001587
MBNMS-main,2092,Chl,stdev,0.03804650530219078
MBNMS-main,2093,Chl,mean,0.2334599643945694
MBNMS-main,2093,Chl,stdev,0.040518227964639664
MBNMS-main,2094,Chl,mean,0.22014133632183075
MBNMS-main,2094,Chl,stdev,0.035970691591501236
MBNMS-main,2095,Chl,mean,0.22379840910434723
MBNMS-main,2095,Chl,stdev,0.03745101019740105
MBNMS-main,2096,Chl,mean,0.22789591550827026
MBNMS-main,2096,Chl,stdev,0.03533804044127464
MBNMS-main,2097,Chl,mean,0.21901659667491913
MBNMS-main,2097,Chl,stdev,0.03186891973018646
MBNMS-main,2098,Chl,mean,0.20832738280296326
MBNMS-main,2098,Chl,stdev,0.02932065539062023
MBNMS-main,2099,Chl,mean,0.2363886535167694
MBNMS-main,2099,Chl,stdev,0.038209833204746246
MBNMS-main,2100,Chl,mean,0.20538264513015747
MBNMS-main,2100,Chl,stdev,0.03055996634066105
MNMS,1990,Chl,mean,0.12572254240512848
MNMS,1990,Chl,stdev,0
MNMS,1991,Chl,mean,0.12516500055789948
MNMS,1991,Chl,stdev,0
MNMS,1992,Chl,mean,0.12806211411952972
MNMS,1992,Chl,stdev,0
MNMS,1993,Chl,mean,0.12603400647640228
MNMS,1993,Chl,stdev,0
MNMS,1994,Chl,mean,0.12629616260528564
MNMS,1994,Chl,stdev,0
MNMS,1995,Chl,mean,0.12548410892486572
MNMS,1995,Chl,stdev,0
MNMS,1996,Chl,mean,0.12476416677236557
MNMS,1996,Chl,stdev,0
MNMS,1997,Chl,mean,0.12340518087148666
MNMS,1997,Chl,stdev,0
MNMS,1998,Chl,mean,0.12312551587820053
MNMS,1998,Chl,stdev,0
MNMS,1999,Chl,mean,0.12279003858566284
MNMS,1999,Chl,stdev,0
MNMS,2000,Chl,mean,0.12505829334259033
MNMS,2000,Chl,stdev,0
MNMS,2001,Chl,mean,0.12347503751516342
MNMS,2001,Chl,stdev,0
MNMS,2002,Chl,mean,0.12370239198207855
MNMS,2002,Chl,stdev,0
MNMS,2003,Chl,mean,0.12169087678194046
MNMS,2003,Chl,stdev,0
MNMS,2004,Chl,mean,0.12214578688144684
MNMS,2004,Chl,stdev,0
MNMS,2005,Chl,mean,0.1213245764374733
MNMS,2005,Chl,stdev,0
MNMS,2006,Chl,mean,0.12196782976388931
MNMS,2006,Chl,stdev,0
MNMS,2007,Chl,mean,0.11974014341831207
MNMS,2007,Chl,stdev,0
MNMS,2008,Chl,mean,0.11922846734523773
MNMS,2008,Chl,stdev,0
MNMS,2009,Chl,mean,0.12043445557355881
MNMS,2009,Chl,stdev,0
MNMS,2010,Chl,mean,0.12073080986738205
MNMS,2010,Chl,stdev,0
MNMS,2011,Chl,mean,0.12145832926034927
MNMS,2011,Chl,stdev,0
MNMS,2012,Chl,mean,0.1210799291729927
MNMS,2012,Chl,stdev,0
MNMS,2013,Chl,mean,0.1202276349067688
MNMS,2013,Chl,stdev,0
MNMS,2014,Chl,mean,0.12147340923547745
MNMS,2014,Chl,stdev,0
MNMS,2015,Chl,mean,0.12028034031391144
MNMS,2015,Chl,stdev,0
MNMS,2016,Chl,mean,0.12225838750600815
MNMS,2016,Chl,stdev,0
MNMS,2017,Chl,mean,0.12098877876996994
MNMS,2017,Chl,stdev,0
MNMS,2018,Chl,mean,0.12155182659626007
MNMS,2018,Chl,stdev,0
MNMS,2019,Chl,mean,0.1223658099770546
MNMS,2019,Chl,stdev,0
MNMS,2020,Chl,mean,0.12298962473869324
MNMS,2020,Chl,stdev,0
MNMS,2021,Chl,mean,0.12210031598806381
MNMS,2021,Chl,stdev,0
MNMS,2022,Chl,mean,0.12154366821050644
MNMS,2022,Chl,stdev,0
MNMS,2023,Chl,mean,0.12101897597312927
MNMS,2023,Chl,stdev,0
MNMS,2024,Chl,mean,0.12256479263305664
MNMS,2024,Chl,stdev,0
MNMS,2025,Chl,mean,0.12305916100740433
MNMS,2025,Chl,stdev,0
MNMS,2026,Chl,mean,0.12121071666479111
MNMS,2026,Chl,stdev,0
MNMS,2027,Chl,mean,0.12222302705049515
MNMS,2027,Chl,stdev,0
MNMS,2028,Chl,mean,0.12213969230651855
MNMS,2028,Chl,stdev,0
MNMS,2029,Chl,mean,0.12194960564374924
MNMS,2029,Chl,stdev,0
MNMS,2030,Chl,mean,0.12325284630060196
MNMS,2030,Chl,stdev,0
MNMS,2031,Chl,mean,0.12205448001623154
MNMS,2031,Chl,stdev,0
MNMS,2032,Chl,mean,0.12172941863536835
MNMS,2032,Chl,stdev,0
MNMS,2033,Chl,mean,0.12195544689893723
MNMS,2033,Chl,stdev,0
MNMS,2034,Chl,mean,0.12255296856164932
MNMS,2034,Chl,stdev,0
MNMS,2035,Chl,mean,0.12055469304323196
MNMS,2035,Chl,stdev,0
MNMS,2036,Chl,mean,0.11979682743549347
MNMS,2036,Chl,stdev,0
MNMS,2037,Chl,mean,0.11985817551612854
MNMS,2037,Chl,stdev,0
MNMS,2038,Chl,mean,0.1228124126791954
MNMS,2038,Chl,stdev,0
MNMS,2039,Chl,mean,0.12188233435153961
MNMS,2039,Chl,stdev,0
MNMS,2040,Chl,mean,0.12260615080595016
MNMS,2040,Chl,stdev,0
MNMS,2041,Chl,mean,0.1214594841003418
MNMS,2041,Chl,stdev,0
MNMS,2042,Chl,mean,0.12119030952453613
MNMS,2042,Chl,stdev,0
MNMS,2043,Chl,mean,0.12327678501605988
MNMS,2043,Chl,stdev,0
MNMS,2044,Chl,mean,0.12498904019594193
MNMS,2044,Chl,stdev,0
MNMS,2045,Chl,mean,0.1257449984550476
MNMS,2045,Chl,stdev,0
MNMS,2046,Chl,mean,0.12386618554592133
MNMS,2046,Chl,stdev,0
MNMS,2047,Chl,mean,0.12116548418998718
MNMS,2047,Chl,stdev,0
MNMS,2048,Chl,mean,0.12293928116559982
MNMS,2048,Chl,stdev,0
MNMS,2049,Chl,mean,0.12317109853029251
MNMS,2049,Chl,stdev,0
MNMS,2050,Chl,mean,0.12224496901035309
MNMS,2050,Chl,stdev,0
MNMS,2051,Chl,mean,0.12305250018835068
MNMS,2051,Chl,stdev,0
MNMS,2052,Chl,mean,0.12319666147232056
MNMS,2052,Chl,stdev,0
MNMS,2053,Chl,mean,0.12446325272321701
MNMS,2053,Chl,stdev,0
MNMS,2054,Chl,mean,0.12395460903644562
MNMS,2054,Chl,stdev,0
MNMS,2055,Chl,mean,0.1263551414012909
MNMS,2055,Chl,stdev,0
MNMS,2056,Chl,mean,0.1241445317864418
MNMS,2056,Chl,stdev,0
MNMS,2057,Chl,mean,0.12329370528459549
MNMS,2057,Chl,stdev,0
MNMS,2058,Chl,mean,0.12308896332979202
MNMS,2058,Chl,stdev,0
MNMS,2059,Chl,mean,0.12419553846120834
MNMS,2059,Chl,stdev,0
MNMS,2060,Chl,mean,0.12301850318908691
MNMS,2060,Chl,stdev,0
MNMS,2061,Chl,mean,0.12347132712602615
MNMS,2061,Chl,stdev,0
MNMS,2062,Chl,mean,0.12281665205955505
MNMS,2062,Chl,stdev,0
MNMS,2063,Chl,mean,0.12307456880807877
MNMS,2063,Chl,stdev,0
MNMS,2064,Chl,mean,0.12209218740463257
MNMS,2064,Chl,stdev,0
MNMS,2065,Chl,mean,0.12095099687576294
MNMS,2065,Chl,stdev,0
MNMS,2066,Chl,mean,0.12163113802671432
MNMS,2066,Chl,stdev,0
MNMS,2067,Chl,mean,0.1226271316409111
MNMS,2067,Chl,stdev,0
MNMS,2068,Chl,mean,0.124540776014328
MNMS,2068,Chl,stdev,0
MNMS,2069,Chl,mean,0.1232810690999031
MNMS,2069,Chl,stdev,0
MNMS,2070,Chl,mean,0.11736682057380676
MNMS,2070,Chl,stdev,0
MNMS,2071,Chl,mean,0.12236953526735306
MNMS,2071,Chl,stdev,0
MNMS,2072,Chl,mean,0.12113871425390244
MNMS,2072,Chl,stdev,0
MNMS,2073,Chl,mean,0.1156994178891182
MNMS,2073,Chl,stdev,0
MNMS,2074,Chl,mean,0.1202748566865921
MNMS,2074,Chl,stdev,0
MNMS,2075,Chl,mean,0.1209721490740776
MNMS,2075,Chl,stdev,0
MNMS,2076,Chl,mean,0.11671344935894012
MNMS,2076,Chl,stdev,0
MNMS,2077,Chl,mean,0.1214633509516716
MNMS,2077,Chl,stdev,0
MNMS,2078,Chl,mean,0.11294442415237427
MNMS,2078,Chl,stdev,0
MNMS,2079,Chl,mean,0.11842080950737
MNMS,2079,Chl,stdev,0
MNMS,2080,Chl,mean,0.12494731694459915
MNMS,2080,Chl,stdev,0
MNMS,2081,Chl,mean,0.1159377321600914
MNMS,2081,Chl,stdev,0
MNMS,2082,Chl,mean,0.11737612634897232
MNMS,2082,Chl,stdev,0
MNMS,2083,Chl,mean,0.1207355186343193
MNMS,2083,Chl,stdev,0
MNMS,2084,Chl,mean,0.11765393614768982
MNMS,2084,Chl,stdev,0
MNMS,2085,Chl,mean,0.12040625512599945
MNMS,2085,Chl,stdev,0
MNMS,2086,Chl,mean,0.11525311321020126
MNMS,2086,Chl,stdev,0
MNMS,2087,Chl,mean,0.11834133416414261
MNMS,2087,Chl,stdev,0
MNMS,2088,Chl,mean,0.12135776877403259
MNMS,2088,Chl,stdev,0
MNMS,2089,Chl,mean,0.11347075551748276
MNMS,2089,Chl,stdev,0
MNMS,2090,Chl,mean,0.11619775742292404
MNMS,2090,Chl,stdev,0
MNMS,2091,Chl,mean,0.11545722186565399
MNMS,2091,Chl,stdev,0
MNMS,2092,Chl,mean,0.11719125509262085
MNMS,2092,Chl,stdev,0
MNMS,2093,Chl,mean,0.11838380247354507
MNMS,2093,Chl,stdev,0
MNMS,2094,Chl,mean,0.11398226767778397
MNMS,2094,Chl,stdev,0
MNMS,2095,Chl,mean,0.11781849712133408
MNMS,2095,Chl,stdev,0
MNMS,2096,Chl,mean,0.11676809191703796
MNMS,2096,Chl,stdev,0
MNMS,2097,Chl,mean,0.11735530197620392
MNMS,2097,Chl,stdev,0
MNMS,2098,Chl,mean,0.12269289046525955
MNMS,2098,Chl,stdev,0
MNMS,2099,Chl,mean,0.11516254395246506
MNMS,2099,Chl,stdev,0
MNMS,2100,Chl,mean,0.11684064567089081
MNMS,2100,Chl,stdev,0
NMSAS,1990,Chl,mean,0.07414142042398453
NMSAS,1990,Chl,stdev,0.001302102580666542
NMSAS,1991,Chl,mean,0.07286559790372849
NMSAS,1991,Chl,stdev,0.0015858201077207923
NMSAS,1992,Chl,mean,0.07342255115509033
NMSAS,1992,Chl,stdev,0.0015947779174894094
NMSAS,1993,Chl,mean,0.07298962771892548
NMSAS,1993,Chl,stdev,0.00158485840074718
NMSAS,1994,Chl,mean,0.07165895402431488
NMSAS,1994,Chl,stdev,0.0015290932497009635
NMSAS,1995,Chl,mean,0.07313627004623413
NMSAS,1995,Chl,stdev,0.0016004204517230392
NMSAS,1996,Chl,mean,0.07141466438770294
NMSAS,1996,Chl,stdev,0.0014785521198064089
NMSAS,1997,Chl,mean,0.07317189872264862
NMSAS,1997,Chl,stdev,0.0016816732240840793
NMSAS,1998,Chl,mean,0.0725010335445404
NMSAS,1998,Chl,stdev,0.0014303388306871057
NMSAS,1999,Chl,mean,0.07133001834154129
NMSAS,1999,Chl,stdev,0.001745430869050324
NMSAS,2000,Chl,mean,0.07301239669322968
NMSAS,2000,Chl,stdev,0.0017374135786667466
NMSAS,2001,Chl,mean,0.07389608025550842
NMSAS,2001,Chl,stdev,0.0014022710965946317
NMSAS,2002,Chl,mean,0.07360406965017319
NMSAS,2002,Chl,stdev,0.0014312845887616277
NMSAS,2003,Chl,mean,0.07363715022802353
NMSAS,2003,Chl,stdev,0.0015127471415326
NMSAS,2004,Chl,mean,0.07227083295583725
NMSAS,2004,Chl,stdev,0.001577607006765902
NMSAS,2005,Chl,mean,0.07433804124593735
NMSAS,2005,Chl,stdev,0.0014485266292467713
NMSAS,2006,Chl,mean,0.0730355903506279
NMSAS,2006,Chl,stdev,0.001422368222847581
NMSAS,2007,Chl,mean,0.07329057902097702
NMSAS,2007,Chl,stdev,0.0013829604722559452
NMSAS,2008,Chl,mean,0.07279323041439056
NMSAS,2008,Chl,stdev,0.001469733426347375
NMSAS,2009,Chl,mean,0.0725657120347023
NMSAS,2009,Chl,stdev,0.0012847677571699023
NMSAS,2010,Chl,mean,0.07383734732866287
NMSAS,2010,Chl,stdev,0.0016804295592010021
NMSAS,2011,Chl,mean,0.07203395664691925
NMSAS,2011,Chl,stdev,0.0013350460212677717
NMSAS,2012,Chl,mean,0.07439413666725159
NMSAS,2012,Chl,stdev,0.001418642234057188
NMSAS,2013,Chl,mean,0.07270073890686035
NMSAS,2013,Chl,stdev,0.001311279833316803
NMSAS,2014,Chl,mean,0.07452608644962311
NMSAS,2014,Chl,stdev,0.0015272970777004957
NMSAS,2015,Chl,mean,0.07216381281614304
NMSAS,2015,Chl,stdev,0.0013965761754661798
NMSAS,2016,Chl,mean,0.07345353066921234
NMSAS,2016,Chl,stdev,0.001451782532967627
NMSAS,2017,Chl,mean,0.0735904648900032
NMSAS,2017,Chl,stdev,0.0013883212814107537
NMSAS,2018,Chl,mean,0.07056883722543716
NMSAS,2018,Chl,stdev,0.00156108767259866
NMSAS,2019,Chl,mean,0.07447159290313721
NMSAS,2019,Chl,stdev,0.0011598811252042651
NMSAS,2020,Chl,mean,0.07388070225715637
NMSAS,2020,Chl,stdev,0.0013682210119441152
NMSAS,2021,Chl,mean,0.07265166193246841
NMSAS,2021,Chl,stdev,0.0015272850869223475
NMSAS,2022,Chl,mean,0.07242979854345322
NMSAS,2022,Chl,stdev,0.001386974356137216
NMSAS,2023,Chl,mean,0.07093263417482376
NMSAS,2023,Chl,stdev,0.0013222842244431376
NMSAS,2024,Chl,mean,0.07282561808824539
NMSAS,2024,Chl,stdev,0.0011956751113757491
NMSAS,2025,Chl,mean,0.07253808528184891
NMSAS,2025,Chl,stdev,0.0013030044501647353
NMSAS,2026,Chl,mean,0.0717424526810646
NMSAS,2026,Chl,stdev,0.0014293186832219362
NMSAS,2027,Chl,mean,0.07513047754764557
NMSAS,2027,Chl,stdev,0.0013061979552730918
NMSAS,2028,Chl,mean,0.07364965230226517
NMSAS,2028,Chl,stdev,0.0012294580228626728
NMSAS,2029,Chl,mean,0.07411523163318634
NMSAS,2029,Chl,stdev,0.0013480496127158403
NMSAS,2030,Chl,mean,0.07244018465280533
NMSAS,2030,Chl,stdev,0.0012108493829146028
NMSAS,2031,Chl,mean,0.07460439205169678
NMSAS,2031,Chl,stdev,0.0010619958629831672
NMSAS,2032,Chl,mean,0.07384099066257477
NMSAS,2032,Chl,stdev,0.0011527907336130738
NMSAS,2033,Chl,mean,0.073716901242733
NMSAS,2033,Chl,stdev,0.001398379448801279
NMSAS,2034,Chl,mean,0.07202807068824768
NMSAS,2034,Chl,stdev,0.0013016702141612768
NMSAS,2035,Chl,mean,0.07294602692127228
NMSAS,2035,Chl,stdev,0.0011302155908197165
NMSAS,2036,Chl,mean,0.07328996062278748
NMSAS,2036,Chl,stdev,0.0011157547123730183
NMSAS,2037,Chl,mean,0.07447432726621628
NMSAS,2037,Chl,stdev,0.0010986035922542214
NMSAS,2038,Chl,mean,0.07204309105873108
NMSAS,2038,Chl,stdev,0.0012603959767147899
NMSAS,2039,Chl,mean,0.07161412388086319
NMSAS,2039,Chl,stdev,9.850992355495691e-4
NMSAS,2040,Chl,mean,0.07065449655056
NMSAS,2040,Chl,stdev,0.0011146307224407792
NMSAS,2041,Chl,mean,0.07466571033000946
NMSAS,2041,Chl,stdev,0.0011891704052686691
NMSAS,2042,Chl,mean,0.07125044614076614
NMSAS,2042,Chl,stdev,0.0010290791979059577
NMSAS,2043,Chl,mean,0.07243815064430237
NMSAS,2043,Chl,stdev,0.0010167729342356324
NMSAS,2044,Chl,mean,0.07530087232589722
NMSAS,2044,Chl,stdev,9.816099191084504e-4
NMSAS,2045,Chl,mean,0.07191097736358643
NMSAS,2045,Chl,stdev,9.847255423665047e-4
NMSAS,2046,Chl,mean,0.07286952435970306
NMSAS,2046,Chl,stdev,0.0010385314235463738
NMSAS,2047,Chl,mean,0.07194370031356812
NMSAS,2047,Chl,stdev,9.786573937162757e-4
NMSAS,2048,Chl,mean,0.07355378568172455
NMSAS,2048,Chl,stdev,0.0010289126075804234
NMSAS,2049,Chl,mean,0.07180606573820114
NMSAS,2049,Chl,stdev,9.798826649785042e-4
NMSAS,2050,Chl,mean,0.07314346730709076
NMSAS,2050,Chl,stdev,8.837316418066621e-4
NMSAS,2051,Chl,mean,0.07224670797586441
NMSAS,2051,Chl,stdev,9.563749190419912e-4
NMSAS,2052,Chl,mean,0.07099353522062302
NMSAS,2052,Chl,stdev,0.0010902215726673603
NMSAS,2053,Chl,mean,0.07166742533445358
NMSAS,2053,Chl,stdev,9.77412797510624e-4
NMSAS,2054,Chl,mean,0.07117959856987
NMSAS,2054,Chl,stdev,8.949431357905269e-4
NMSAS,2055,Chl,mean,0.07052139937877655
NMSAS,2055,Chl,stdev,0.0010165510466322303
NMSAS,2056,Chl,mean,0.07136990875005722
NMSAS,2056,Chl,stdev,9.09878290258348e-4
NMSAS,2057,Chl,mean,0.07281846553087234
NMSAS,2057,Chl,stdev,9.505980997346342e-4
NMSAS,2058,Chl,mean,0.0699765682220459
NMSAS,2058,Chl,stdev,8.024211856536567e-4
NMSAS,2059,Chl,mean,0.07126187533140182
NMSAS,2059,Chl,stdev,8.852324681356549e-4
NMSAS,2060,Chl,mean,0.07168345898389816
NMSAS,2060,Chl,stdev,8.215876878239214e-4
NMSAS,2061,Chl,mean,0.07276405394077301
NMSAS,2061,Chl,stdev,7.021980709396303e-4
NMSAS,2062,Chl,mean,0.07378128170967102
NMSAS,2062,Chl,stdev,8.341391803696752e-4
NMSAS,2063,Chl,mean,0.07527914643287659
NMSAS,2063,Chl,stdev,8.212288375943899e-4
NMSAS,2064,Chl,mean,0.07056114822626114
NMSAS,2064,Chl,stdev,7.960282382555306e-4
NMSAS,2065,Chl,mean,0.07241956889629364
NMSAS,2065,Chl,stdev,8.012250764295459e-4
NMSAS,2066,Chl,mean,0.07154315710067749
NMSAS,2066,Chl,stdev,7.517520571127534e-4
NMSAS,2067,Chl,mean,0.07161051034927368
NMSAS,2067,Chl,stdev,8.731478592380881e-4
NMSAS,2068,Chl,mean,0.07382825016975403
NMSAS,2068,Chl,stdev,8.49529227707535e-4
NMSAS,2069,Chl,mean,0.07406657189130783
NMSAS,2069,Chl,stdev,8.28708871267736e-4
NMSAS,2070,Chl,mean,0.0726352334022522
NMSAS,2070,Chl,stdev,8.66902933921665e-4
NMSAS,2071,Chl,mean,0.07559695094823837
NMSAS,2071,Chl,stdev,9.299605153501034e-4
NMSAS,2072,Chl,mean,0.07273299247026443
NMSAS,2072,Chl,stdev,9.071763488464057e-4
NMSAS,2073,Chl,mean,0.07462029904127121
NMSAS,2073,Chl,stdev,7.652462809346616e-4
NMSAS,2074,Chl,mean,0.07291370630264282
NMSAS,2074,Chl,stdev,8.219712763093412e-4
NMSAS,2075,Chl,mean,0.07502628117799759
NMSAS,2075,Chl,stdev,8.908869931474328e-4
NMSAS,2076,Chl,mean,0.07121003419160843
NMSAS,2076,Chl,stdev,7.428834796883166e-4
NMSAS,2077,Chl,mean,0.07621514052152634
NMSAS,2077,Chl,stdev,7.724412716925144e-4
NMSAS,2078,Chl,mean,0.07141921669244766
NMSAS,2078,Chl,stdev,7.415720028802752e-4
NMSAS,2079,Chl,mean,0.0741007924079895
NMSAS,2079,Chl,stdev,8.546727476641536e-4
NMSAS,2080,Chl,mean,0.0720817968249321
NMSAS,2080,Chl,stdev,8.762131910771132e-4
NMSAS,2081,Chl,mean,0.0725298821926117
NMSAS,2081,Chl,stdev,7.763667381368577e-4
NMSAS,2082,Chl,mean,0.07411010563373566
NMSAS,2082,Chl,stdev,6.749446038156748e-4
NMSAS,2083,Chl,mean,0.0736602246761322
NMSAS,2083,Chl,stdev,7.859542383812368e-4
NMSAS,2084,Chl,mean,0.07148869335651398
NMSAS,2084,Chl,stdev,7.700224523432553e-4
NMSAS,2085,Chl,mean,0.07440166920423508
NMSAS,2085,Chl,stdev,8.511494379490614e-4
NMSAS,2086,Chl,mean,0.07296337187290192
NMSAS,2086,Chl,stdev,6.976951844990253e-4
NMSAS,2087,Chl,mean,0.07456238567829132
NMSAS,2087,Chl,stdev,8.075648220255971e-4
NMSAS,2088,Chl,mean,0.07313194870948792
NMSAS,2088,Chl,stdev,7.983780815266073e-4
NMSAS,2089,Chl,mean,0.07551328092813492
NMSAS,2089,Chl,stdev,6.720242672599852e-4
NMSAS,2090,Chl,mean,0.07379870861768723
NMSAS,2090,Chl,stdev,7.005940424278378e-4
NMSAS,2091,Chl,mean,0.07298268377780914
NMSAS,2091,Chl,stdev,7.566179847344756e-4
NMSAS,2092,Chl,mean,0.07208423316478729
NMSAS,2092,Chl,stdev,8.411416783928871e-4
NMSAS,2093,Chl,mean,0.07248702645301819
NMSAS,2093,Chl,stdev,6.826153839938343e-4
NMSAS,2094,Chl,mean,0.07271058857440948
NMSAS,2094,Chl,stdev,7.78086599893868e-4
NMSAS,2095,Chl,mean,0.07369445264339447
NMSAS,2095,Chl,stdev,6.549923564307392e-4
NMSAS,2096,Chl,mean,0.0715012177824974
NMSAS,2096,Chl,stdev,6.214395980350673e-4
NMSAS,2097,Chl,mean,0.07276314496994019
NMSAS,2097,Chl,stdev,6.778150564059615e-4
NMSAS,2098,Chl,mean,0.0728289857506752
NMSAS,2098,Chl,stdev,9.758751839399338e-4
NMSAS,2099,Chl,mean,0.07126466929912567
NMSAS,2099,Chl,stdev,6.695753545500338e-4
NMSAS,2100,Chl,mean,0.072356216609478
NMSAS,2100,Chl,stdev,7.975248736329377e-4
OCNMS,1990,Chl,mean,0.4128931760787964
OCNMS,1990,Chl,stdev,0.0438508540391922
OCNMS,1991,Chl,mean,0.4059613049030304
OCNMS,1991,Chl,stdev,0.045315761119127274
OCNMS,1992,Chl,mean,0.39845654368400574
OCNMS,1992,Chl,stdev,0.04598056524991989
OCNMS,1993,Chl,mean,0.40224260091781616
OCNMS,1993,Chl,stdev,0.047801874577999115
OCNMS,1994,Chl,mean,0.4217607378959656
OCNMS,1994,Chl,stdev,0.05471285432577133
OCNMS,1995,Chl,mean,0.4454909861087799
OCNMS,1995,Chl,stdev,0.060140978544950485
OCNMS,1996,Chl,mean,0.44714561104774475
OCNMS,1996,Chl,stdev,0.06088288128376007
OCNMS,1997,Chl,mean,0.41722074151039124
OCNMS,1997,Chl,stdev,0.057136453688144684
OCNMS,1998,Chl,mean,0.4185219705104828
OCNMS,1998,Chl,stdev,0.055631015449762344
OCNMS,1999,Chl,mean,0.4422672390937805
OCNMS,1999,Chl,stdev,0.05632716417312622
OCNMS,2000,Chl,mean,0.42820945382118225
OCNMS,2000,Chl,stdev,0.057800259441137314
OCNMS,2001,Chl,mean,0.41325050592422485
OCNMS,2001,Chl,stdev,0.053920336067676544
OCNMS,2002,Chl,mean,0.400231271982193
OCNMS,2002,Chl,stdev,0.053493399173021317
OCNMS,2003,Chl,mean,0.43622735142707825
OCNMS,2003,Chl,stdev,0.05735133960843086
OCNMS,2004,Chl,mean,0.41944926977157593
OCNMS,2004,Chl,stdev,0.05329575017094612
OCNMS,2005,Chl,mean,0.4186413288116455
OCNMS,2005,Chl,stdev,0.0562172532081604
OCNMS,2006,Chl,mean,0.4279082715511322
OCNMS,2006,Chl,stdev,0.054832302033901215
OCNMS,2007,Chl,mean,0.43629151582717896
OCNMS,2007,Chl,stdev,0.056674011051654816
OCNMS,2008,Chl,mean,0.42678287625312805
OCNMS,2008,Chl,stdev,0.056700460612773895
OCNMS,2009,Chl,mean,0.4355831742286682
OCNMS,2009,Chl,stdev,0.05558168888092041
OCNMS,2010,Chl,mean,0.4378996193408966
OCNMS,2010,Chl,stdev,0.054996557533741
OCNMS,2011,Chl,mean,0.42665886878967285
OCNMS,2011,Chl,stdev,0.05619920790195465
OCNMS,2012,Chl,mean,0.42688876390457153
OCNMS,2012,Chl,stdev,0.056693799793720245
OCNMS,2013,Chl,mean,0.43220609426498413
OCNMS,2013,Chl,stdev,0.05730534344911575
OCNMS,2014,Chl,mean,0.43931683897972107
OCNMS,2014,Chl,stdev,0.05594693124294281
OCNMS,2015,Chl,mean,0.4520733654499054
OCNMS,2015,Chl,stdev,0.05570220202207565
OCNMS,2016,Chl,mean,0.4426243007183075
OCNMS,2016,Chl,stdev,0.05619187280535698
OCNMS,2017,Chl,mean,0.4317149221897125
OCNMS,2017,Chl,stdev,0.054667066782712936
OCNMS,2018,Chl,mean,0.4411645829677582
OCNMS,2018,Chl,stdev,0.056628238409757614
OCNMS,2019,Chl,mean,0.42270419001579285
OCNMS,2019,Chl,stdev,0.0538146011531353
OCNMS,2020,Chl,mean,0.4407208561897278
OCNMS,2020,Chl,stdev,0.05571214482188225
OCNMS,2021,Chl,mean,0.4518226087093353
OCNMS,2021,Chl,stdev,0.0552905835211277
OCNMS,2022,Chl,mean,0.4342409670352936
OCNMS,2022,Chl,stdev,0.05555959790945053
OCNMS,2023,Chl,mean,0.4451327323913574
OCNMS,2023,Chl,stdev,0.05605378746986389
OCNMS,2024,Chl,mean,0.4455055892467499
OCNMS,2024,Chl,stdev,0.05686260014772415
OCNMS,2025,Chl,mean,0.44645076990127563
OCNMS,2025,Chl,stdev,0.05572981759905815
OCNMS,2026,Chl,mean,0.4372442364692688
OCNMS,2026,Chl,stdev,0.05523574724793434
OCNMS,2027,Chl,mean,0.44323408603668213
OCNMS,2027,Chl,stdev,0.05552324652671814
OCNMS,2028,Chl,mean,0.44862961769104004
OCNMS,2028,Chl,stdev,0.055530108511447906
OCNMS,2029,Chl,mean,0.4337839186191559
OCNMS,2029,Chl,stdev,0.05600954592227936
OCNMS,2030,Chl,mean,0.43492043018341064
OCNMS,2030,Chl,stdev,0.05554020032286644
OCNMS,2031,Chl,mean,0.4415140450000763
OCNMS,2031,Chl,stdev,0.054829277098178864
OCNMS,2032,Chl,mean,0.4442841410636902
OCNMS,2032,Chl,stdev,0.05573340132832527
OCNMS,2033,Chl,mean,0.44736599922180176
OCNMS,2033,Chl,stdev,0.05467474088072777
OCNMS,2034,Chl,mean,0.45040497183799744
OCNMS,2034,Chl,stdev,0.05375101789832115
OCNMS,2035,Chl,mean,0.42301028966903687
OCNMS,2035,Chl,stdev,0.053246065974235535
OCNMS,2036,Chl,mean,0.42478445172309875
OCNMS,2036,Chl,stdev,0.053538523614406586
OCNMS,2037,Chl,mean,0.44306057691574097
OCNMS,2037,Chl,stdev,0.056067850440740585
OCNMS,2038,Chl,mean,0.43883249163627625
OCNMS,2038,Chl,stdev,0.0539560429751873
OCNMS,2039,Chl,mean,0.45385006070137024
OCNMS,2039,Chl,stdev,0.058823443949222565
OCNMS,2040,Chl,mean,0.4453217387199402
OCNMS,2040,Chl,stdev,0.054134342819452286
OCNMS,2041,Chl,mean,0.4262847602367401
OCNMS,2041,Chl,stdev,0.05426536127924919
OCNMS,2042,Chl,mean,0.44689151644706726
OCNMS,2042,Chl,stdev,0.05627439543604851
OCNMS,2043,Chl,mean,0.45939573645591736
OCNMS,2043,Chl,stdev,0.056315045803785324
OCNMS,2044,Chl,mean,0.43323302268981934
OCNMS,2044,Chl,stdev,0.05549398809671402
OCNMS,2045,Chl,mean,0.43228474259376526
OCNMS,2045,Chl,stdev,0.05341830477118492
OCNMS,2046,Chl,mean,0.4226827621459961
OCNMS,2046,Chl,stdev,0.05376430228352547
OCNMS,2047,Chl,mean,0.43464604020118713
OCNMS,2047,Chl,stdev,0.05433759465813637
OCNMS,2048,Chl,mean,0.4221371114253998
OCNMS,2048,Chl,stdev,0.05266416072845459
OCNMS,2049,Chl,mean,0.4192756116390228
OCNMS,2049,Chl,stdev,0.05253911763429642
OCNMS,2050,Chl,mean,0.43217843770980835
OCNMS,2050,Chl,stdev,0.05410757660865784
OCNMS,2051,Chl,mean,0.42527028918266296
OCNMS,2051,Chl,stdev,0.05226372554898262
OCNMS,2052,Chl,mean,0.4388614296913147
OCNMS,2052,Chl,stdev,0.05527932569384575
OCNMS,2053,Chl,mean,0.4207616150379181
OCNMS,2053,Chl,stdev,0.05342109873890877
OCNMS,2054,Chl,mean,0.43133285641670227
OCNMS,2054,Chl,stdev,0.05325142294168472
OCNMS,2055,Chl,mean,0.43027976155281067
OCNMS,2055,Chl,stdev,0.05311668664216995
OCNMS,2056,Chl,mean,0.4237309396266937
OCNMS,2056,Chl,stdev,0.053396645933389664
OCNMS,2057,Chl,mean,0.4285012185573578
OCNMS,2057,Chl,stdev,0.05271785706281662
OCNMS,2058,Chl,mean,0.43990302085876465
OCNMS,2058,Chl,stdev,0.05093725025653839
OCNMS,2059,Chl,mean,0.4401642680168152
OCNMS,2059,Chl,stdev,0.05390068143606186
OCNMS,2060,Chl,mean,0.4217628836631775
OCNMS,2060,Chl,stdev,0.0518292635679245
OCNMS,2061,Chl,mean,0.42060723900794983
OCNMS,2061,Chl,stdev,0.05092773213982582
OCNMS,2062,Chl,mean,0.4135926067829132
OCNMS,2062,Chl,stdev,0.05137646943330765
OCNMS,2063,Chl,mean,0.4104044735431671
OCNMS,2063,Chl,stdev,0.04932686313986778
OCNMS,2064,Chl,mean,0.41170239448547363
OCNMS,2064,Chl,stdev,0.051989924162626266
OCNMS,2065,Chl,mean,0.4336189329624176
OCNMS,2065,Chl,stdev,0.05329405516386032
OCNMS,2066,Chl,mean,0.4241679012775421
OCNMS,2066,Chl,stdev,0.0539286732673645
OCNMS,2067,Chl,mean,0.4179627597332001
OCNMS,2067,Chl,stdev,0.05206335708498955
OCNMS,2068,Chl,mean,0.41778263449668884
OCNMS,2068,Chl,stdev,0.054005976766347885
OCNMS,2069,Chl,mean,0.4011431038379669
OCNMS,2069,Chl,stdev,0.050772957503795624
OCNMS,2070,Chl,mean,0.4157164394855499
OCNMS,2070,Chl,stdev,0.052954114973545074
OCNMS,2071,Chl,mean,0.4034618139266968
OCNMS,2071,Chl,stdev,0.05182371661067009
OCNMS,2072,Chl,mean,0.4130081534385681
OCNMS,2072,Chl,stdev,0.05195136368274689
OCNMS,2073,Chl,mean,0.40782421827316284
OCNMS,2073,Chl,stdev,0.05082595720887184
OCNMS,2074,Chl,mean,0.4057753384113312
OCNMS,2074,Chl,stdev,0.05173732340335846
OCNMS,2075,Chl,mean,0.4016445279121399
OCNMS,2075,Chl,stdev,0.05016752704977989
OCNMS,2076,Chl,mean,0.40780526399612427
OCNMS,2076,Chl,stdev,0.05217096582055092
OCNMS,2077,Chl,mean,0.4009294807910919
OCNMS,2077,Chl,stdev,0.05038881301879883
OCNMS,2078,Chl,mean,0.40573227405548096
OCNMS,2078,Chl,stdev,0.05148731544613838
OCNMS,2079,Chl,mean,0.414172887802124
OCNMS,2079,Chl,stdev,0.051341164857149124
OCNMS,2080,Chl,mean,0.3996168375015259
OCNMS,2080,Chl,stdev,0.0503883920609951
OCNMS,2081,Chl,mean,0.4030953049659729
OCNMS,2081,Chl,stdev,0.04995351657271385
OCNMS,2082,Chl,mean,0.396558552980423
OCNMS,2082,Chl,stdev,0.05001475289463997
OCNMS,2083,Chl,mean,0.3877550959587097
OCNMS,2083,Chl,stdev,0.04906945303082466
OCNMS,2084,Chl,mean,0.39922043681144714
OCNMS,2084,Chl,stdev,0.050893474370241165
OCNMS,2085,Chl,mean,0.38323715329170227
OCNMS,2085,Chl,stdev,0.04698614031076431
OCNMS,2086,Chl,mean,0.39791688323020935
OCNMS,2086,Chl,stdev,0.048781365156173706
OCNMS,2087,Chl,mean,0.38876447081565857
OCNMS,2087,Chl,stdev,0.0487404428422451
OCNMS,2088,Chl,mean,0.3928697407245636
OCNMS,2088,Chl,stdev,0.04851575195789337
OCNMS,2089,Chl,mean,0.39015790820121765
OCNMS,2089,Chl,stdev,0.04953734576702118
OCNMS,2090,Chl,mean,0.386838436126709
OCNMS,2090,Chl,stdev,0.04808135703206062
OCNMS,2091,Chl,mean,0.38416749238967896
OCNMS,2091,Chl,stdev,0.0486726313829422
OCNMS,2092,Chl,mean,0.379850298166275
OCNMS,2092,Chl,stdev,0.049167923629283905
OCNMS,2093,Chl,mean,0.38906627893447876
OCNMS,2093,Chl,stdev,0.05010122060775757
OCNMS,2094,Chl,mean,0.38286471366882324
OCNMS,2094,Chl,stdev,0.04975264519453049
OCNMS,2095,Chl,mean,0.3928433656692505
OCNMS,2095,Chl,stdev,0.0496462844312191
OCNMS,2096,Chl,mean,0.3860326409339905
OCNMS,2096,Chl,stdev,0.04698054865002632
OCNMS,2097,Chl,mean,0.3774041533470154
OCNMS,2097,Chl,stdev,0.047974228858947754
OCNMS,2098,Chl,mean,0.36602142453193665
OCNMS,2098,Chl,stdev,0.048087719827890396
OCNMS,2099,Chl,mean,0.37396004796028137
OCNMS,2099,Chl,stdev,0.047440800815820694
OCNMS,2100,Chl,mean,0.3717237710952759
OCNMS,2100,Chl,stdev,0.048190098255872726
SBNMS,1990,Chl,mean,0.6488458514213562
SBNMS,1990,Chl,stdev,0.025115765631198883
SBNMS,1991,Chl,mean,0.6232950091362
SBNMS,1991,Chl,stdev,0.02652980200946331
SBNMS,1992,Chl,mean,0.6698446273803711
SBNMS,1992,Chl,stdev,0.029079440981149673
SBNMS,1993,Chl,mean,0.6693263053894043
SBNMS,1993,Chl,stdev,0.026967838406562805
SBNMS,1994,Chl,mean,0.6523857116699219
SBNMS,1994,Chl,stdev,0.02527283877134323
SBNMS,1995,Chl,mean,0.6510823965072632
SBNMS,1995,Chl,stdev,0.026814261451363564
SBNMS,1996,Chl,mean,0.6551991105079651
SBNMS,1996,Chl,stdev,0.02733488939702511
SBNMS,1997,Chl,mean,0.6210390329360962
SBNMS,1997,Chl,stdev,0.026413077488541603
SBNMS,1998,Chl,mean,0.6198411583900452
SBNMS,1998,Chl,stdev,0.028095612302422523
SBNMS,1999,Chl,mean,0.6346850395202637
SBNMS,1999,Chl,stdev,0.024218911305069923
SBNMS,2000,Chl,mean,0.6270421147346497
SBNMS,2000,Chl,stdev,0.02561371959745884
SBNMS,2001,Chl,mean,0.6297144889831543
SBNMS,2001,Chl,stdev,0.02566155232489109
SBNMS,2002,Chl,mean,0.6265958547592163
SBNMS,2002,Chl,stdev,0.024834681302309036
SBNMS,2003,Chl,mean,0.6372093558311462
SBNMS,2003,Chl,stdev,0.024436376988887787
SBNMS,2004,Chl,mean,0.6226592063903809
SBNMS,2004,Chl,stdev,0.025919022038578987
SBNMS,2005,Chl,mean,0.6280073523521423
SBNMS,2005,Chl,stdev,0.026034271344542503
SBNMS,2006,Chl,mean,0.6215170621871948
SBNMS,2006,Chl,stdev,0.025004897266626358
SBNMS,2007,Chl,mean,0.637091338634491
SBNMS,2007,Chl,stdev,0.021850233897566795
SBNMS,2008,Chl,mean,0.6210158467292786
SBNMS,2008,Chl,stdev,0.02571415714919567
SBNMS,2009,Chl,mean,0.6277477145195007
SBNMS,2009,Chl,stdev,0.026026155799627304
SBNMS,2010,Chl,mean,0.6222449541091919
SBNMS,2010,Chl,stdev,0.025868352502584457
SBNMS,2011,Chl,mean,0.6274455189704895
SBNMS,2011,Chl,stdev,0.02647521160542965
SBNMS,2012,Chl,mean,0.6308215856552124
SBNMS,2012,Chl,stdev,0.0239622350782156
SBNMS,2013,Chl,mean,0.6260650157928467
SBNMS,2013,Chl,stdev,0.025249896571040154
SBNMS,2014,Chl,mean,0.6284422874450684
SBNMS,2014,Chl,stdev,0.021876346319913864
SBNMS,2015,Chl,mean,0.6318458318710327
SBNMS,2015,Chl,stdev,0.02481449395418167
SBNMS,2016,Chl,mean,0.6365053057670593
SBNMS,2016,Chl,stdev,0.025496723130345345
SBNMS,2017,Chl,mean,0.6193052530288696
SBNMS,2017,Chl,stdev,0.025049300864338875
SBNMS,2018,Chl,mean,0.6425260305404663
SBNMS,2018,Chl,stdev,0.023329762741923332
SBNMS,2019,Chl,mean,0.6417463421821594
SBNMS,2019,Chl,stdev,0.026952149346470833
SBNMS,2020,Chl,mean,0.6339439749717712
SBNMS,2020,Chl,stdev,0.023228844627738
SBNMS,2021,Chl,mean,0.6461946368217468
SBNMS,2021,Chl,stdev,0.02433517947793007
SBNMS,2022,Chl,mean,0.6331452131271362
SBNMS,2022,Chl,stdev,0.02635200507938862
SBNMS,2023,Chl,mean,0.638353168964386
SBNMS,2023,Chl,stdev,0.023984668776392937
SBNMS,2024,Chl,mean,0.6435911655426025
SBNMS,2024,Chl,stdev,0.0242000762373209
SBNMS,2025,Chl,mean,0.6318329572677612
SBNMS,2025,Chl,stdev,0.025066310539841652
SBNMS,2026,Chl,mean,0.6507643461227417
SBNMS,2026,Chl,stdev,0.02394886501133442
SBNMS,2027,Chl,mean,0.63868248462677
SBNMS,2027,Chl,stdev,0.02362837828695774
SBNMS,2028,Chl,mean,0.6286935210227966
SBNMS,2028,Chl,stdev,0.024386655539274216
SBNMS,2029,Chl,mean,0.6464328765869141
SBNMS,2029,Chl,stdev,0.02345789596438408
SBNMS,2030,Chl,mean,0.6353150606155396
SBNMS,2030,Chl,stdev,0.02519756741821766
SBNMS,2031,Chl,mean,0.6266281604766846
SBNMS,2031,Chl,stdev,0.023715853691101074
SBNMS,2032,Chl,mean,0.6389509439468384
SBNMS,2032,Chl,stdev,0.024314597249031067
SBNMS,2033,Chl,mean,0.6395840048789978
SBNMS,2033,Chl,stdev,0.02274838648736477
SBNMS,2034,Chl,mean,0.6381243467330933
SBNMS,2034,Chl,stdev,0.023132681846618652
SBNMS,2035,Chl,mean,0.649194061756134
SBNMS,2035,Chl,stdev,0.020512225106358528
SBNMS,2036,Chl,mean,0.646399199962616
SBNMS,2036,Chl,stdev,0.02257593162357807
SBNMS,2037,Chl,mean,0.6334238648414612
SBNMS,2037,Chl,stdev,0.02167503908276558
SBNMS,2038,Chl,mean,0.6421497464179993
SBNMS,2038,Chl,stdev,0.022625023499131203
SBNMS,2039,Chl,mean,0.629296600818634
SBNMS,2039,Chl,stdev,0.022085078060626984
SBNMS,2040,Chl,mean,0.6476969718933105
SBNMS,2040,Chl,stdev,0.023071272298693657
SBNMS,2041,Chl,mean,0.630785346031189
SBNMS,2041,Chl,stdev,0.01959739252924919
SBNMS,2042,Chl,mean,0.6375822424888611
SBNMS,2042,Chl,stdev,0.021854175254702568
SBNMS,2043,Chl,mean,0.6413264870643616
SBNMS,2043,Chl,stdev,0.024735603481531143
SBNMS,2044,Chl,mean,0.632318913936615
SBNMS,2044,Chl,stdev,0.02157573774456978
SBNMS,2045,Chl,mean,0.6454613208770752
SBNMS,2045,Chl,stdev,0.022678865119814873
SBNMS,2046,Chl,mean,0.6532612442970276
SBNMS,2046,Chl,stdev,0.022073861211538315
SBNMS,2047,Chl,mean,0.6206854581832886
SBNMS,2047,Chl,stdev,0.02271871082484722
SBNMS,2048,Chl,mean,0.6302539110183716
SBNMS,2048,Chl,stdev,0.022581109777092934
SBNMS,2049,Chl,mean,0.6293573379516602
SBNMS,2049,Chl,stdev,0.022282959893345833
SBNMS,2050,Chl,mean,0.6279951333999634
SBNMS,2050,Chl,stdev,0.02161756157875061
SBNMS,2051,Chl,mean,0.6431396007537842
SBNMS,2051,Chl,stdev,0.021616177633404732
SBNMS,2052,Chl,mean,0.637702465057373
SBNMS,2052,Chl,stdev,0.022781414911150932
SBNMS,2053,Chl,mean,0.6297757625579834
SBNMS,2053,Chl,stdev,0.02260199747979641
SBNMS,2054,Chl,mean,0.6362121105194092
SBNMS,2054,Chl,stdev,0.0216675978153944
SBNMS,2055,Chl,mean,0.6315217018127441
SBNMS,2055,Chl,stdev,0.024025073274970055
SBNMS,2056,Chl,mean,0.625442385673523
SBNMS,2056,Chl,stdev,0.023183943703770638
SBNMS,2057,Chl,mean,0.6166448593139648
SBNMS,2057,Chl,stdev,0.01658019982278347
SBNMS,2058,Chl,mean,0.6395050883293152
SBNMS,2058,Chl,stdev,0.0217332411557436
SBNMS,2059,Chl,mean,0.6117336750030518
SBNMS,2059,Chl,stdev,0.022836394608020782
SBNMS,2060,Chl,mean,0.6188225150108337
SBNMS,2060,Chl,stdev,0.022057441994547844
SBNMS,2061,Chl,mean,0.6223658323287964
SBNMS,2061,Chl,stdev,0.02106308937072754
SBNMS,2062,Chl,mean,0.6079424619674683
SBNMS,2062,Chl,stdev,0.022602489218115807
SBNMS,2063,Chl,mean,0.6047046780586243
SBNMS,2063,Chl,stdev,0.020386891439557076
SBNMS,2064,Chl,mean,0.6167986989021301
SBNMS,2064,Chl,stdev,0.020520363003015518
SBNMS,2065,Chl,mean,0.6039513945579529
SBNMS,2065,Chl,stdev,0.020323751494288445
SBNMS,2066,Chl,mean,0.6023789644241333
SBNMS,2066,Chl,stdev,0.021269991993904114
SBNMS,2067,Chl,mean,0.6035711765289307
SBNMS,2067,Chl,stdev,0.02047821320593357
SBNMS,2068,Chl,mean,0.5930067896842957
SBNMS,2068,Chl,stdev,0.01888301596045494
SBNMS,2069,Chl,mean,0.5877028703689575
SBNMS,2069,Chl,stdev,0.02002301625907421
SBNMS,2070,Chl,mean,0.5800051093101501
SBNMS,2070,Chl,stdev,0.018194586038589478
SBNMS,2071,Chl,mean,0.5852828025817871
SBNMS,2071,Chl,stdev,0.02163819782435894
SBNMS,2072,Chl,mean,0.5666914582252502
SBNMS,2072,Chl,stdev,0.018898773938417435
SBNMS,2073,Chl,mean,0.565052330493927
SBNMS,2073,Chl,stdev,0.01554290670901537
SBNMS,2074,Chl,mean,0.5673586130142212
SBNMS,2074,Chl,stdev,0.019119350239634514
SBNMS,2075,Chl,mean,0.5551149249076843
SBNMS,2075,Chl,stdev,0.017130933701992035
SBNMS,2076,Chl,mean,0.5633388757705688
SBNMS,2076,Chl,stdev,0.01866249367594719
SBNMS,2077,Chl,mean,0.551634669303894
SBNMS,2077,Chl,stdev,0.018875503912568092
SBNMS,2078,Chl,mean,0.5483073592185974
SBNMS,2078,Chl,stdev,0.01736079715192318
SBNMS,2079,Chl,mean,0.5422058701515198
SBNMS,2079,Chl,stdev,0.021522650495171547
SBNMS,2080,Chl,mean,0.5257376432418823
SBNMS,2080,Chl,stdev,0.020245330408215523
SBNMS,2081,Chl,mean,0.5099141597747803
SBNMS,2081,Chl,stdev,0.017615091055631638
SBNMS,2082,Chl,mean,0.5141914486885071
SBNMS,2082,Chl,stdev,0.01861780509352684
SBNMS,2083,Chl,mean,0.49318987131118774
SBNMS,2083,Chl,stdev,0.01887406036257744
SBNMS,2084,Chl,mean,0.47444382309913635
SBNMS,2084,Chl,stdev,0.013823466375470161
SBNMS,2085,Chl,mean,0.49694591760635376
SBNMS,2085,Chl,stdev,0.01592341624200344
SBNMS,2086,Chl,mean,0.4585197865962982
SBNMS,2086,Chl,stdev,0.014108906500041485
SBNMS,2087,Chl,mean,0.47716301679611206
SBNMS,2087,Chl,stdev,0.01693608984351158
SBNMS,2088,Chl,mean,0.45230528712272644
SBNMS,2088,Chl,stdev,0.015614200383424759
SBNMS,2089,Chl,mean,0.43195876479148865
SBNMS,2089,Chl,stdev,0.015853550285100937
SBNMS,2090,Chl,mean,0.43890145421028137
SBNMS,2090,Chl,stdev,0.015553687699139118
SBNMS,2091,Chl,mean,0.40179067850112915
SBNMS,2091,Chl,stdev,0.01235894300043583
SBNMS,2092,Chl,mean,0.4121374487876892
SBNMS,2092,Chl,stdev,0.01515501830726862
SBNMS,2093,Chl,mean,0.3883960247039795
SBNMS,2093,Chl,stdev,0.01162645686417818
SBNMS,2094,Chl,mean,0.40380895137786865
SBNMS,2094,Chl,stdev,0.012556497938930988
SBNMS,2095,Chl,mean,0.3597109317779541
SBNMS,2095,Chl,stdev,0.013202596455812454
SBNMS,2096,Chl,mean,0.2983822524547577
SBNMS,2096,Chl,stdev,0.005635319743305445
SBNMS,2097,Chl,mean,0.32347437739372253
SBNMS,2097,Chl,stdev,0.008485632948577404
SBNMS,2098,Chl,mean,0.3025810718536377
SBNMS,2098,Chl,stdev,0.007672995328903198
SBNMS,2099,Chl,mean,0.28706738352775574
SBNMS,2099,Chl,stdev,0.009853500872850418
SBNMS,2100,Chl,mean,0.2570287585258484
SBNMS,2100,Chl,stdev,0.007217965554445982
TBNMS,1990,Chl,mean,NA
TBNMS,1990,Chl,stdev,NA
TBNMS,1991,Chl,mean,NA
TBNMS,1991,Chl,stdev,NA
TBNMS,1992,Chl,mean,NA
TBNMS,1992,Chl,stdev,NA
TBNMS,1993,Chl,mean,NA
TBNMS,1993,Chl,stdev,NA
TBNMS,1994,Chl,mean,NA
TBNMS,1994,Chl,stdev,NA
TBNMS,1995,Chl,mean,NA
TBNMS,1995,Chl,stdev,NA
TBNMS,1996,Chl,mean,NA
TBNMS,1996,Chl,stdev,NA
TBNMS,1997,Chl,mean,NA
TBNMS,1997,Chl,stdev,NA
TBNMS,1998,Chl,mean,NA
TBNMS,1998,Chl,stdev,NA
TBNMS,1999,Chl,mean,NA
TBNMS,1999,Chl,stdev,NA
TBNMS,2000,Chl,mean,NA
TBNMS,2000,Chl,stdev,NA
TBNMS,2001,Chl,mean,NA
TBNMS,2001,Chl,stdev,NA
TBNMS,2002,Chl,mean,NA
TBNMS,2002,Chl,stdev,NA
TBNMS,2003,Chl,mean,NA
TBNMS,2003,Chl,stdev,NA
TBNMS,2004,Chl,mean,NA
TBNMS,2004,Chl,stdev,NA
TBNMS,2005,Chl,mean,NA
TBNMS,2005,Chl,stdev,NA
TBNMS,2006,Chl,mean,NA
TBNMS,2006,Chl,stdev,NA
TBNMS,2007,Chl,mean,NA
TBNMS,2007,Chl,stdev,NA
TBNMS,2008,Chl,mean,NA
TBNMS,2008,Chl,stdev,NA
TBNMS,2009,Chl,mean,NA
TBNMS,2009,Chl,stdev,NA
TBNMS,2010,Chl,mean,NA
TBNMS,2010,Chl,stdev,NA
TBNMS,2011,Chl,mean,NA
TBNMS,2011,Chl,stdev,NA
TBNMS,2012,Chl,mean,NA
TBNMS,2012,Chl,stdev,NA
TBNMS,2013,Chl,mean,NA
TBNMS,2013,Chl,stdev,NA
TBNMS,2014,Chl,mean,NA
TBNMS,2014,Chl,stdev,NA
TBNMS,2015,Chl,mean,NA
TBNMS,2015,Chl,stdev,NA
TBNMS,2016,Chl,mean,NA
TBNMS,2016,Chl,stdev,NA
TBNMS,2017,Chl,mean,NA
TBNMS,2017,Chl,stdev,NA
TBNMS,2018,Chl,mean,NA
TBNMS,2018,Chl,stdev,NA
TBNMS,2019,Chl,mean,NA
TBNMS,2019,Chl,stdev,NA
TBNMS,2020,Chl,mean,NA
TBNMS,2020,Chl,stdev,NA
TBNMS,2021,Chl,mean,NA
TBNMS,2021,Chl,stdev,NA
TBNMS,2022,Chl,mean,NA
TBNMS,2022,Chl,stdev,NA
TBNMS,2023,Chl,mean,NA
TBNMS,2023,Chl,stdev,NA
TBNMS,2024,Chl,mean,NA
TBNMS,2024,Chl,stdev,NA
TBNMS,2025,Chl,mean,NA
TBNMS,2025,Chl,stdev,NA
TBNMS,2026,Chl,mean,NA
TBNMS,2026,Chl,stdev,NA
TBNMS,2027,Chl,mean,NA
TBNMS,2027,Chl,stdev,NA
TBNMS,2028,Chl,mean,NA
TBNMS,2028,Chl,stdev,NA
TBNMS,2029,Chl,mean,NA
TBNMS,2029,Chl,stdev,NA
TBNMS,2030,Chl,mean,NA
TBNMS,2030,Chl,stdev,NA
TBNMS,2031,Chl,mean,NA
TBNMS,2031,Chl,stdev,NA
TBNMS,2032,Chl,mean,NA
TBNMS,2032,Chl,stdev,NA
TBNMS,2033,Chl,mean,NA
TBNMS,2033,Chl,stdev,NA
TBNMS,2034,Chl,mean,NA
TBNMS,2034,Chl,stdev,NA
TBNMS,2035,Chl,mean,NA
TBNMS,2035,Chl,stdev,NA
TBNMS,2036,Chl,mean,NA
TBNMS,2036,Chl,stdev,NA
TBNMS,2037,Chl,mean,NA
TBNMS,2037,Chl,stdev,NA
TBNMS,2038,Chl,mean,NA
TBNMS,2038,Chl,stdev,NA
TBNMS,2039,Chl,mean,NA
TBNMS,2039,Chl,stdev,NA
TBNMS,2040,Chl,mean,NA
TBNMS,2040,Chl,stdev,NA
TBNMS,2041,Chl,mean,NA
TBNMS,2041,Chl,stdev,NA
TBNMS,2042,Chl,mean,NA
TBNMS,2042,Chl,stdev,NA
TBNMS,2043,Chl,mean,NA
TBNMS,2043,Chl,stdev,NA
TBNMS,2044,Chl,mean,NA
TBNMS,2044,Chl,stdev,NA
TBNMS,2045,Chl,mean,NA
TBNMS,2045,Chl,stdev,NA
TBNMS,2046,Chl,mean,NA
TBNMS,2046,Chl,stdev,NA
TBNMS,2047,Chl,mean,NA
TBNMS,2047,Chl,stdev,NA
TBNMS,2048,Chl,mean,NA
TBNMS,2048,Chl,stdev,NA
TBNMS,2049,Chl,mean,NA
TBNMS,2049,Chl,stdev,NA
TBNMS,2050,Chl,mean,NA
TBNMS,2050,Chl,stdev,NA
TBNMS,2051,Chl,mean,NA
TBNMS,2051,Chl,stdev,NA
TBNMS,2052,Chl,mean,NA
TBNMS,2052,Chl,stdev,NA
TBNMS,2053,Chl,mean,NA
TBNMS,2053,Chl,stdev,NA
TBNMS,2054,Chl,mean,NA
TBNMS,2054,Chl,stdev,NA
TBNMS,2055,Chl,mean,NA
TBNMS,2055,Chl,stdev,NA
TBNMS,2056,Chl,mean,NA
TBNMS,2056,Chl,stdev,NA
TBNMS,2057,Chl,mean,NA
TBNMS,2057,Chl,stdev,NA
TBNMS,2058,Chl,mean,NA
TBNMS,2058,Chl,stdev,NA
TBNMS,2059,Chl,mean,NA
TBNMS,2059,Chl,stdev,NA
TBNMS,2060,Chl,mean,NA
TBNMS,2060,Chl,stdev,NA
TBNMS,2061,Chl,mean,NA
TBNMS,2061,Chl,stdev,NA
TBNMS,2062,Chl,mean,NA
TBNMS,2062,Chl,stdev,NA
TBNMS,2063,Chl,mean,NA
TBNMS,2063,Chl,stdev,NA
TBNMS,2064,Chl,mean,NA
TBNMS,2064,Chl,stdev,NA
TBNMS,2065,Chl,mean,NA
TBNMS,2065,Chl,stdev,NA
TBNMS,2066,Chl,mean,NA
TBNMS,2066,Chl,stdev,NA
TBNMS,2067,Chl,mean,NA
TBNMS,2067,Chl,stdev,NA
TBNMS,2068,Chl,mean,NA
TBNMS,2068,Chl,stdev,NA
TBNMS,2069,Chl,mean,NA
TBNMS,2069,Chl,stdev,NA
TBNMS,2070,Chl,mean,NA
TBNMS,2070,Chl,stdev,NA
TBNMS,2071,Chl,mean,NA
TBNMS,2071,Chl,stdev,NA
TBNMS,2072,Chl,mean,NA
TBNMS,2072,Chl,stdev,NA
TBNMS,2073,Chl,mean,NA
TBNMS,2073,Chl,stdev,NA
TBNMS,2074,Chl,mean,NA
TBNMS,2074,Chl,stdev,NA
TBNMS,2075,Chl,mean,NA
TBNMS,2075,Chl,stdev,NA
TBNMS,2076,Chl,mean,NA
TBNMS,2076,Chl,stdev,NA
TBNMS,2077,Chl,mean,NA
TBNMS,2077,Chl,stdev,NA
TBNMS,2078,Chl,mean,NA
TBNMS,2078,Chl,stdev,NA
TBNMS,2079,Chl,mean,NA
TBNMS,2079,Chl,stdev,NA
TBNMS,2080,Chl,mean,NA
TBNMS,2080,Chl,stdev,NA
TBNMS,2081,Chl,mean,NA
TBNMS,2081,Chl,stdev,NA
TBNMS,2082,Chl,mean,NA
TBNMS,2082,Chl,stdev,NA
TBNMS,2083,Chl,mean,NA
TBNMS,2083,Chl,stdev,NA
TBNMS,2084,Chl,mean,NA
TBNMS,2084,Chl,stdev,NA
TBNMS,2085,Chl,mean,NA
TBNMS,2085,Chl,stdev,NA
TBNMS,2086,Chl,mean,NA
TBNMS,2086,Chl,stdev,NA
TBNMS,2087,Chl,mean,NA
TBNMS,2087,Chl,stdev,NA
TBNMS,2088,Chl,mean,NA
TBNMS,2088,Chl,stdev,NA
TBNMS,2089,Chl,mean,NA
TBNMS,2089,Chl,stdev,NA
TBNMS,2090,Chl,mean,NA
TBNMS,2090,Chl,stdev,NA
TBNMS,2091,Chl,mean,NA
TBNMS,2091,Chl,stdev,NA
TBNMS,2092,Chl,mean,NA
TBNMS,2092,Chl,stdev,NA
TBNMS,2093,Chl,mean,NA
TBNMS,2093,Chl,stdev,NA
TBNMS,2094,Chl,mean,NA
TBNMS,2094,Chl,stdev,NA
TBNMS,2095,Chl,mean,NA
TBNMS,2095,Chl,stdev,NA
TBNMS,2096,Chl,mean,NA
TBNMS,2096,Chl,stdev,NA
TBNMS,2097,Chl,mean,NA
TBNMS,2097,Chl,stdev,NA
TBNMS,2098,Chl,mean,NA
TBNMS,2098,Chl,stdev,NA
TBNMS,2099,Chl,mean,NA
TBNMS,2099,Chl,stdev,NA
TBNMS,2100,Chl,mean,NA
TBNMS,2100,Chl,stdev,NA
CBNMS,1990,HMXL_DR,mean,31.19586181640625
CBNMS,1990,HMXL_DR,stdev,2.8172497749328613
CBNMS,1991,HMXL_DR,mean,31.39084243774414
CBNMS,1991,HMXL_DR,stdev,2.9437975883483887
CBNMS,1992,HMXL_DR,mean,31.284072875976562
CBNMS,1992,HMXL_DR,stdev,3.0541791915893555
CBNMS,1993,HMXL_DR,mean,30.20355224609375
CBNMS,1993,HMXL_DR,stdev,2.7826645374298096
CBNMS,1994,HMXL_DR,mean,30.369346618652344
CBNMS,1994,HMXL_DR,stdev,2.804877996444702
CBNMS,1995,HMXL_DR,mean,30.964170455932617
CBNMS,1995,HMXL_DR,stdev,2.6455986499786377
CBNMS,1996,HMXL_DR,mean,30.56397819519043
CBNMS,1996,HMXL_DR,stdev,2.796739101409912
CBNMS,1997,HMXL_DR,mean,30.666706085205078
CBNMS,1997,HMXL_DR,stdev,2.829014301300049
CBNMS,1998,HMXL_DR,mean,31.045793533325195
CBNMS,1998,HMXL_DR,stdev,2.9890291690826416
CBNMS,1999,HMXL_DR,mean,30.60439682006836
CBNMS,1999,HMXL_DR,stdev,2.705796957015991
CBNMS,2000,HMXL_DR,mean,30.614151000976562
CBNMS,2000,HMXL_DR,stdev,2.7967562675476074
CBNMS,2001,HMXL_DR,mean,30.67388343811035
CBNMS,2001,HMXL_DR,stdev,2.688788890838623
CBNMS,2002,HMXL_DR,mean,31.055068969726562
CBNMS,2002,HMXL_DR,stdev,2.722557544708252
CBNMS,2003,HMXL_DR,mean,31.289356231689453
CBNMS,2003,HMXL_DR,stdev,2.6740174293518066
CBNMS,2004,HMXL_DR,mean,31.097431182861328
CBNMS,2004,HMXL_DR,stdev,2.687570571899414
CBNMS,2005,HMXL_DR,mean,30.53783416748047
CBNMS,2005,HMXL_DR,stdev,2.7326455116271973
CBNMS,2006,HMXL_DR,mean,31.236299514770508
CBNMS,2006,HMXL_DR,stdev,2.615389347076416
CBNMS,2007,HMXL_DR,mean,30.45897674560547
CBNMS,2007,HMXL_DR,stdev,2.6468188762664795
CBNMS,2008,HMXL_DR,mean,30.825862884521484
CBNMS,2008,HMXL_DR,stdev,2.5943214893341064
CBNMS,2009,HMXL_DR,mean,30.692787170410156
CBNMS,2009,HMXL_DR,stdev,2.621131420135498
CBNMS,2010,HMXL_DR,mean,31.003917694091797
CBNMS,2010,HMXL_DR,stdev,2.737797498703003
CBNMS,2011,HMXL_DR,mean,31.3740177154541
CBNMS,2011,HMXL_DR,stdev,2.512460231781006
CBNMS,2012,HMXL_DR,mean,30.631210327148438
CBNMS,2012,HMXL_DR,stdev,2.926740884780884
CBNMS,2013,HMXL_DR,mean,29.56679916381836
CBNMS,2013,HMXL_DR,stdev,2.702918529510498
CBNMS,2014,HMXL_DR,mean,30.50928497314453
CBNMS,2014,HMXL_DR,stdev,2.5658586025238037
CBNMS,2015,HMXL_DR,mean,30.668622970581055
CBNMS,2015,HMXL_DR,stdev,2.5330216884613037
CBNMS,2016,HMXL_DR,mean,30.3389892578125
CBNMS,2016,HMXL_DR,stdev,2.5893161296844482
CBNMS,2017,HMXL_DR,mean,30.772899627685547
CBNMS,2017,HMXL_DR,stdev,2.7107911109924316
CBNMS,2018,HMXL_DR,mean,30.30248260498047
CBNMS,2018,HMXL_DR,stdev,2.500171184539795
CBNMS,2019,HMXL_DR,mean,30.54949951171875
CBNMS,2019,HMXL_DR,stdev,2.739380359649658
CBNMS,2020,HMXL_DR,mean,30.516794204711914
CBNMS,2020,HMXL_DR,stdev,2.859304904937744
CBNMS,2021,HMXL_DR,mean,30.48720932006836
CBNMS,2021,HMXL_DR,stdev,2.697840690612793
CBNMS,2022,HMXL_DR,mean,30.771806716918945
CBNMS,2022,HMXL_DR,stdev,2.8466544151306152
CBNMS,2023,HMXL_DR,mean,30.1917667388916
CBNMS,2023,HMXL_DR,stdev,2.648240566253662
CBNMS,2024,HMXL_DR,mean,30.661977767944336
CBNMS,2024,HMXL_DR,stdev,2.633892774581909
CBNMS,2025,HMXL_DR,mean,30.47402572631836
CBNMS,2025,HMXL_DR,stdev,2.5751235485076904
CBNMS,2026,HMXL_DR,mean,30.233592987060547
CBNMS,2026,HMXL_DR,stdev,2.5445358753204346
CBNMS,2027,HMXL_DR,mean,30.5867862701416
CBNMS,2027,HMXL_DR,stdev,2.6184885501861572
CBNMS,2028,HMXL_DR,mean,30.035171508789062
CBNMS,2028,HMXL_DR,stdev,2.6775519847869873
CBNMS,2029,HMXL_DR,mean,29.947402954101562
CBNMS,2029,HMXL_DR,stdev,2.668508529663086
CBNMS,2030,HMXL_DR,mean,30.213953018188477
CBNMS,2030,HMXL_DR,stdev,2.6908974647521973
CBNMS,2031,HMXL_DR,mean,30.389612197875977
CBNMS,2031,HMXL_DR,stdev,2.550563335418701
CBNMS,2032,HMXL_DR,mean,30.020048141479492
CBNMS,2032,HMXL_DR,stdev,2.6537179946899414
CBNMS,2033,HMXL_DR,mean,30.115642547607422
CBNMS,2033,HMXL_DR,stdev,2.5172438621520996
CBNMS,2034,HMXL_DR,mean,29.75352668762207
CBNMS,2034,HMXL_DR,stdev,2.672217607498169
CBNMS,2035,HMXL_DR,mean,29.97028160095215
CBNMS,2035,HMXL_DR,stdev,2.721548557281494
CBNMS,2036,HMXL_DR,mean,29.231462478637695
CBNMS,2036,HMXL_DR,stdev,2.7860724925994873
CBNMS,2037,HMXL_DR,mean,30.027297973632812
CBNMS,2037,HMXL_DR,stdev,2.753688335418701
CBNMS,2038,HMXL_DR,mean,29.512313842773438
CBNMS,2038,HMXL_DR,stdev,2.6861205101013184
CBNMS,2039,HMXL_DR,mean,30.274080276489258
CBNMS,2039,HMXL_DR,stdev,2.5773098468780518
CBNMS,2040,HMXL_DR,mean,30.1101131439209
CBNMS,2040,HMXL_DR,stdev,2.5439131259918213
CBNMS,2041,HMXL_DR,mean,29.78104591369629
CBNMS,2041,HMXL_DR,stdev,2.6875061988830566
CBNMS,2042,HMXL_DR,mean,30.204669952392578
CBNMS,2042,HMXL_DR,stdev,2.4330453872680664
CBNMS,2043,HMXL_DR,mean,29.973861694335938
CBNMS,2043,HMXL_DR,stdev,2.4197452068328857
CBNMS,2044,HMXL_DR,mean,30.47907257080078
CBNMS,2044,HMXL_DR,stdev,2.6226718425750732
CBNMS,2045,HMXL_DR,mean,29.552104949951172
CBNMS,2045,HMXL_DR,stdev,2.7234411239624023
CBNMS,2046,HMXL_DR,mean,29.44219207763672
CBNMS,2046,HMXL_DR,stdev,2.7676572799682617
CBNMS,2047,HMXL_DR,mean,29.20513343811035
CBNMS,2047,HMXL_DR,stdev,2.6439363956451416
CBNMS,2048,HMXL_DR,mean,30.082792282104492
CBNMS,2048,HMXL_DR,stdev,2.5954322814941406
CBNMS,2049,HMXL_DR,mean,29.859460830688477
CBNMS,2049,HMXL_DR,stdev,2.656900405883789
CBNMS,2050,HMXL_DR,mean,30.059619903564453
CBNMS,2050,HMXL_DR,stdev,2.708759069442749
CBNMS,2051,HMXL_DR,mean,29.635515213012695
CBNMS,2051,HMXL_DR,stdev,2.579768657684326
CBNMS,2052,HMXL_DR,mean,30.326772689819336
CBNMS,2052,HMXL_DR,stdev,2.60111141204834
CBNMS,2053,HMXL_DR,mean,29.83294677734375
CBNMS,2053,HMXL_DR,stdev,2.3864834308624268
CBNMS,2054,HMXL_DR,mean,29.596473693847656
CBNMS,2054,HMXL_DR,stdev,2.6593017578125
CBNMS,2055,HMXL_DR,mean,30.23716163635254
CBNMS,2055,HMXL_DR,stdev,2.5592546463012695
CBNMS,2056,HMXL_DR,mean,29.26361846923828
CBNMS,2056,HMXL_DR,stdev,2.6510250568389893
CBNMS,2057,HMXL_DR,mean,29.508338928222656
CBNMS,2057,HMXL_DR,stdev,2.699108123779297
CBNMS,2058,HMXL_DR,mean,29.067644119262695
CBNMS,2058,HMXL_DR,stdev,2.604210376739502
CBNMS,2059,HMXL_DR,mean,29.391626358032227
CBNMS,2059,HMXL_DR,stdev,2.3382725715637207
CBNMS,2060,HMXL_DR,mean,30.067203521728516
CBNMS,2060,HMXL_DR,stdev,2.438300371170044
CBNMS,2061,HMXL_DR,mean,29.7814884185791
CBNMS,2061,HMXL_DR,stdev,2.635741710662842
CBNMS,2062,HMXL_DR,mean,29.363224029541016
CBNMS,2062,HMXL_DR,stdev,2.5764756202697754
CBNMS,2063,HMXL_DR,mean,29.674829483032227
CBNMS,2063,HMXL_DR,stdev,2.5878255367279053
CBNMS,2064,HMXL_DR,mean,29.49618911743164
CBNMS,2064,HMXL_DR,stdev,2.615102767944336
CBNMS,2065,HMXL_DR,mean,29.873092651367188
CBNMS,2065,HMXL_DR,stdev,2.6629061698913574
CBNMS,2066,HMXL_DR,mean,29.699935913085938
CBNMS,2066,HMXL_DR,stdev,2.712778091430664
CBNMS,2067,HMXL_DR,mean,29.03557586669922
CBNMS,2067,HMXL_DR,stdev,2.7482192516326904
CBNMS,2068,HMXL_DR,mean,29.461210250854492
CBNMS,2068,HMXL_DR,stdev,2.505946397781372
CBNMS,2069,HMXL_DR,mean,29.87679672241211
CBNMS,2069,HMXL_DR,stdev,2.6556129455566406
CBNMS,2070,HMXL_DR,mean,29.53862190246582
CBNMS,2070,HMXL_DR,stdev,2.427415609359741
CBNMS,2071,HMXL_DR,mean,29.693378448486328
CBNMS,2071,HMXL_DR,stdev,2.563018321990967
CBNMS,2072,HMXL_DR,mean,28.7726993560791
CBNMS,2072,HMXL_DR,stdev,2.6940948963165283
CBNMS,2073,HMXL_DR,mean,29.074796676635742
CBNMS,2073,HMXL_DR,stdev,2.3296754360198975
CBNMS,2074,HMXL_DR,mean,29.445863723754883
CBNMS,2074,HMXL_DR,stdev,2.7366244792938232
CBNMS,2075,HMXL_DR,mean,28.60373306274414
CBNMS,2075,HMXL_DR,stdev,2.690095901489258
CBNMS,2076,HMXL_DR,mean,28.994600296020508
CBNMS,2076,HMXL_DR,stdev,2.2878499031066895
CBNMS,2077,HMXL_DR,mean,28.9041690826416
CBNMS,2077,HMXL_DR,stdev,2.653599977493286
CBNMS,2078,HMXL_DR,mean,28.816761016845703
CBNMS,2078,HMXL_DR,stdev,2.4915571212768555
CBNMS,2079,HMXL_DR,mean,28.883211135864258
CBNMS,2079,HMXL_DR,stdev,2.4995956420898438
CBNMS,2080,HMXL_DR,mean,29.027210235595703
CBNMS,2080,HMXL_DR,stdev,2.6760127544403076
CBNMS,2081,HMXL_DR,mean,28.12997055053711
CBNMS,2081,HMXL_DR,stdev,2.4494693279266357
CBNMS,2082,HMXL_DR,mean,29.121261596679688
CBNMS,2082,HMXL_DR,stdev,2.533867835998535
CBNMS,2083,HMXL_DR,mean,28.517051696777344
CBNMS,2083,HMXL_DR,stdev,2.7449421882629395
CBNMS,2084,HMXL_DR,mean,28.4534912109375
CBNMS,2084,HMXL_DR,stdev,2.767759323120117
CBNMS,2085,HMXL_DR,mean,28.587263107299805
CBNMS,2085,HMXL_DR,stdev,2.758741617202759
CBNMS,2086,HMXL_DR,mean,28.457904815673828
CBNMS,2086,HMXL_DR,stdev,2.6153507232666016
CBNMS,2087,HMXL_DR,mean,29.324304580688477
CBNMS,2087,HMXL_DR,stdev,2.5101754665374756
CBNMS,2088,HMXL_DR,mean,28.734560012817383
CBNMS,2088,HMXL_DR,stdev,2.6442666053771973
CBNMS,2089,HMXL_DR,mean,28.61014747619629
CBNMS,2089,HMXL_DR,stdev,2.4594950675964355
CBNMS,2090,HMXL_DR,mean,28.951068878173828
CBNMS,2090,HMXL_DR,stdev,2.6380550861358643
CBNMS,2091,HMXL_DR,mean,27.741092681884766
CBNMS,2091,HMXL_DR,stdev,2.4896302223205566
CBNMS,2092,HMXL_DR,mean,28.665119171142578
CBNMS,2092,HMXL_DR,stdev,2.464148759841919
CBNMS,2093,HMXL_DR,mean,29.0022029876709
CBNMS,2093,HMXL_DR,stdev,2.5064382553100586
CBNMS,2094,HMXL_DR,mean,28.79834747314453
CBNMS,2094,HMXL_DR,stdev,2.587602376937866
CBNMS,2095,HMXL_DR,mean,28.240386962890625
CBNMS,2095,HMXL_DR,stdev,2.4848809242248535
CBNMS,2096,HMXL_DR,mean,27.732845306396484
CBNMS,2096,HMXL_DR,stdev,2.6600208282470703
CBNMS,2097,HMXL_DR,mean,28.562721252441406
CBNMS,2097,HMXL_DR,stdev,2.554536819458008
CBNMS,2098,HMXL_DR,mean,28.2195987701416
CBNMS,2098,HMXL_DR,stdev,2.5928869247436523
CBNMS,2099,HMXL_DR,mean,28.262460708618164
CBNMS,2099,HMXL_DR,stdev,2.504774570465088
CBNMS,2100,HMXL_DR,mean,28.83326530456543
CBNMS,2100,HMXL_DR,stdev,2.646433115005493
CINMS,1990,HMXL_DR,mean,35.33417510986328
CINMS,1990,HMXL_DR,stdev,0.8320931792259216
CINMS,1991,HMXL_DR,mean,35.890716552734375
CINMS,1991,HMXL_DR,stdev,0.8755195140838623
CINMS,1992,HMXL_DR,mean,35.808563232421875
CINMS,1992,HMXL_DR,stdev,0.8193762302398682
CINMS,1993,HMXL_DR,mean,35.32196807861328
CINMS,1993,HMXL_DR,stdev,0.806419849395752
CINMS,1994,HMXL_DR,mean,35.049598693847656
CINMS,1994,HMXL_DR,stdev,0.8300029039382935
CINMS,1995,HMXL_DR,mean,35.384979248046875
CINMS,1995,HMXL_DR,stdev,0.8872708082199097
CINMS,1996,HMXL_DR,mean,35.01942825317383
CINMS,1996,HMXL_DR,stdev,0.8627811670303345
CINMS,1997,HMXL_DR,mean,34.92070007324219
CINMS,1997,HMXL_DR,stdev,0.9011309146881104
CINMS,1998,HMXL_DR,mean,35.635887145996094
CINMS,1998,HMXL_DR,stdev,0.9438638687133789
CINMS,1999,HMXL_DR,mean,34.741573333740234
CINMS,1999,HMXL_DR,stdev,0.8805903196334839
CINMS,2000,HMXL_DR,mean,34.34575271606445
CINMS,2000,HMXL_DR,stdev,0.8314474821090698
CINMS,2001,HMXL_DR,mean,34.66950225830078
CINMS,2001,HMXL_DR,stdev,0.8130275011062622
CINMS,2002,HMXL_DR,mean,35.05755615234375
CINMS,2002,HMXL_DR,stdev,0.8846815824508667
CINMS,2003,HMXL_DR,mean,35.06004333496094
CINMS,2003,HMXL_DR,stdev,0.9042941927909851
CINMS,2004,HMXL_DR,mean,34.8039436340332
CINMS,2004,HMXL_DR,stdev,0.8094679117202759
CINMS,2005,HMXL_DR,mean,34.82624053955078
CINMS,2005,HMXL_DR,stdev,0.79683917760849
CINMS,2006,HMXL_DR,mean,34.94053649902344
CINMS,2006,HMXL_DR,stdev,0.9259569048881531
CINMS,2007,HMXL_DR,mean,34.738651275634766
CINMS,2007,HMXL_DR,stdev,0.7769950032234192
CINMS,2008,HMXL_DR,mean,34.47826385498047
CINMS,2008,HMXL_DR,stdev,0.9273001551628113
CINMS,2009,HMXL_DR,mean,34.74418258666992
CINMS,2009,HMXL_DR,stdev,0.8825179934501648
CINMS,2010,HMXL_DR,mean,35.15336990356445
CINMS,2010,HMXL_DR,stdev,0.8173313736915588
CINMS,2011,HMXL_DR,mean,34.86595916748047
CINMS,2011,HMXL_DR,stdev,0.827597439289093
CINMS,2012,HMXL_DR,mean,34.779640197753906
CINMS,2012,HMXL_DR,stdev,0.9424908757209778
CINMS,2013,HMXL_DR,mean,34.16436767578125
CINMS,2013,HMXL_DR,stdev,0.892611026763916
CINMS,2014,HMXL_DR,mean,34.57204055786133
CINMS,2014,HMXL_DR,stdev,0.8544415235519409
CINMS,2015,HMXL_DR,mean,34.60099411010742
CINMS,2015,HMXL_DR,stdev,0.8423798680305481
CINMS,2016,HMXL_DR,mean,34.80947494506836
CINMS,2016,HMXL_DR,stdev,0.8657358288764954
CINMS,2017,HMXL_DR,mean,35.19242477416992
CINMS,2017,HMXL_DR,stdev,0.8806928396224976
CINMS,2018,HMXL_DR,mean,34.260623931884766
CINMS,2018,HMXL_DR,stdev,0.8283708095550537
CINMS,2019,HMXL_DR,mean,34.76186752319336
CINMS,2019,HMXL_DR,stdev,0.8257320523262024
CINMS,2020,HMXL_DR,mean,35.008262634277344
CINMS,2020,HMXL_DR,stdev,0.8820561170578003
CINMS,2021,HMXL_DR,mean,34.542381286621094
CINMS,2021,HMXL_DR,stdev,0.8859341740608215
CINMS,2022,HMXL_DR,mean,35.07332229614258
CINMS,2022,HMXL_DR,stdev,0.8523997664451599
CINMS,2023,HMXL_DR,mean,34.3880615234375
CINMS,2023,HMXL_DR,stdev,0.9140104055404663
CINMS,2024,HMXL_DR,mean,34.996490478515625
CINMS,2024,HMXL_DR,stdev,0.9046387076377869
CINMS,2025,HMXL_DR,mean,34.659080505371094
CINMS,2025,HMXL_DR,stdev,0.8885002732276917
CINMS,2026,HMXL_DR,mean,34.286590576171875
CINMS,2026,HMXL_DR,stdev,0.8546062707901001
CINMS,2027,HMXL_DR,mean,35.03140640258789
CINMS,2027,HMXL_DR,stdev,0.8516762852668762
CINMS,2028,HMXL_DR,mean,34.72721862792969
CINMS,2028,HMXL_DR,stdev,0.8602823615074158
CINMS,2029,HMXL_DR,mean,34.19422912597656
CINMS,2029,HMXL_DR,stdev,0.8061894178390503
CINMS,2030,HMXL_DR,mean,34.397125244140625
CINMS,2030,HMXL_DR,stdev,0.8194550275802612
CINMS,2031,HMXL_DR,mean,34.78981018066406
CINMS,2031,HMXL_DR,stdev,0.8935530781745911
CINMS,2032,HMXL_DR,mean,34.208988189697266
CINMS,2032,HMXL_DR,stdev,0.7892281413078308
CINMS,2033,HMXL_DR,mean,34.18281555175781
CINMS,2033,HMXL_DR,stdev,0.8627765774726868
CINMS,2034,HMXL_DR,mean,34.289649963378906
CINMS,2034,HMXL_DR,stdev,0.8954122066497803
CINMS,2035,HMXL_DR,mean,34.38795471191406
CINMS,2035,HMXL_DR,stdev,0.8214237093925476
CINMS,2036,HMXL_DR,mean,33.992218017578125
CINMS,2036,HMXL_DR,stdev,0.8370717167854309
CINMS,2037,HMXL_DR,mean,34.25541305541992
CINMS,2037,HMXL_DR,stdev,0.8643767237663269
CINMS,2038,HMXL_DR,mean,33.73596954345703
CINMS,2038,HMXL_DR,stdev,0.8452482223510742
CINMS,2039,HMXL_DR,mean,34.1951904296875
CINMS,2039,HMXL_DR,stdev,0.8130905628204346
CINMS,2040,HMXL_DR,mean,34.28219223022461
CINMS,2040,HMXL_DR,stdev,0.8184704184532166
CINMS,2041,HMXL_DR,mean,34.206539154052734
CINMS,2041,HMXL_DR,stdev,0.8638373017311096
CINMS,2042,HMXL_DR,mean,33.920772552490234
CINMS,2042,HMXL_DR,stdev,0.8653771281242371
CINMS,2043,HMXL_DR,mean,33.52419662475586
CINMS,2043,HMXL_DR,stdev,0.7969002723693848
CINMS,2044,HMXL_DR,mean,34.586544036865234
CINMS,2044,HMXL_DR,stdev,0.8256658911705017
CINMS,2045,HMXL_DR,mean,33.752437591552734
CINMS,2045,HMXL_DR,stdev,0.8051634430885315
CINMS,2046,HMXL_DR,mean,33.64609909057617
CINMS,2046,HMXL_DR,stdev,0.8436122536659241
CINMS,2047,HMXL_DR,mean,33.554874420166016
CINMS,2047,HMXL_DR,stdev,0.897953987121582
CINMS,2048,HMXL_DR,mean,34.49834442138672
CINMS,2048,HMXL_DR,stdev,0.826694667339325
CINMS,2049,HMXL_DR,mean,33.832275390625
CINMS,2049,HMXL_DR,stdev,0.8204320073127747
CINMS,2050,HMXL_DR,mean,34.109153747558594
CINMS,2050,HMXL_DR,stdev,0.8863611817359924
CINMS,2051,HMXL_DR,mean,33.77280044555664
CINMS,2051,HMXL_DR,stdev,0.8203882575035095
CINMS,2052,HMXL_DR,mean,34.369598388671875
CINMS,2052,HMXL_DR,stdev,0.913955569267273
CINMS,2053,HMXL_DR,mean,33.80229187011719
CINMS,2053,HMXL_DR,stdev,0.8504286408424377
CINMS,2054,HMXL_DR,mean,33.717281341552734
CINMS,2054,HMXL_DR,stdev,0.796066164970398
CINMS,2055,HMXL_DR,mean,34.06638717651367
CINMS,2055,HMXL_DR,stdev,0.8560466170310974
CINMS,2056,HMXL_DR,mean,33.650123596191406
CINMS,2056,HMXL_DR,stdev,0.804619312286377
CINMS,2057,HMXL_DR,mean,34.24532699584961
CINMS,2057,HMXL_DR,stdev,0.8263704776763916
CINMS,2058,HMXL_DR,mean,33.78825378417969
CINMS,2058,HMXL_DR,stdev,0.8164083361625671
CINMS,2059,HMXL_DR,mean,33.52133560180664
CINMS,2059,HMXL_DR,stdev,0.8030884861946106
CINMS,2060,HMXL_DR,mean,33.834083557128906
CINMS,2060,HMXL_DR,stdev,0.8002440929412842
CINMS,2061,HMXL_DR,mean,33.79589080810547
CINMS,2061,HMXL_DR,stdev,0.8346055746078491
CINMS,2062,HMXL_DR,mean,33.792945861816406
CINMS,2062,HMXL_DR,stdev,0.7486984133720398
CINMS,2063,HMXL_DR,mean,33.47016525268555
CINMS,2063,HMXL_DR,stdev,0.8161277174949646
CINMS,2064,HMXL_DR,mean,33.52030563354492
CINMS,2064,HMXL_DR,stdev,0.8494110703468323
CINMS,2065,HMXL_DR,mean,33.640743255615234
CINMS,2065,HMXL_DR,stdev,0.8572572469711304
CINMS,2066,HMXL_DR,mean,34.17087173461914
CINMS,2066,HMXL_DR,stdev,0.8135748505592346
CINMS,2067,HMXL_DR,mean,33.76425552368164
CINMS,2067,HMXL_DR,stdev,0.8856817483901978
CINMS,2068,HMXL_DR,mean,33.66114807128906
CINMS,2068,HMXL_DR,stdev,0.8231675028800964
CINMS,2069,HMXL_DR,mean,34.240055084228516
CINMS,2069,HMXL_DR,stdev,0.8191535472869873
CINMS,2070,HMXL_DR,mean,33.51115798950195
CINMS,2070,HMXL_DR,stdev,0.7235209941864014
CINMS,2071,HMXL_DR,mean,33.899314880371094
CINMS,2071,HMXL_DR,stdev,0.7945596575737
CINMS,2072,HMXL_DR,mean,33.86600875854492
CINMS,2072,HMXL_DR,stdev,0.7079760432243347
CINMS,2073,HMXL_DR,mean,33.32420349121094
CINMS,2073,HMXL_DR,stdev,0.7833308577537537
CINMS,2074,HMXL_DR,mean,33.399784088134766
CINMS,2074,HMXL_DR,stdev,0.7975660562515259
CINMS,2075,HMXL_DR,mean,33.860408782958984
CINMS,2075,HMXL_DR,stdev,0.7757896780967712
CINMS,2076,HMXL_DR,mean,32.934967041015625
CINMS,2076,HMXL_DR,stdev,0.804810106754303
CINMS,2077,HMXL_DR,mean,33.598854064941406
CINMS,2077,HMXL_DR,stdev,0.8254998326301575
CINMS,2078,HMXL_DR,mean,32.97703170776367
CINMS,2078,HMXL_DR,stdev,0.7400645613670349
CINMS,2079,HMXL_DR,mean,32.963706970214844
CINMS,2079,HMXL_DR,stdev,0.7636378407478333
CINMS,2080,HMXL_DR,mean,33.55915451049805
CINMS,2080,HMXL_DR,stdev,0.8070563077926636
CINMS,2081,HMXL_DR,mean,32.357017517089844
CINMS,2081,HMXL_DR,stdev,0.7741551995277405
CINMS,2082,HMXL_DR,mean,33.565452575683594
CINMS,2082,HMXL_DR,stdev,0.7328794002532959
CINMS,2083,HMXL_DR,mean,33.59784698486328
CINMS,2083,HMXL_DR,stdev,0.7782803773880005
CINMS,2084,HMXL_DR,mean,32.76957321166992
CINMS,2084,HMXL_DR,stdev,0.7974590063095093
CINMS,2085,HMXL_DR,mean,33.63294982910156
CINMS,2085,HMXL_DR,stdev,0.8648998737335205
CINMS,2086,HMXL_DR,mean,33.06820297241211
CINMS,2086,HMXL_DR,stdev,0.7916162014007568
CINMS,2087,HMXL_DR,mean,33.438636779785156
CINMS,2087,HMXL_DR,stdev,0.7917079925537109
CINMS,2088,HMXL_DR,mean,33.71215057373047
CINMS,2088,HMXL_DR,stdev,0.8238447308540344
CINMS,2089,HMXL_DR,mean,32.94922637939453
CINMS,2089,HMXL_DR,stdev,0.8120901584625244
CINMS,2090,HMXL_DR,mean,33.09348678588867
CINMS,2090,HMXL_DR,stdev,0.7552589178085327
CINMS,2091,HMXL_DR,mean,32.38203430175781
CINMS,2091,HMXL_DR,stdev,0.7071540951728821
CINMS,2092,HMXL_DR,mean,32.93613052368164
CINMS,2092,HMXL_DR,stdev,0.7803264856338501
CINMS,2093,HMXL_DR,mean,33.07936477661133
CINMS,2093,HMXL_DR,stdev,0.8302410244941711
CINMS,2094,HMXL_DR,mean,33.016395568847656
CINMS,2094,HMXL_DR,stdev,0.7789860367774963
CINMS,2095,HMXL_DR,mean,32.80860900878906
CINMS,2095,HMXL_DR,stdev,0.7538664937019348
CINMS,2096,HMXL_DR,mean,32.828285217285156
CINMS,2096,HMXL_DR,stdev,0.772831380367279
CINMS,2097,HMXL_DR,mean,32.70172882080078
CINMS,2097,HMXL_DR,stdev,0.7986050248146057
CINMS,2098,HMXL_DR,mean,32.83903121948242
CINMS,2098,HMXL_DR,stdev,0.7436074614524841
CINMS,2099,HMXL_DR,mean,32.37211608886719
CINMS,2099,HMXL_DR,stdev,0.7726266980171204
CINMS,2100,HMXL_DR,mean,33.261566162109375
CINMS,2100,HMXL_DR,stdev,0.7537538409233093
CPNMS,1990,HMXL_DR,mean,36.32815170288086
CPNMS,1990,HMXL_DR,stdev,0.8360501527786255
CPNMS,1991,HMXL_DR,mean,36.777767181396484
CPNMS,1991,HMXL_DR,stdev,0.9327393174171448
CPNMS,1992,HMXL_DR,mean,36.482486724853516
CPNMS,1992,HMXL_DR,stdev,0.9361774921417236
CPNMS,1993,HMXL_DR,mean,35.86742401123047
CPNMS,1993,HMXL_DR,stdev,0.8974967002868652
CPNMS,1994,HMXL_DR,mean,35.82853317260742
CPNMS,1994,HMXL_DR,stdev,0.9146003723144531
CPNMS,1995,HMXL_DR,mean,36.34817886352539
CPNMS,1995,HMXL_DR,stdev,0.8590671420097351
CPNMS,1996,HMXL_DR,mean,35.854095458984375
CPNMS,1996,HMXL_DR,stdev,0.8768869042396545
CPNMS,1997,HMXL_DR,mean,35.92437744140625
CPNMS,1997,HMXL_DR,stdev,0.8852863907814026
CPNMS,1998,HMXL_DR,mean,36.63875198364258
CPNMS,1998,HMXL_DR,stdev,0.9383919835090637
CPNMS,1999,HMXL_DR,mean,35.61545944213867
CPNMS,1999,HMXL_DR,stdev,0.9496036767959595
CPNMS,2000,HMXL_DR,mean,35.180423736572266
CPNMS,2000,HMXL_DR,stdev,0.8771476149559021
CPNMS,2001,HMXL_DR,mean,35.47855758666992
CPNMS,2001,HMXL_DR,stdev,0.8063583970069885
CPNMS,2002,HMXL_DR,mean,36.00811767578125
CPNMS,2002,HMXL_DR,stdev,0.8583173751831055
CPNMS,2003,HMXL_DR,mean,36.01497268676758
CPNMS,2003,HMXL_DR,stdev,0.8841707110404968
CPNMS,2004,HMXL_DR,mean,35.66140365600586
CPNMS,2004,HMXL_DR,stdev,0.8370645642280579
CPNMS,2005,HMXL_DR,mean,35.61404037475586
CPNMS,2005,HMXL_DR,stdev,0.8501592874526978
CPNMS,2006,HMXL_DR,mean,36.0716667175293
CPNMS,2006,HMXL_DR,stdev,0.8791072964668274
CPNMS,2007,HMXL_DR,mean,35.268836975097656
CPNMS,2007,HMXL_DR,stdev,0.8802101612091064
CPNMS,2008,HMXL_DR,mean,35.56173324584961
CPNMS,2008,HMXL_DR,stdev,0.9136109948158264
CPNMS,2009,HMXL_DR,mean,35.714351654052734
CPNMS,2009,HMXL_DR,stdev,0.8184327483177185
CPNMS,2010,HMXL_DR,mean,35.96869659423828
CPNMS,2010,HMXL_DR,stdev,0.8326894640922546
CPNMS,2011,HMXL_DR,mean,35.85383605957031
CPNMS,2011,HMXL_DR,stdev,0.7623670697212219
CPNMS,2012,HMXL_DR,mean,35.91001510620117
CPNMS,2012,HMXL_DR,stdev,0.9074945449829102
CPNMS,2013,HMXL_DR,mean,35.03713607788086
CPNMS,2013,HMXL_DR,stdev,0.9104217290878296
CPNMS,2014,HMXL_DR,mean,35.39339828491211
CPNMS,2014,HMXL_DR,stdev,0.9069581031799316
CPNMS,2015,HMXL_DR,mean,35.49313735961914
CPNMS,2015,HMXL_DR,stdev,0.849081814289093
CPNMS,2016,HMXL_DR,mean,35.696292877197266
CPNMS,2016,HMXL_DR,stdev,0.8125438094139099
CPNMS,2017,HMXL_DR,mean,35.97984313964844
CPNMS,2017,HMXL_DR,stdev,0.9053458571434021
CPNMS,2018,HMXL_DR,mean,35.083473205566406
CPNMS,2018,HMXL_DR,stdev,0.7887862324714661
CPNMS,2019,HMXL_DR,mean,35.62924575805664
CPNMS,2019,HMXL_DR,stdev,0.7909025549888611
CPNMS,2020,HMXL_DR,mean,35.97459411621094
CPNMS,2020,HMXL_DR,stdev,0.8792051672935486
CPNMS,2021,HMXL_DR,mean,35.5802116394043
CPNMS,2021,HMXL_DR,stdev,0.8079587817192078
CPNMS,2022,HMXL_DR,mean,35.83979415893555
CPNMS,2022,HMXL_DR,stdev,0.8423879146575928
CPNMS,2023,HMXL_DR,mean,35.254722595214844
CPNMS,2023,HMXL_DR,stdev,0.974490761756897
CPNMS,2024,HMXL_DR,mean,35.97981643676758
CPNMS,2024,HMXL_DR,stdev,0.8453294634819031
CPNMS,2025,HMXL_DR,mean,35.638065338134766
CPNMS,2025,HMXL_DR,stdev,0.8445720076560974
CPNMS,2026,HMXL_DR,mean,35.1718635559082
CPNMS,2026,HMXL_DR,stdev,0.7845087647438049
CPNMS,2027,HMXL_DR,mean,35.828399658203125
CPNMS,2027,HMXL_DR,stdev,0.8886292576789856
CPNMS,2028,HMXL_DR,mean,35.40217971801758
CPNMS,2028,HMXL_DR,stdev,0.9460768103599548
CPNMS,2029,HMXL_DR,mean,34.91969680786133
CPNMS,2029,HMXL_DR,stdev,0.8184480667114258
CPNMS,2030,HMXL_DR,mean,35.145416259765625
CPNMS,2030,HMXL_DR,stdev,0.8372063636779785
CPNMS,2031,HMXL_DR,mean,35.677650451660156
CPNMS,2031,HMXL_DR,stdev,0.8978830575942993
CPNMS,2032,HMXL_DR,mean,34.984779357910156
CPNMS,2032,HMXL_DR,stdev,0.7659804224967957
CPNMS,2033,HMXL_DR,mean,35.04545593261719
CPNMS,2033,HMXL_DR,stdev,0.8502745032310486
CPNMS,2034,HMXL_DR,mean,35.044837951660156
CPNMS,2034,HMXL_DR,stdev,0.9298406839370728
CPNMS,2035,HMXL_DR,mean,35.084983825683594
CPNMS,2035,HMXL_DR,stdev,0.8657137751579285
CPNMS,2036,HMXL_DR,mean,34.63549041748047
CPNMS,2036,HMXL_DR,stdev,0.9187173843383789
CPNMS,2037,HMXL_DR,mean,35.008087158203125
CPNMS,2037,HMXL_DR,stdev,0.9507970809936523
CPNMS,2038,HMXL_DR,mean,34.48423385620117
CPNMS,2038,HMXL_DR,stdev,0.9103531241416931
CPNMS,2039,HMXL_DR,mean,34.97372055053711
CPNMS,2039,HMXL_DR,stdev,0.842779278755188
CPNMS,2040,HMXL_DR,mean,35.06209182739258
CPNMS,2040,HMXL_DR,stdev,0.7689439654350281
CPNMS,2041,HMXL_DR,mean,35.091888427734375
CPNMS,2041,HMXL_DR,stdev,0.8855079412460327
CPNMS,2042,HMXL_DR,mean,34.77255630493164
CPNMS,2042,HMXL_DR,stdev,0.8256762623786926
CPNMS,2043,HMXL_DR,mean,34.376007080078125
CPNMS,2043,HMXL_DR,stdev,0.8155199885368347
CPNMS,2044,HMXL_DR,mean,35.48501968383789
CPNMS,2044,HMXL_DR,stdev,0.80886077880859375
CPNMS,2045,HMXL_DR,mean,34.41800308227539
CPNMS,2045,HMXL_DR,stdev,0.860724925994873
CPNMS,2046,HMXL_DR,mean,34.4164924621582
CPNMS,2046,HMXL_DR,stdev,0.8513545989990234
CPNMS,2047,HMXL_DR,mean,34.45474624633789
CPNMS,2047,HMXL_DR,stdev,0.8463274836540222
CPNMS,2048,HMXL_DR,mean,35.262149810791016
CPNMS,2048,HMXL_DR,stdev,0.8375800848007202
CPNMS,2049,HMXL_DR,mean,34.701236724853516
CPNMS,2049,HMXL_DR,stdev,0.7947401404380798
CPNMS,2050,HMXL_DR,mean,35.080291748046875
CPNMS,2050,HMXL_DR,stdev,0.8784950971603394
CPNMS,2051,HMXL_DR,mean,34.53447723388672
CPNMS,2051,HMXL_DR,stdev,0.8243933916091919
CPNMS,2052,HMXL_DR,mean,35.24860382080078
CPNMS,2052,HMXL_DR,stdev,0.8566374778747559
CPNMS,2053,HMXL_DR,mean,34.650962829589844
CPNMS,2053,HMXL_DR,stdev,0.8080994486808777
CPNMS,2054,HMXL_DR,mean,34.46662139892578
CPNMS,2054,HMXL_DR,stdev,0.7934263348579407
CPNMS,2055,HMXL_DR,mean,34.9126091003418
CPNMS,2055,HMXL_DR,stdev,0.8441534638404846
CPNMS,2056,HMXL_DR,mean,34.30376434326172
CPNMS,2056,HMXL_DR,stdev,0.8155701160430908
CPNMS,2057,HMXL_DR,mean,34.929161071777344
CPNMS,2057,HMXL_DR,stdev,0.8075399398803711
CPNMS,2058,HMXL_DR,mean,34.34138107299805
CPNMS,2058,HMXL_DR,stdev,0.8470830917358398
CPNMS,2059,HMXL_DR,mean,34.30039596557617
CPNMS,2059,HMXL_DR,stdev,0.7893321514129639
CPNMS,2060,HMXL_DR,mean,34.622779846191406
CPNMS,2060,HMXL_DR,stdev,0.7350669503211975
CPNMS,2061,HMXL_DR,mean,34.61248016357422
CPNMS,2061,HMXL_DR,stdev,0.8127412796020508
CPNMS,2062,HMXL_DR,mean,34.21997833251953
CPNMS,2062,HMXL_DR,stdev,0.8229023814201355
CPNMS,2063,HMXL_DR,mean,34.26171112060547
CPNMS,2063,HMXL_DR,stdev,0.8112008571624756
CPNMS,2064,HMXL_DR,mean,34.307098388671875
CPNMS,2064,HMXL_DR,stdev,0.8200013637542725
CPNMS,2065,HMXL_DR,mean,34.51394271850586
CPNMS,2065,HMXL_DR,stdev,0.7957042455673218
CPNMS,2066,HMXL_DR,mean,34.95408248901367
CPNMS,2066,HMXL_DR,stdev,0.8178732991218567
CPNMS,2067,HMXL_DR,mean,34.507225036621094
CPNMS,2067,HMXL_DR,stdev,0.8657366037368774
CPNMS,2068,HMXL_DR,mean,34.29573059082031
CPNMS,2068,HMXL_DR,stdev,0.8296276926994324
CPNMS,2069,HMXL_DR,mean,35.00617980957031
CPNMS,2069,HMXL_DR,stdev,0.7926063537597656
CPNMS,2070,HMXL_DR,mean,34.11241149902344
CPNMS,2070,HMXL_DR,stdev,0.7331351041793823
CPNMS,2071,HMXL_DR,mean,34.602386474609375
CPNMS,2071,HMXL_DR,stdev,0.7587884664535522
CPNMS,2072,HMXL_DR,mean,34.24874496459961
CPNMS,2072,HMXL_DR,stdev,0.8142146468162537
CPNMS,2073,HMXL_DR,mean,33.93199920654297
CPNMS,2073,HMXL_DR,stdev,0.761952817440033
CPNMS,2074,HMXL_DR,mean,34.21159362792969
CPNMS,2074,HMXL_DR,stdev,0.7555215954780579
CPNMS,2075,HMXL_DR,mean,34.29022979736328
CPNMS,2075,HMXL_DR,stdev,0.8947566151618958
CPNMS,2076,HMXL_DR,mean,33.66839599609375
CPNMS,2076,HMXL_DR,stdev,0.7346824407577515
CPNMS,2077,HMXL_DR,mean,34.20820236206055
CPNMS,2077,HMXL_DR,stdev,0.8893721699714661
CPNMS,2078,HMXL_DR,mean,33.59580612182617
CPNMS,2078,HMXL_DR,stdev,0.7669615745544434
CPNMS,2079,HMXL_DR,mean,33.52443313598633
CPNMS,2079,HMXL_DR,stdev,0.8449150323867798
CPNMS,2080,HMXL_DR,mean,34.09513854980469
CPNMS,2080,HMXL_DR,stdev,0.8421171307563782
CPNMS,2081,HMXL_DR,mean,32.9621696472168
CPNMS,2081,HMXL_DR,stdev,0.7591767311096191
CPNMS,2082,HMXL_DR,mean,34.140174865722656
CPNMS,2082,HMXL_DR,stdev,0.7030990123748779
CPNMS,2083,HMXL_DR,mean,34.15009689331055
CPNMS,2083,HMXL_DR,stdev,0.8576833009719849
CPNMS,2084,HMXL_DR,mean,33.4921760559082
CPNMS,2084,HMXL_DR,stdev,0.7876659631729126
CPNMS,2085,HMXL_DR,mean,34.33303451538086
CPNMS,2085,HMXL_DR,stdev,0.831589937210083
CPNMS,2086,HMXL_DR,mean,33.7274284362793
CPNMS,2086,HMXL_DR,stdev,0.7431884407997131
CPNMS,2087,HMXL_DR,mean,34.097145080566406
CPNMS,2087,HMXL_DR,stdev,0.7827755808830261
CPNMS,2088,HMXL_DR,mean,34.248870849609375
CPNMS,2088,HMXL_DR,stdev,0.833465576171875
CPNMS,2089,HMXL_DR,mean,33.62562942504883
CPNMS,2089,HMXL_DR,stdev,0.7365283370018005
CPNMS,2090,HMXL_DR,mean,33.685997009277344
CPNMS,2090,HMXL_DR,stdev,0.7488797307014465
CPNMS,2091,HMXL_DR,mean,32.810890197753906
CPNMS,2091,HMXL_DR,stdev,0.81992506980896
CPNMS,2092,HMXL_DR,mean,33.63043212890625
CPNMS,2092,HMXL_DR,stdev,0.7550544142723083
CPNMS,2093,HMXL_DR,mean,33.88473129272461
CPNMS,2093,HMXL_DR,stdev,0.7523533701896667
CPNMS,2094,HMXL_DR,mean,33.6878662109375
CPNMS,2094,HMXL_DR,stdev,0.7718826532363892
CPNMS,2095,HMXL_DR,mean,33.37852478027344
CPNMS,2095,HMXL_DR,stdev,0.7888028025627136
CPNMS,2096,HMXL_DR,mean,33.29973602294922
CPNMS,2096,HMXL_DR,stdev,0.8146724700927734
CPNMS,2097,HMXL_DR,mean,33.40691375732422
CPNMS,2097,HMXL_DR,stdev,0.7595766186714172
CPNMS,2098,HMXL_DR,mean,33.27117919921875
CPNMS,2098,HMXL_DR,stdev,0.7934064269065857
CPNMS,2099,HMXL_DR,mean,33.00007247924805
CPNMS,2099,HMXL_DR,stdev,0.7664240002632141
CPNMS,2100,HMXL_DR,mean,33.813072204589844
CPNMS,2100,HMXL_DR,stdev,0.7292120456695557
FGBNMS,1990,HMXL_DR,mean,45.55696105957031
FGBNMS,1990,HMXL_DR,stdev,4.899768352508545
FGBNMS,1991,HMXL_DR,mean,45.20140838623047
FGBNMS,1991,HMXL_DR,stdev,4.767395496368408
FGBNMS,1992,HMXL_DR,mean,45.72535705566406
FGBNMS,1992,HMXL_DR,stdev,4.863069534301758
FGBNMS,1993,HMXL_DR,mean,45.37309646606445
FGBNMS,1993,HMXL_DR,stdev,4.8922319412231445
FGBNMS,1994,HMXL_DR,mean,45.07876968383789
FGBNMS,1994,HMXL_DR,stdev,4.657583713531494
FGBNMS,1995,HMXL_DR,mean,44.53132629394531
FGBNMS,1995,HMXL_DR,stdev,4.634796142578125
FGBNMS,1996,HMXL_DR,mean,45.152828216552734
FGBNMS,1996,HMXL_DR,stdev,4.660593509674072
FGBNMS,1997,HMXL_DR,mean,44.33214569091797
FGBNMS,1997,HMXL_DR,stdev,4.400074481964111
FGBNMS,1998,HMXL_DR,mean,44.063941955566406
FGBNMS,1998,HMXL_DR,stdev,4.5536932945251465
FGBNMS,1999,HMXL_DR,mean,43.92863082885742
FGBNMS,1999,HMXL_DR,stdev,4.396596908569336
FGBNMS,2000,HMXL_DR,mean,44.789276123046875
FGBNMS,2000,HMXL_DR,stdev,4.538171291351318
FGBNMS,2001,HMXL_DR,mean,43.585205078125
FGBNMS,2001,HMXL_DR,stdev,4.262918949127197
FGBNMS,2002,HMXL_DR,mean,43.83271026611328
FGBNMS,2002,HMXL_DR,stdev,4.394076347351074
FGBNMS,2003,HMXL_DR,mean,44.773860931396484
FGBNMS,2003,HMXL_DR,stdev,4.632816791534424
FGBNMS,2004,HMXL_DR,mean,44.23923110961914
FGBNMS,2004,HMXL_DR,stdev,4.535667419433594
FGBNMS,2005,HMXL_DR,mean,45.03189468383789
FGBNMS,2005,HMXL_DR,stdev,4.726263523101807
FGBNMS,2006,HMXL_DR,mean,43.94526672363281
FGBNMS,2006,HMXL_DR,stdev,4.396513938903809
FGBNMS,2007,HMXL_DR,mean,45.10113525390625
FGBNMS,2007,HMXL_DR,stdev,4.733774662017822
FGBNMS,2008,HMXL_DR,mean,44.8125
FGBNMS,2008,HMXL_DR,stdev,4.461829662322998
FGBNMS,2009,HMXL_DR,mean,43.82084655761719
FGBNMS,2009,HMXL_DR,stdev,4.39794921875
FGBNMS,2010,HMXL_DR,mean,45.14920425415039
FGBNMS,2010,HMXL_DR,stdev,4.775428295135498
FGBNMS,2011,HMXL_DR,mean,44.93254852294922
FGBNMS,2011,HMXL_DR,stdev,4.7006754875183105
FGBNMS,2012,HMXL_DR,mean,45.16209411621094
FGBNMS,2012,HMXL_DR,stdev,4.6049652099609375
FGBNMS,2013,HMXL_DR,mean,44.60757827758789
FGBNMS,2013,HMXL_DR,stdev,4.5056843757629395
FGBNMS,2014,HMXL_DR,mean,45.10673904418945
FGBNMS,2014,HMXL_DR,stdev,4.714578628540039
FGBNMS,2015,HMXL_DR,mean,45.239036560058594
FGBNMS,2015,HMXL_DR,stdev,4.722138404846191
FGBNMS,2016,HMXL_DR,mean,45.22684860229492
FGBNMS,2016,HMXL_DR,stdev,4.688013553619385
FGBNMS,2017,HMXL_DR,mean,45.63937759399414
FGBNMS,2017,HMXL_DR,stdev,4.921573638916016
FGBNMS,2018,HMXL_DR,mean,44.903865814208984
FGBNMS,2018,HMXL_DR,stdev,4.6433916091918945
FGBNMS,2019,HMXL_DR,mean,44.886695861816406
FGBNMS,2019,HMXL_DR,stdev,4.706727981567383
FGBNMS,2020,HMXL_DR,mean,44.80492401123047
FGBNMS,2020,HMXL_DR,stdev,4.8541975021362305
FGBNMS,2021,HMXL_DR,mean,45.01383590698242
FGBNMS,2021,HMXL_DR,stdev,4.681142807006836
FGBNMS,2022,HMXL_DR,mean,45.20450210571289
FGBNMS,2022,HMXL_DR,stdev,4.779358386993408
FGBNMS,2023,HMXL_DR,mean,44.963043212890625
FGBNMS,2023,HMXL_DR,stdev,4.700207233428955
FGBNMS,2024,HMXL_DR,mean,44.82728576660156
FGBNMS,2024,HMXL_DR,stdev,4.744750022888184
FGBNMS,2025,HMXL_DR,mean,45.24378967285156
FGBNMS,2025,HMXL_DR,stdev,4.774090766906738
FGBNMS,2026,HMXL_DR,mean,45.10363006591797
FGBNMS,2026,HMXL_DR,stdev,4.6597819328308105
FGBNMS,2027,HMXL_DR,mean,45.77513122558594
FGBNMS,2027,HMXL_DR,stdev,5.07489013671875
FGBNMS,2028,HMXL_DR,mean,45.94713592529297
FGBNMS,2028,HMXL_DR,stdev,4.999840259552002
FGBNMS,2029,HMXL_DR,mean,46.2747917175293
FGBNMS,2029,HMXL_DR,stdev,5.031508922576904
FGBNMS,2030,HMXL_DR,mean,45.00164031982422
FGBNMS,2030,HMXL_DR,stdev,4.744735240936279
FGBNMS,2031,HMXL_DR,mean,44.247032165527344
FGBNMS,2031,HMXL_DR,stdev,4.726693153381348
FGBNMS,2032,HMXL_DR,mean,45.26206588745117
FGBNMS,2032,HMXL_DR,stdev,4.884090900421143
FGBNMS,2033,HMXL_DR,mean,45.54927444458008
FGBNMS,2033,HMXL_DR,stdev,4.9592742919921875
FGBNMS,2034,HMXL_DR,mean,45.39934539794922
FGBNMS,2034,HMXL_DR,stdev,4.899279594421387
FGBNMS,2035,HMXL_DR,mean,45.173095703125
FGBNMS,2035,HMXL_DR,stdev,4.910681247711182
FGBNMS,2036,HMXL_DR,mean,45.543968200683594
FGBNMS,2036,HMXL_DR,stdev,5.022275924682617
FGBNMS,2037,HMXL_DR,mean,45.4674186706543
FGBNMS,2037,HMXL_DR,stdev,4.958836555480957
FGBNMS,2038,HMXL_DR,mean,45.89446258544922
FGBNMS,2038,HMXL_DR,stdev,4.959879398345947
FGBNMS,2039,HMXL_DR,mean,44.80384826660156
FGBNMS,2039,HMXL_DR,stdev,4.812202453613281
FGBNMS,2040,HMXL_DR,mean,46.179161071777344
FGBNMS,2040,HMXL_DR,stdev,5.098755359649658
FGBNMS,2041,HMXL_DR,mean,45.48490524291992
FGBNMS,2041,HMXL_DR,stdev,4.9868927001953125
FGBNMS,2042,HMXL_DR,mean,44.737892150878906
FGBNMS,2042,HMXL_DR,stdev,4.837321758270264
FGBNMS,2043,HMXL_DR,mean,45.231285095214844
FGBNMS,2043,HMXL_DR,stdev,4.948497772216797
FGBNMS,2044,HMXL_DR,mean,45.903038024902344
FGBNMS,2044,HMXL_DR,stdev,5.213195323944092
FGBNMS,2045,HMXL_DR,mean,46.3663444519043
FGBNMS,2045,HMXL_DR,stdev,5.307878017425537
FGBNMS,2046,HMXL_DR,mean,45.53541946411133
FGBNMS,2046,HMXL_DR,stdev,5.082277297973633
FGBNMS,2047,HMXL_DR,mean,45.688568115234375
FGBNMS,2047,HMXL_DR,stdev,5.251000881195068
FGBNMS,2048,HMXL_DR,mean,46.43165969848633
FGBNMS,2048,HMXL_DR,stdev,5.337201118469238
FGBNMS,2049,HMXL_DR,mean,46.438438415527344
FGBNMS,2049,HMXL_DR,stdev,5.345191955566406
FGBNMS,2050,HMXL_DR,mean,46.17097473144531
FGBNMS,2050,HMXL_DR,stdev,5.130058765411377
FGBNMS,2051,HMXL_DR,mean,45.253395080566406
FGBNMS,2051,HMXL_DR,stdev,5.080434322357178
FGBNMS,2052,HMXL_DR,mean,45.974334716796875
FGBNMS,2052,HMXL_DR,stdev,5.2938408851623535
FGBNMS,2053,HMXL_DR,mean,46.35938262939453
FGBNMS,2053,HMXL_DR,stdev,5.253755569458008
FGBNMS,2054,HMXL_DR,mean,45.746829986572266
FGBNMS,2054,HMXL_DR,stdev,5.286452770233154
FGBNMS,2055,HMXL_DR,mean,46.373775482177734
FGBNMS,2055,HMXL_DR,stdev,5.330126762390137
FGBNMS,2056,HMXL_DR,mean,45.71847152709961
FGBNMS,2056,HMXL_DR,stdev,5.287890911102295
FGBNMS,2057,HMXL_DR,mean,46.822288513183594
FGBNMS,2057,HMXL_DR,stdev,5.522802352905273
FGBNMS,2058,HMXL_DR,mean,46.69380569458008
FGBNMS,2058,HMXL_DR,stdev,5.525587558746338
FGBNMS,2059,HMXL_DR,mean,46.0350227355957
FGBNMS,2059,HMXL_DR,stdev,5.318361759185791
FGBNMS,2060,HMXL_DR,mean,47.04263687133789
FGBNMS,2060,HMXL_DR,stdev,5.741110801696777
FGBNMS,2061,HMXL_DR,mean,47.18488311767578
FGBNMS,2061,HMXL_DR,stdev,5.591691493988037
FGBNMS,2062,HMXL_DR,mean,47.536216735839844
FGBNMS,2062,HMXL_DR,stdev,5.745457172393799
FGBNMS,2063,HMXL_DR,mean,47.41590118408203
FGBNMS,2063,HMXL_DR,stdev,5.713618278503418
FGBNMS,2064,HMXL_DR,mean,46.75308609008789
FGBNMS,2064,HMXL_DR,stdev,5.624152183532715
FGBNMS,2065,HMXL_DR,mean,46.47725296020508
FGBNMS,2065,HMXL_DR,stdev,5.418451309204102
FGBNMS,2066,HMXL_DR,mean,47.312557220458984
FGBNMS,2066,HMXL_DR,stdev,5.809235572814941
FGBNMS,2067,HMXL_DR,mean,47.84850311279297
FGBNMS,2067,HMXL_DR,stdev,5.977353572845459
FGBNMS,2068,HMXL_DR,mean,47.57906723022461
FGBNMS,2068,HMXL_DR,stdev,5.803201675415039
FGBNMS,2069,HMXL_DR,mean,46.86135482788086
FGBNMS,2069,HMXL_DR,stdev,5.683653831481934
FGBNMS,2070,HMXL_DR,mean,46.50209045410156
FGBNMS,2070,HMXL_DR,stdev,5.633768081665039
FGBNMS,2071,HMXL_DR,mean,47.51736831665039
FGBNMS,2071,HMXL_DR,stdev,5.867372512817383
FGBNMS,2072,HMXL_DR,mean,47.971954345703125
FGBNMS,2072,HMXL_DR,stdev,6.035688400268555
FGBNMS,2073,HMXL_DR,mean,48.008872985839844
FGBNMS,2073,HMXL_DR,stdev,6.256540775299072
FGBNMS,2074,HMXL_DR,mean,47.688297271728516
FGBNMS,2074,HMXL_DR,stdev,5.993393898010254
FGBNMS,2075,HMXL_DR,mean,49.475059509277344
FGBNMS,2075,HMXL_DR,stdev,6.526986122131348
FGBNMS,2076,HMXL_DR,mean,47.764007568359375
FGBNMS,2076,HMXL_DR,stdev,6.050634384155273
FGBNMS,2077,HMXL_DR,mean,48.63597869873047
FGBNMS,2077,HMXL_DR,stdev,6.399277210235596
FGBNMS,2078,HMXL_DR,mean,47.711456298828125
FGBNMS,2078,HMXL_DR,stdev,6.125156402587891
FGBNMS,2079,HMXL_DR,mean,48.933929443359375
FGBNMS,2079,HMXL_DR,stdev,6.3896636962890625
FGBNMS,2080,HMXL_DR,mean,49.44384002685547
FGBNMS,2080,HMXL_DR,stdev,6.487857818603516
FGBNMS,2081,HMXL_DR,mean,47.931800842285156
FGBNMS,2081,HMXL_DR,stdev,6.063451766967773
FGBNMS,2082,HMXL_DR,mean,48.06010055541992
FGBNMS,2082,HMXL_DR,stdev,6.190847873687744
FGBNMS,2083,HMXL_DR,mean,49.01913833618164
FGBNMS,2083,HMXL_DR,stdev,6.332639217376709
FGBNMS,2084,HMXL_DR,mean,47.966651916503906
FGBNMS,2084,HMXL_DR,stdev,6.208580493927002
FGBNMS,2085,HMXL_DR,mean,49.17158889770508
FGBNMS,2085,HMXL_DR,stdev,6.454844951629639
FGBNMS,2086,HMXL_DR,mean,48.751895904541016
FGBNMS,2086,HMXL_DR,stdev,6.400063991546631
FGBNMS,2087,HMXL_DR,mean,49.46700668334961
FGBNMS,2087,HMXL_DR,stdev,6.598290920257568
FGBNMS,2088,HMXL_DR,mean,49.456363677978516
FGBNMS,2088,HMXL_DR,stdev,6.673332214355469
FGBNMS,2089,HMXL_DR,mean,48.887107849121094
FGBNMS,2089,HMXL_DR,stdev,6.471345901489258
FGBNMS,2090,HMXL_DR,mean,48.740867614746094
FGBNMS,2090,HMXL_DR,stdev,6.480234146118164
FGBNMS,2091,HMXL_DR,mean,48.62646484375
FGBNMS,2091,HMXL_DR,stdev,6.471379280090332
FGBNMS,2092,HMXL_DR,mean,49.45380401611328
FGBNMS,2092,HMXL_DR,stdev,6.723548889160156
FGBNMS,2093,HMXL_DR,mean,50.004703521728516
FGBNMS,2093,HMXL_DR,stdev,6.8941545486450195
FGBNMS,2094,HMXL_DR,mean,48.67134475708008
FGBNMS,2094,HMXL_DR,stdev,6.593768119812012
FGBNMS,2095,HMXL_DR,mean,49.543907165527344
FGBNMS,2095,HMXL_DR,stdev,6.681503772735596
FGBNMS,2096,HMXL_DR,mean,49.90666580200195
FGBNMS,2096,HMXL_DR,stdev,6.749993324279785
FGBNMS,2097,HMXL_DR,mean,49.81896209716797
FGBNMS,2097,HMXL_DR,stdev,6.856378078460693
FGBNMS,2098,HMXL_DR,mean,50.64448165893555
FGBNMS,2098,HMXL_DR,stdev,7.115324020385742
FGBNMS,2099,HMXL_DR,mean,50.038448333740234
FGBNMS,2099,HMXL_DR,stdev,6.866793632507324
FGBNMS,2100,HMXL_DR,mean,50.692108154296875
FGBNMS,2100,HMXL_DR,stdev,6.972101211547852
FKNMS,1990,HMXL_DR,mean,37.64468002319336
FKNMS,1990,HMXL_DR,stdev,1.7883656024932861
FKNMS,1991,HMXL_DR,mean,37.58738327026367
FKNMS,1991,HMXL_DR,stdev,1.8066339492797852
FKNMS,1992,HMXL_DR,mean,37.338375091552734
FKNMS,1992,HMXL_DR,stdev,1.8623510599136353
FKNMS,1993,HMXL_DR,mean,37.41256332397461
FKNMS,1993,HMXL_DR,stdev,1.7969831228256226
FKNMS,1994,HMXL_DR,mean,36.63517761230469
FKNMS,1994,HMXL_DR,stdev,1.7751489877700806
FKNMS,1995,HMXL_DR,mean,37.35799026489258
FKNMS,1995,HMXL_DR,stdev,1.8334178924560547
FKNMS,1996,HMXL_DR,mean,36.406681060791016
FKNMS,1996,HMXL_DR,stdev,1.7131041288375854
FKNMS,1997,HMXL_DR,mean,37.105045318603516
FKNMS,1997,HMXL_DR,stdev,1.7751898765563965
FKNMS,1998,HMXL_DR,mean,36.5450439453125
FKNMS,1998,HMXL_DR,stdev,1.8078383207321167
FKNMS,1999,HMXL_DR,mean,36.918521881103516
FKNMS,1999,HMXL_DR,stdev,1.7101627588272095
FKNMS,2000,HMXL_DR,mean,36.96271514892578
FKNMS,2000,HMXL_DR,stdev,1.7809579372406006
FKNMS,2001,HMXL_DR,mean,36.71993637084961
FKNMS,2001,HMXL_DR,stdev,1.7110991477966309
FKNMS,2002,HMXL_DR,mean,36.97645950317383
FKNMS,2002,HMXL_DR,stdev,1.7519450187683105
FKNMS,2003,HMXL_DR,mean,37.55710220336914
FKNMS,2003,HMXL_DR,stdev,1.807507872581482
FKNMS,2004,HMXL_DR,mean,37.0828742980957
FKNMS,2004,HMXL_DR,stdev,1.7526034116744995
FKNMS,2005,HMXL_DR,mean,37.154930114746094
FKNMS,2005,HMXL_DR,stdev,1.7572885751724243
FKNMS,2006,HMXL_DR,mean,37.170475006103516
FKNMS,2006,HMXL_DR,stdev,1.7798179388046265
FKNMS,2007,HMXL_DR,mean,37.202823638916016
FKNMS,2007,HMXL_DR,stdev,1.7666922807693481
FKNMS,2008,HMXL_DR,mean,37.005706787109375
FKNMS,2008,HMXL_DR,stdev,1.7384867668151855
FKNMS,2009,HMXL_DR,mean,36.91396713256836
FKNMS,2009,HMXL_DR,stdev,1.723317265510559
FKNMS,2010,HMXL_DR,mean,37.41400146484375
FKNMS,2010,HMXL_DR,stdev,1.8255693912506104
FKNMS,2011,HMXL_DR,mean,37.6315803527832
FKNMS,2011,HMXL_DR,stdev,1.8089115619659424
FKNMS,2012,HMXL_DR,mean,37.244956970214844
FKNMS,2012,HMXL_DR,stdev,1.7717397212982178
FKNMS,2013,HMXL_DR,mean,37.19642639160156
FKNMS,2013,HMXL_DR,stdev,1.7906007766723633
FKNMS,2014,HMXL_DR,mean,37.207794189453125
FKNMS,2014,HMXL_DR,stdev,1.8002395629882812
FKNMS,2015,HMXL_DR,mean,38.07521438598633
FKNMS,2015,HMXL_DR,stdev,1.8216462135314941
FKNMS,2016,HMXL_DR,mean,37.50516128540039
FKNMS,2016,HMXL_DR,stdev,1.7644561529159546
FKNMS,2017,HMXL_DR,mean,37.46664810180664
FKNMS,2017,HMXL_DR,stdev,1.8207453489303589
FKNMS,2018,HMXL_DR,mean,38.143768310546875
FKNMS,2018,HMXL_DR,stdev,1.8221982717514038
FKNMS,2019,HMXL_DR,mean,37.339229583740234
FKNMS,2019,HMXL_DR,stdev,1.7689673900604248
FKNMS,2020,HMXL_DR,mean,37.4920768737793
FKNMS,2020,HMXL_DR,stdev,1.7905548810958862
FKNMS,2021,HMXL_DR,mean,37.91304016113281
FKNMS,2021,HMXL_DR,stdev,1.8338451385498047
FKNMS,2022,HMXL_DR,mean,37.805335998535156
FKNMS,2022,HMXL_DR,stdev,1.8071043491363525
FKNMS,2023,HMXL_DR,mean,37.54937744140625
FKNMS,2023,HMXL_DR,stdev,1.830679178237915
FKNMS,2024,HMXL_DR,mean,37.716678619384766
FKNMS,2024,HMXL_DR,stdev,1.8079254627227783
FKNMS,2025,HMXL_DR,mean,37.95180892944336
FKNMS,2025,HMXL_DR,stdev,1.822602391242981
FKNMS,2026,HMXL_DR,mean,37.03306579589844
FKNMS,2026,HMXL_DR,stdev,1.7708936929702759
FKNMS,2027,HMXL_DR,mean,38.06123733520508
FKNMS,2027,HMXL_DR,stdev,1.8227694034576416
FKNMS,2028,HMXL_DR,mean,37.55194854736328
FKNMS,2028,HMXL_DR,stdev,1.8059947490692139
FKNMS,2029,HMXL_DR,mean,38.348388671875
FKNMS,2029,HMXL_DR,stdev,1.875809907913208
FKNMS,2030,HMXL_DR,mean,37.37379837036133
FKNMS,2030,HMXL_DR,stdev,1.771296739578247
FKNMS,2031,HMXL_DR,mean,37.656837463378906
FKNMS,2031,HMXL_DR,stdev,1.7658036947250366
FKNMS,2032,HMXL_DR,mean,38.27486801147461
FKNMS,2032,HMXL_DR,stdev,1.8344310522079468
FKNMS,2033,HMXL_DR,mean,37.8151969909668
FKNMS,2033,HMXL_DR,stdev,1.7679245471954346
FKNMS,2034,HMXL_DR,mean,37.942710876464844
FKNMS,2034,HMXL_DR,stdev,1.8676605224609375
FKNMS,2035,HMXL_DR,mean,37.32534408569336
FKNMS,2035,HMXL_DR,stdev,1.8080190420150757
FKNMS,2036,HMXL_DR,mean,37.37333679199219
FKNMS,2036,HMXL_DR,stdev,1.7788035869598389
FKNMS,2037,HMXL_DR,mean,37.77640151977539
FKNMS,2037,HMXL_DR,stdev,1.7918146848678589
FKNMS,2038,HMXL_DR,mean,37.54330062866211
FKNMS,2038,HMXL_DR,stdev,1.816260814666748
FKNMS,2039,HMXL_DR,mean,37.634681701660156
FKNMS,2039,HMXL_DR,stdev,1.8716622591018677
FKNMS,2040,HMXL_DR,mean,37.48733139038086
FKNMS,2040,HMXL_DR,stdev,1.8037916421890259
FKNMS,2041,HMXL_DR,mean,37.85038375854492
FKNMS,2041,HMXL_DR,stdev,1.7940551042556763
FKNMS,2042,HMXL_DR,mean,37.89750289916992
FKNMS,2042,HMXL_DR,stdev,1.8188875913619995
FKNMS,2043,HMXL_DR,mean,37.85017776489258
FKNMS,2043,HMXL_DR,stdev,1.8187170028686523
FKNMS,2044,HMXL_DR,mean,38.28113555908203
FKNMS,2044,HMXL_DR,stdev,1.8681508302688599
FKNMS,2045,HMXL_DR,mean,38.36220169067383
FKNMS,2045,HMXL_DR,stdev,1.8436046838760376
FKNMS,2046,HMXL_DR,mean,37.826168060302734
FKNMS,2046,HMXL_DR,stdev,1.8797974586486816
FKNMS,2047,HMXL_DR,mean,37.669578552246094
FKNMS,2047,HMXL_DR,stdev,1.8063846826553345
FKNMS,2048,HMXL_DR,mean,38.33226776123047
FKNMS,2048,HMXL_DR,stdev,1.8175249099731445
FKNMS,2049,HMXL_DR,mean,38.38911437988281
FKNMS,2049,HMXL_DR,stdev,1.9024873971939087
FKNMS,2050,HMXL_DR,mean,37.941951751708984
FKNMS,2050,HMXL_DR,stdev,1.8949917554855347
FKNMS,2051,HMXL_DR,mean,38.22854232788086
FKNMS,2051,HMXL_DR,stdev,1.8211874961853027
FKNMS,2052,HMXL_DR,mean,38.455223083496094
FKNMS,2052,HMXL_DR,stdev,1.8385428190231323
FKNMS,2053,HMXL_DR,mean,38.72002410888672
FKNMS,2053,HMXL_DR,stdev,1.9807132482528687
FKNMS,2054,HMXL_DR,mean,38.289634704589844
FKNMS,2054,HMXL_DR,stdev,1.8167914152145386
FKNMS,2055,HMXL_DR,mean,38.594139099121094
FKNMS,2055,HMXL_DR,stdev,1.9086403846740723
FKNMS,2056,HMXL_DR,mean,38.21527099609375
FKNMS,2056,HMXL_DR,stdev,1.8255140781402588
FKNMS,2057,HMXL_DR,mean,38.771427154541016
FKNMS,2057,HMXL_DR,stdev,1.8929022550582886
FKNMS,2058,HMXL_DR,mean,39.01896286010742
FKNMS,2058,HMXL_DR,stdev,1.889714002609253
FKNMS,2059,HMXL_DR,mean,39.16321563720703
FKNMS,2059,HMXL_DR,stdev,1.9125264883041382
FKNMS,2060,HMXL_DR,mean,38.90132141113281
FKNMS,2060,HMXL_DR,stdev,1.8979660272598267
FKNMS,2061,HMXL_DR,mean,39.00823211669922
FKNMS,2061,HMXL_DR,stdev,1.9175496101379395
FKNMS,2062,HMXL_DR,mean,39.178428649902344
FKNMS,2062,HMXL_DR,stdev,1.8916003704071045
FKNMS,2063,HMXL_DR,mean,39.03139114379883
FKNMS,2063,HMXL_DR,stdev,1.8821810483932495
FKNMS,2064,HMXL_DR,mean,38.904624938964844
FKNMS,2064,HMXL_DR,stdev,1.8720399141311646
FKNMS,2065,HMXL_DR,mean,39.344993591308594
FKNMS,2065,HMXL_DR,stdev,1.935983419418335
FKNMS,2066,HMXL_DR,mean,39.49037551879883
FKNMS,2066,HMXL_DR,stdev,1.9044501781463623
FKNMS,2067,HMXL_DR,mean,39.52062225341797
FKNMS,2067,HMXL_DR,stdev,1.9684360027313232
FKNMS,2068,HMXL_DR,mean,39.0544548034668
FKNMS,2068,HMXL_DR,stdev,1.8668056726455688
FKNMS,2069,HMXL_DR,mean,39.66583251953125
FKNMS,2069,HMXL_DR,stdev,1.9944837093353271
FKNMS,2070,HMXL_DR,mean,39.8017578125
FKNMS,2070,HMXL_DR,stdev,1.8863577842712402
FKNMS,2071,HMXL_DR,mean,39.804386138916016
FKNMS,2071,HMXL_DR,stdev,1.8455184698104858
FKNMS,2072,HMXL_DR,mean,40.52301025390625
FKNMS,2072,HMXL_DR,stdev,1.966477632522583
FKNMS,2073,HMXL_DR,mean,39.785804748535156
FKNMS,2073,HMXL_DR,stdev,1.9005212783813477
FKNMS,2074,HMXL_DR,mean,40.72955322265625
FKNMS,2074,HMXL_DR,stdev,1.986037254333496
FKNMS,2075,HMXL_DR,mean,40.90318298339844
FKNMS,2075,HMXL_DR,stdev,2.019286870956421
FKNMS,2076,HMXL_DR,mean,40.29241943359375
FKNMS,2076,HMXL_DR,stdev,1.9607242345809937
FKNMS,2077,HMXL_DR,mean,40.32632064819336
FKNMS,2077,HMXL_DR,stdev,1.9265282154083252
FKNMS,2078,HMXL_DR,mean,40.149715423583984
FKNMS,2078,HMXL_DR,stdev,1.917227864265442
FKNMS,2079,HMXL_DR,mean,40.6375617980957
FKNMS,2079,HMXL_DR,stdev,1.887104868888855
FKNMS,2080,HMXL_DR,mean,40.30732345581055
FKNMS,2080,HMXL_DR,stdev,2.0370476245880127
FKNMS,2081,HMXL_DR,mean,40.3654899597168
FKNMS,2081,HMXL_DR,stdev,1.9207719564437866
FKNMS,2082,HMXL_DR,mean,40.30636978149414
FKNMS,2082,HMXL_DR,stdev,1.8701122999191284
FKNMS,2083,HMXL_DR,mean,41.34170913696289
FKNMS,2083,HMXL_DR,stdev,2.0872604846954346
FKNMS,2084,HMXL_DR,mean,40.922420501708984
FKNMS,2084,HMXL_DR,stdev,1.970434308052063
FKNMS,2085,HMXL_DR,mean,40.948604583740234
FKNMS,2085,HMXL_DR,stdev,2.010209321975708
FKNMS,2086,HMXL_DR,mean,41.443817138671875
FKNMS,2086,HMXL_DR,stdev,2.0105669498443604
FKNMS,2087,HMXL_DR,mean,41.17635726928711
FKNMS,2087,HMXL_DR,stdev,2.0222461223602295
FKNMS,2088,HMXL_DR,mean,40.97047424316406
FKNMS,2088,HMXL_DR,stdev,2.1113929748535156
FKNMS,2089,HMXL_DR,mean,40.427833557128906
FKNMS,2089,HMXL_DR,stdev,1.9582436084747314
FKNMS,2090,HMXL_DR,mean,41.20656204223633
FKNMS,2090,HMXL_DR,stdev,2.017824172973633
FKNMS,2091,HMXL_DR,mean,41.464080810546875
FKNMS,2091,HMXL_DR,stdev,2.0364060401916504
FKNMS,2092,HMXL_DR,mean,41.43659973144531
FKNMS,2092,HMXL_DR,stdev,2.0631203651428223
FKNMS,2093,HMXL_DR,mean,41.48029708862305
FKNMS,2093,HMXL_DR,stdev,2.018198251724243
FKNMS,2094,HMXL_DR,mean,41.7965087890625
FKNMS,2094,HMXL_DR,stdev,2.0063083171844482
FKNMS,2095,HMXL_DR,mean,42.486656188964844
FKNMS,2095,HMXL_DR,stdev,2.170363426208496
FKNMS,2096,HMXL_DR,mean,41.78484344482422
FKNMS,2096,HMXL_DR,stdev,2.0572268962860107
FKNMS,2097,HMXL_DR,mean,42.013771057128906
FKNMS,2097,HMXL_DR,stdev,2.083217144012451
FKNMS,2098,HMXL_DR,mean,42.544864654541016
FKNMS,2098,HMXL_DR,stdev,2.193964719772339
FKNMS,2099,HMXL_DR,mean,42.36452102661133
FKNMS,2099,HMXL_DR,stdev,2.1132137775421143
FKNMS,2100,HMXL_DR,mean,42.285526275634766
FKNMS,2100,HMXL_DR,stdev,2.130720853805542
GFNMS,1990,HMXL_DR,mean,29.793712615966797
GFNMS,1990,HMXL_DR,stdev,3.555096387863159
GFNMS,1991,HMXL_DR,mean,30.10081672668457
GFNMS,1991,HMXL_DR,stdev,3.797122001647949
GFNMS,1992,HMXL_DR,mean,29.909093856811523
GFNMS,1992,HMXL_DR,stdev,3.9185402393341064
GFNMS,1993,HMXL_DR,mean,28.969594955444336
GFNMS,1993,HMXL_DR,stdev,3.577723503112793
GFNMS,1994,HMXL_DR,mean,29.084341049194336
GFNMS,1994,HMXL_DR,stdev,3.5789830684661865
GFNMS,1995,HMXL_DR,mean,29.63359832763672
GFNMS,1995,HMXL_DR,stdev,3.334411382675171
GFNMS,1996,HMXL_DR,mean,29.193979263305664
GFNMS,1996,HMXL_DR,stdev,3.53332257270813
GFNMS,1997,HMXL_DR,mean,29.432844161987305
GFNMS,1997,HMXL_DR,stdev,3.6515636444091797
GFNMS,1998,HMXL_DR,mean,29.706214904785156
GFNMS,1998,HMXL_DR,stdev,3.841404914855957
GFNMS,1999,HMXL_DR,mean,29.224536895751953
GFNMS,1999,HMXL_DR,stdev,3.3849120140075684
GFNMS,2000,HMXL_DR,mean,29.21556854248047
GFNMS,2000,HMXL_DR,stdev,3.5338504314422607
GFNMS,2001,HMXL_DR,mean,29.308530807495117
GFNMS,2001,HMXL_DR,stdev,3.3753859996795654
GFNMS,2002,HMXL_DR,mean,29.688175201416016
GFNMS,2002,HMXL_DR,stdev,3.425966262817383
GFNMS,2003,HMXL_DR,mean,29.96085548400879
GFNMS,2003,HMXL_DR,stdev,3.3691110610961914
GFNMS,2004,HMXL_DR,mean,29.777360916137695
GFNMS,2004,HMXL_DR,stdev,3.403095245361328
GFNMS,2005,HMXL_DR,mean,29.216581344604492
GFNMS,2005,HMXL_DR,stdev,3.4623606204986572
GFNMS,2006,HMXL_DR,mean,29.935258865356445
GFNMS,2006,HMXL_DR,stdev,3.29722261428833
GFNMS,2007,HMXL_DR,mean,29.216371536254883
GFNMS,2007,HMXL_DR,stdev,3.374939441680908
GFNMS,2008,HMXL_DR,mean,29.486848831176758
GFNMS,2008,HMXL_DR,stdev,3.2525413036346436
GFNMS,2009,HMXL_DR,mean,29.429393768310547
GFNMS,2009,HMXL_DR,stdev,3.3282477855682373
GFNMS,2010,HMXL_DR,mean,29.686199188232422
GFNMS,2010,HMXL_DR,stdev,3.470259666442871
GFNMS,2011,HMXL_DR,mean,30.09147834777832
GFNMS,2011,HMXL_DR,stdev,3.1480472087860107
GFNMS,2012,HMXL_DR,mean,29.253925323486328
GFNMS,2012,HMXL_DR,stdev,3.7296676635742188
GFNMS,2013,HMXL_DR,mean,28.369009017944336
GFNMS,2013,HMXL_DR,stdev,3.463954448699951
GFNMS,2014,HMXL_DR,mean,29.232805252075195
GFNMS,2014,HMXL_DR,stdev,3.2307047843933105
GFNMS,2015,HMXL_DR,mean,29.381093978881836
GFNMS,2015,HMXL_DR,stdev,3.1750800609588623
GFNMS,2016,HMXL_DR,mean,29.11052894592285
GFNMS,2016,HMXL_DR,stdev,3.293283224105835
GFNMS,2017,HMXL_DR,mean,29.500652313232422
GFNMS,2017,HMXL_DR,stdev,3.4629523754119873
GFNMS,2018,HMXL_DR,mean,29.087352752685547
GFNMS,2018,HMXL_DR,stdev,3.170586585998535
GFNMS,2019,HMXL_DR,mean,29.218265533447266
GFNMS,2019,HMXL_DR,stdev,3.473273992538452
GFNMS,2020,HMXL_DR,mean,29.26266098022461
GFNMS,2020,HMXL_DR,stdev,3.6767516136169434
GFNMS,2021,HMXL_DR,mean,29.21776580810547
GFNMS,2021,HMXL_DR,stdev,3.4380130767822266
GFNMS,2022,HMXL_DR,mean,29.380224227905273
GFNMS,2022,HMXL_DR,stdev,3.6133203506469727
GFNMS,2023,HMXL_DR,mean,28.95758819580078
GFNMS,2023,HMXL_DR,stdev,3.3800487518310547
GFNMS,2024,HMXL_DR,mean,29.36134910583496
GFNMS,2024,HMXL_DR,stdev,3.327390670776367
GFNMS,2025,HMXL_DR,mean,29.193910598754883
GFNMS,2025,HMXL_DR,stdev,3.2484490871429443
GFNMS,2026,HMXL_DR,mean,28.89775848388672
GFNMS,2026,HMXL_DR,stdev,3.1792092323303223
GFNMS,2027,HMXL_DR,mean,29.31865882873535
GFNMS,2027,HMXL_DR,stdev,3.3181004524230957
GFNMS,2028,HMXL_DR,mean,28.80838394165039
GFNMS,2028,HMXL_DR,stdev,3.425204277038574
GFNMS,2029,HMXL_DR,mean,28.691877365112305
GFNMS,2029,HMXL_DR,stdev,3.394968032836914
GFNMS,2030,HMXL_DR,mean,28.95844841003418
GFNMS,2030,HMXL_DR,stdev,3.427607774734497
GFNMS,2031,HMXL_DR,mean,29.214792251586914
GFNMS,2031,HMXL_DR,stdev,3.2530274391174316
GFNMS,2032,HMXL_DR,mean,28.773712158203125
GFNMS,2032,HMXL_DR,stdev,3.38313627243042
GFNMS,2033,HMXL_DR,mean,28.892616271972656
GFNMS,2033,HMXL_DR,stdev,3.1914172172546387
GFNMS,2034,HMXL_DR,mean,28.572620391845703
GFNMS,2034,HMXL_DR,stdev,3.4321911334991455
GFNMS,2035,HMXL_DR,mean,28.750146865844727
GFNMS,2035,HMXL_DR,stdev,3.4999125003814697
GFNMS,2036,HMXL_DR,mean,28.052959442138672
GFNMS,2036,HMXL_DR,stdev,3.6042263507843018
GFNMS,2037,HMXL_DR,mean,28.79683494567871
GFNMS,2037,HMXL_DR,stdev,3.5375430583953857
GFNMS,2038,HMXL_DR,mean,28.311931610107422
GFNMS,2038,HMXL_DR,stdev,3.4439094066619873
GFNMS,2039,HMXL_DR,mean,29.09419822692871
GFNMS,2039,HMXL_DR,stdev,3.2941691875457764
GFNMS,2040,HMXL_DR,mean,28.865623474121094
GFNMS,2040,HMXL_DR,stdev,3.2249646186828613
GFNMS,2041,HMXL_DR,mean,28.65653419494629
GFNMS,2041,HMXL_DR,stdev,3.4794962406158447
GFNMS,2042,HMXL_DR,mean,28.96525764465332
GFNMS,2042,HMXL_DR,stdev,3.056741237640381
GFNMS,2043,HMXL_DR,mean,28.74806785583496
GFNMS,2043,HMXL_DR,stdev,3.042578935623169
GFNMS,2044,HMXL_DR,mean,29.24275779724121
GFNMS,2044,HMXL_DR,stdev,3.3411571979522705
GFNMS,2045,HMXL_DR,mean,28.368915557861328
GFNMS,2045,HMXL_DR,stdev,3.507577657699585
GFNMS,2046,HMXL_DR,mean,28.232816696166992
GFNMS,2046,HMXL_DR,stdev,3.5707428455352783
GFNMS,2047,HMXL_DR,mean,28.10189437866211
GFNMS,2047,HMXL_DR,stdev,3.427976608276367
GFNMS,2048,HMXL_DR,mean,28.856407165527344
GFNMS,2048,HMXL_DR,stdev,3.3071208000183105
GFNMS,2049,HMXL_DR,mean,28.61710548400879
GFNMS,2049,HMXL_DR,stdev,3.3933444023132324
GFNMS,2050,HMXL_DR,mean,28.815515518188477
GFNMS,2050,HMXL_DR,stdev,3.464653253555298
GFNMS,2051,HMXL_DR,mean,28.481027603149414
GFNMS,2051,HMXL_DR,stdev,3.307957410812378
GFNMS,2052,HMXL_DR,mean,29.073095321655273
GFNMS,2052,HMXL_DR,stdev,3.3052868843078613
GFNMS,2053,HMXL_DR,mean,28.61623191833496
GFNMS,2053,HMXL_DR,stdev,2.9951884746551514
GFNMS,2054,HMXL_DR,mean,28.304988861083984
GFNMS,2054,HMXL_DR,stdev,3.3657755851745605
GFNMS,2055,HMXL_DR,mean,28.996681213378906
GFNMS,2055,HMXL_DR,stdev,3.2462310791015625
GFNMS,2056,HMXL_DR,mean,28.027084350585938
GFNMS,2056,HMXL_DR,stdev,3.3694581985473633
GFNMS,2057,HMXL_DR,mean,28.349014282226562
GFNMS,2057,HMXL_DR,stdev,3.4805359840393066
GFNMS,2058,HMXL_DR,mean,27.91179084777832
GFNMS,2058,HMXL_DR,stdev,3.350553512573242
GFNMS,2059,HMXL_DR,mean,28.219970703125
GFNMS,2059,HMXL_DR,stdev,2.9405059814453125
GFNMS,2060,HMXL_DR,mean,28.852802276611328
GFNMS,2060,HMXL_DR,stdev,3.07859206199646
GFNMS,2061,HMXL_DR,mean,28.534029006958008
GFNMS,2061,HMXL_DR,stdev,3.3484301567077637
GFNMS,2062,HMXL_DR,mean,28.176544189453125
GFNMS,2062,HMXL_DR,stdev,3.295450448989868
GFNMS,2063,HMXL_DR,mean,28.49115562438965
GFNMS,2063,HMXL_DR,stdev,3.317249298095703
GFNMS,2064,HMXL_DR,mean,28.348642349243164
GFNMS,2064,HMXL_DR,stdev,3.3761541843414307
GFNMS,2065,HMXL_DR,mean,28.644845962524414
GFNMS,2065,HMXL_DR,stdev,3.4064903259277344
GFNMS,2066,HMXL_DR,mean,28.5074520111084
GFNMS,2066,HMXL_DR,stdev,3.4911904335021973
GFNMS,2067,HMXL_DR,mean,27.862945556640625
GFNMS,2067,HMXL_DR,stdev,3.553856134414673
GFNMS,2068,HMXL_DR,mean,28.398578643798828
GFNMS,2068,HMXL_DR,stdev,3.2525713443756104
GFNMS,2069,HMXL_DR,mean,28.73793601989746
GFNMS,2069,HMXL_DR,stdev,3.431159019470215
GFNMS,2070,HMXL_DR,mean,28.45964241027832
GFNMS,2070,HMXL_DR,stdev,3.1346282958984375
GFNMS,2071,HMXL_DR,mean,28.521150588989258
GFNMS,2071,HMXL_DR,stdev,3.2891299724578857
GFNMS,2072,HMXL_DR,mean,27.702381134033203
GFNMS,2072,HMXL_DR,stdev,3.514237642288208
GFNMS,2073,HMXL_DR,mean,28.02309799194336
GFNMS,2073,HMXL_DR,stdev,2.9985334873199463
GFNMS,2074,HMXL_DR,mean,28.271900177001953
GFNMS,2074,HMXL_DR,stdev,3.5418713092803955
GFNMS,2075,HMXL_DR,mean,27.630212783813477
GFNMS,2075,HMXL_DR,stdev,3.5490612983703613
GFNMS,2076,HMXL_DR,mean,27.97759246826172
GFNMS,2076,HMXL_DR,stdev,2.9539480209350586
GFNMS,2077,HMXL_DR,mean,27.826929092407227
GFNMS,2077,HMXL_DR,stdev,3.4589345455169678
GFNMS,2078,HMXL_DR,mean,27.690210342407227
GFNMS,2078,HMXL_DR,stdev,3.1962177753448486
GFNMS,2079,HMXL_DR,mean,27.770946502685547
GFNMS,2079,HMXL_DR,stdev,3.2146732807159424
GFNMS,2080,HMXL_DR,mean,27.896900177001953
GFNMS,2080,HMXL_DR,stdev,3.465029716491699
GFNMS,2081,HMXL_DR,mean,27.07647132873535
GFNMS,2081,HMXL_DR,stdev,3.166902542114258
GFNMS,2082,HMXL_DR,mean,28.026973724365234
GFNMS,2082,HMXL_DR,stdev,3.2631800174713135
GFNMS,2083,HMXL_DR,mean,27.491321563720703
GFNMS,2083,HMXL_DR,stdev,3.600324869155884
GFNMS,2084,HMXL_DR,mean,27.400236129760742
GFNMS,2084,HMXL_DR,stdev,3.6339783668518066
GFNMS,2085,HMXL_DR,mean,27.606891632080078
GFNMS,2085,HMXL_DR,stdev,3.652841567993164
GFNMS,2086,HMXL_DR,mean,27.416576385498047
GFNMS,2086,HMXL_DR,stdev,3.4065005779266357
GFNMS,2087,HMXL_DR,mean,28.202632904052734
GFNMS,2087,HMXL_DR,stdev,3.2179524898529053
GFNMS,2088,HMXL_DR,mean,27.648609161376953
GFNMS,2088,HMXL_DR,stdev,3.4345972537994385
GFNMS,2089,HMXL_DR,mean,27.54823112487793
GFNMS,2089,HMXL_DR,stdev,3.1817681789398193
GFNMS,2090,HMXL_DR,mean,27.825519561767578
GFNMS,2090,HMXL_DR,stdev,3.4192423820495605
GFNMS,2091,HMXL_DR,mean,26.783161163330078
GFNMS,2091,HMXL_DR,stdev,3.265305280685425
GFNMS,2092,HMXL_DR,mean,27.642074584960938
GFNMS,2092,HMXL_DR,stdev,3.2073116302490234
GFNMS,2093,HMXL_DR,mean,27.91108512878418
GFNMS,2093,HMXL_DR,stdev,3.2360951900482178
GFNMS,2094,HMXL_DR,mean,27.68462562561035
GFNMS,2094,HMXL_DR,stdev,3.345106840133667
GFNMS,2095,HMXL_DR,mean,27.272544860839844
GFNMS,2095,HMXL_DR,stdev,3.2695727348327637
GFNMS,2096,HMXL_DR,mean,26.8620662689209
GFNMS,2096,HMXL_DR,stdev,3.5490682125091553
GFNMS,2097,HMXL_DR,mean,27.536584854125977
GFNMS,2097,HMXL_DR,stdev,3.334904909133911
GFNMS,2098,HMXL_DR,mean,27.19774627685547
GFNMS,2098,HMXL_DR,stdev,3.3912689685821533
GFNMS,2099,HMXL_DR,mean,27.1918888092041
GFNMS,2099,HMXL_DR,stdev,3.2483069896698
GFNMS,2100,HMXL_DR,mean,27.73733901977539
GFNMS,2100,HMXL_DR,stdev,3.4310600757598877
GRNMS,1990,HMXL_DR,mean,1.9435733556747437
GRNMS,1990,HMXL_DR,stdev,0
GRNMS,1991,HMXL_DR,mean,1.8506324291229248
GRNMS,1991,HMXL_DR,stdev,0
GRNMS,1992,HMXL_DR,mean,1.8482056856155396
GRNMS,1992,HMXL_DR,stdev,0
GRNMS,1993,HMXL_DR,mean,1.8849440813064575
GRNMS,1993,HMXL_DR,stdev,0
GRNMS,1994,HMXL_DR,mean,1.8759081363677979
GRNMS,1994,HMXL_DR,stdev,0
GRNMS,1995,HMXL_DR,mean,1.8842674493789673
GRNMS,1995,HMXL_DR,stdev,0
GRNMS,1996,HMXL_DR,mean,1.8515573740005493
GRNMS,1996,HMXL_DR,stdev,0
GRNMS,1997,HMXL_DR,mean,1.8457462787628174
GRNMS,1997,HMXL_DR,stdev,0
GRNMS,1998,HMXL_DR,mean,1.920729637145996
GRNMS,1998,HMXL_DR,stdev,0
GRNMS,1999,HMXL_DR,mean,1.8441863059997559
GRNMS,1999,HMXL_DR,stdev,0
GRNMS,2000,HMXL_DR,mean,1.9045990705490112
GRNMS,2000,HMXL_DR,stdev,0
GRNMS,2001,HMXL_DR,mean,1.881269097328186
GRNMS,2001,HMXL_DR,stdev,0
GRNMS,2002,HMXL_DR,mean,1.8644362688064575
GRNMS,2002,HMXL_DR,stdev,0
GRNMS,2003,HMXL_DR,mean,1.8905999660491943
GRNMS,2003,HMXL_DR,stdev,0
GRNMS,2004,HMXL_DR,mean,1.8212586641311646
GRNMS,2004,HMXL_DR,stdev,0
GRNMS,2005,HMXL_DR,mean,1.8736138343811035
GRNMS,2005,HMXL_DR,stdev,0
GRNMS,2006,HMXL_DR,mean,1.857616662979126
GRNMS,2006,HMXL_DR,stdev,0
GRNMS,2007,HMXL_DR,mean,1.8023525476455688
GRNMS,2007,HMXL_DR,stdev,0
GRNMS,2008,HMXL_DR,mean,1.8098171949386597
GRNMS,2008,HMXL_DR,stdev,0
GRNMS,2009,HMXL_DR,mean,1.8514128923416138
GRNMS,2009,HMXL_DR,stdev,0
GRNMS,2010,HMXL_DR,mean,1.867770791053772
GRNMS,2010,HMXL_DR,stdev,0
GRNMS,2011,HMXL_DR,mean,1.8766350746154785
GRNMS,2011,HMXL_DR,stdev,0
GRNMS,2012,HMXL_DR,mean,1.8725837469100952
GRNMS,2012,HMXL_DR,stdev,0
GRNMS,2013,HMXL_DR,mean,1.8304864168167114
GRNMS,2013,HMXL_DR,stdev,0
GRNMS,2014,HMXL_DR,mean,1.8547232151031494
GRNMS,2014,HMXL_DR,stdev,0
GRNMS,2015,HMXL_DR,mean,1.831137776374817
GRNMS,2015,HMXL_DR,stdev,0
GRNMS,2016,HMXL_DR,mean,1.8956687450408936
GRNMS,2016,HMXL_DR,stdev,0
GRNMS,2017,HMXL_DR,mean,1.9516727924346924
GRNMS,2017,HMXL_DR,stdev,0
GRNMS,2018,HMXL_DR,mean,1.8014887571334839
GRNMS,2018,HMXL_DR,stdev,0
GRNMS,2019,HMXL_DR,mean,1.862347960472107
GRNMS,2019,HMXL_DR,stdev,0
GRNMS,2020,HMXL_DR,mean,1.8933312892913818
GRNMS,2020,HMXL_DR,stdev,0
GRNMS,2021,HMXL_DR,mean,1.8618340492248535
GRNMS,2021,HMXL_DR,stdev,0
GRNMS,2022,HMXL_DR,mean,1.89517080783844
GRNMS,2022,HMXL_DR,stdev,0
GRNMS,2023,HMXL_DR,mean,1.7912932634353638
GRNMS,2023,HMXL_DR,stdev,0
GRNMS,2024,HMXL_DR,mean,1.9392691850662231
GRNMS,2024,HMXL_DR,stdev,0
GRNMS,2025,HMXL_DR,mean,1.964236855506897
GRNMS,2025,HMXL_DR,stdev,0
GRNMS,2026,HMXL_DR,mean,1.9714020490646362
GRNMS,2026,HMXL_DR,stdev,0
GRNMS,2027,HMXL_DR,mean,1.9739530086517334
GRNMS,2027,HMXL_DR,stdev,0
GRNMS,2028,HMXL_DR,mean,2.073397159576416
GRNMS,2028,HMXL_DR,stdev,0
GRNMS,2029,HMXL_DR,mean,1.9560060501098633
GRNMS,2029,HMXL_DR,stdev,0
GRNMS,2030,HMXL_DR,mean,1.9440704584121704
GRNMS,2030,HMXL_DR,stdev,0
GRNMS,2031,HMXL_DR,mean,1.9136309623718262
GRNMS,2031,HMXL_DR,stdev,0
GRNMS,2032,HMXL_DR,mean,1.9144117832183838
GRNMS,2032,HMXL_DR,stdev,0
GRNMS,2033,HMXL_DR,mean,1.9310858249664307
GRNMS,2033,HMXL_DR,stdev,0
GRNMS,2034,HMXL_DR,mean,1.8838709592819214
GRNMS,2034,HMXL_DR,stdev,0
GRNMS,2035,HMXL_DR,mean,1.8973413705825806
GRNMS,2035,HMXL_DR,stdev,0
GRNMS,2036,HMXL_DR,mean,1.9749906063079834
GRNMS,2036,HMXL_DR,stdev,0
GRNMS,2037,HMXL_DR,mean,1.949670672416687
GRNMS,2037,HMXL_DR,stdev,0
GRNMS,2038,HMXL_DR,mean,1.9706224203109741
GRNMS,2038,HMXL_DR,stdev,0
GRNMS,2039,HMXL_DR,mean,1.9472211599349976
GRNMS,2039,HMXL_DR,stdev,0
GRNMS,2040,HMXL_DR,mean,1.9086745977401733
GRNMS,2040,HMXL_DR,stdev,0
GRNMS,2041,HMXL_DR,mean,1.9843095541000366
GRNMS,2041,HMXL_DR,stdev,0
GRNMS,2042,HMXL_DR,mean,1.9114612340927124
GRNMS,2042,HMXL_DR,stdev,0
GRNMS,2043,HMXL_DR,mean,2.027557849884033
GRNMS,2043,HMXL_DR,stdev,0
GRNMS,2044,HMXL_DR,mean,2.104335308074951
GRNMS,2044,HMXL_DR,stdev,0
GRNMS,2045,HMXL_DR,mean,2.020380735397339
GRNMS,2045,HMXL_DR,stdev,0
GRNMS,2046,HMXL_DR,mean,2.0951852798461914
GRNMS,2046,HMXL_DR,stdev,0
GRNMS,2047,HMXL_DR,mean,1.9878613948822021
GRNMS,2047,HMXL_DR,stdev,0
GRNMS,2048,HMXL_DR,mean,2.0348052978515625
GRNMS,2048,HMXL_DR,stdev,0
GRNMS,2049,HMXL_DR,mean,1.9884166717529297
GRNMS,2049,HMXL_DR,stdev,0
GRNMS,2050,HMXL_DR,mean,2.001297950744629
GRNMS,2050,HMXL_DR,stdev,0
GRNMS,2051,HMXL_DR,mean,2.02799916267395
GRNMS,2051,HMXL_DR,stdev,0
GRNMS,2052,HMXL_DR,mean,2.0664403438568115
GRNMS,2052,HMXL_DR,stdev,0
GRNMS,2053,HMXL_DR,mean,2.0730180740356445
GRNMS,2053,HMXL_DR,stdev,0
GRNMS,2054,HMXL_DR,mean,2.0696218013763428
GRNMS,2054,HMXL_DR,stdev,0
GRNMS,2055,HMXL_DR,mean,2.20943546295166
GRNMS,2055,HMXL_DR,stdev,0
GRNMS,2056,HMXL_DR,mean,2.1161463260650635
GRNMS,2056,HMXL_DR,stdev,0
GRNMS,2057,HMXL_DR,mean,2.0602385997772217
GRNMS,2057,HMXL_DR,stdev,0
GRNMS,2058,HMXL_DR,mean,2.065401315689087
GRNMS,2058,HMXL_DR,stdev,0
GRNMS,2059,HMXL_DR,mean,2.115736961364746
GRNMS,2059,HMXL_DR,stdev,0
GRNMS,2060,HMXL_DR,mean,2.079657554626465
GRNMS,2060,HMXL_DR,stdev,0
GRNMS,2061,HMXL_DR,mean,2.1447062492370605
GRNMS,2061,HMXL_DR,stdev,0
GRNMS,2062,HMXL_DR,mean,2.1141133308410645
GRNMS,2062,HMXL_DR,stdev,0
GRNMS,2063,HMXL_DR,mean,2.1552929878234863
GRNMS,2063,HMXL_DR,stdev,0
GRNMS,2064,HMXL_DR,mean,2.108264923095703
GRNMS,2064,HMXL_DR,stdev,0
GRNMS,2065,HMXL_DR,mean,2.0642712116241455
GRNMS,2065,HMXL_DR,stdev,0
GRNMS,2066,HMXL_DR,mean,2.2263596057891846
GRNMS,2066,HMXL_DR,stdev,0
GRNMS,2067,HMXL_DR,mean,2.2007217407226562
GRNMS,2067,HMXL_DR,stdev,0
GRNMS,2068,HMXL_DR,mean,2.194714069366455
GRNMS,2068,HMXL_DR,stdev,0
GRNMS,2069,HMXL_DR,mean,2.2489731311798096
GRNMS,2069,HMXL_DR,stdev,0
GRNMS,2070,HMXL_DR,mean,2.0443127155303955
GRNMS,2070,HMXL_DR,stdev,0
GRNMS,2071,HMXL_DR,mean,2.1100637912750244
GRNMS,2071,HMXL_DR,stdev,0
GRNMS,2072,HMXL_DR,mean,2.18125057220459
GRNMS,2072,HMXL_DR,stdev,0
GRNMS,2073,HMXL_DR,mean,2.0954222679138184
GRNMS,2073,HMXL_DR,stdev,0
GRNMS,2074,HMXL_DR,mean,2.16302490234375
GRNMS,2074,HMXL_DR,stdev,0
GRNMS,2075,HMXL_DR,mean,2.12548828125
GRNMS,2075,HMXL_DR,stdev,0
GRNMS,2076,HMXL_DR,mean,2.0819592475891113
GRNMS,2076,HMXL_DR,stdev,0
GRNMS,2077,HMXL_DR,mean,2.2245192527770996
GRNMS,2077,HMXL_DR,stdev,0
GRNMS,2078,HMXL_DR,mean,2.0576319694519043
GRNMS,2078,HMXL_DR,stdev,0
GRNMS,2079,HMXL_DR,mean,2.177530527114868
GRNMS,2079,HMXL_DR,stdev,0
GRNMS,2080,HMXL_DR,mean,2.2700955867767334
GRNMS,2080,HMXL_DR,stdev,0
GRNMS,2081,HMXL_DR,mean,2.1912269592285156
GRNMS,2081,HMXL_DR,stdev,0
GRNMS,2082,HMXL_DR,mean,2.2001168727874756
GRNMS,2082,HMXL_DR,stdev,0
GRNMS,2083,HMXL_DR,mean,2.2917497158050537
GRNMS,2083,HMXL_DR,stdev,0
GRNMS,2084,HMXL_DR,mean,2.2122159004211426
GRNMS,2084,HMXL_DR,stdev,0
GRNMS,2085,HMXL_DR,mean,2.232389211654663
GRNMS,2085,HMXL_DR,stdev,0
GRNMS,2086,HMXL_DR,mean,2.1199288368225098
GRNMS,2086,HMXL_DR,stdev,0
GRNMS,2087,HMXL_DR,mean,2.177935838699341
GRNMS,2087,HMXL_DR,stdev,0
GRNMS,2088,HMXL_DR,mean,2.2335715293884277
GRNMS,2088,HMXL_DR,stdev,0
GRNMS,2089,HMXL_DR,mean,2.2522337436676025
GRNMS,2089,HMXL_DR,stdev,0
GRNMS,2090,HMXL_DR,mean,2.157369375228882
GRNMS,2090,HMXL_DR,stdev,0
GRNMS,2091,HMXL_DR,mean,2.211489677429199
GRNMS,2091,HMXL_DR,stdev,0
GRNMS,2092,HMXL_DR,mean,2.2008113861083984
GRNMS,2092,HMXL_DR,stdev,0
GRNMS,2093,HMXL_DR,mean,2.302349328994751
GRNMS,2093,HMXL_DR,stdev,0
GRNMS,2094,HMXL_DR,mean,2.3459017276763916
GRNMS,2094,HMXL_DR,stdev,0
GRNMS,2095,HMXL_DR,mean,2.2418007850646973
GRNMS,2095,HMXL_DR,stdev,0
GRNMS,2096,HMXL_DR,mean,2.2398533821105957
GRNMS,2096,HMXL_DR,stdev,0
GRNMS,2097,HMXL_DR,mean,2.409733295440674
GRNMS,2097,HMXL_DR,stdev,0
GRNMS,2098,HMXL_DR,mean,2.358211040496826
GRNMS,2098,HMXL_DR,stdev,0
GRNMS,2099,HMXL_DR,mean,2.3162879943847656
GRNMS,2099,HMXL_DR,stdev,0
GRNMS,2100,HMXL_DR,mean,2.2982733249664307
GRNMS,2100,HMXL_DR,stdev,0
HIHWNMS,1990,HMXL_DR,mean,44.482513427734375
HIHWNMS,1990,HMXL_DR,stdev,1.9903628826141357
HIHWNMS,1991,HMXL_DR,mean,44.74018859863281
HIHWNMS,1991,HMXL_DR,stdev,1.9428181648254395
HIHWNMS,1992,HMXL_DR,mean,45.108009338378906
HIHWNMS,1992,HMXL_DR,stdev,1.9848886728286743
HIHWNMS,1993,HMXL_DR,mean,44.91350173950195
HIHWNMS,1993,HMXL_DR,stdev,1.9249650239944458
HIHWNMS,1994,HMXL_DR,mean,43.94009780883789
HIHWNMS,1994,HMXL_DR,stdev,1.938144326210022
HIHWNMS,1995,HMXL_DR,mean,44.47914505004883
HIHWNMS,1995,HMXL_DR,stdev,1.9423805475234985
HIHWNMS,1996,HMXL_DR,mean,43.151710510253906
HIHWNMS,1996,HMXL_DR,stdev,1.8616033792495728
HIHWNMS,1997,HMXL_DR,mean,43.43869400024414
HIHWNMS,1997,HMXL_DR,stdev,1.9250373840332031
HIHWNMS,1998,HMXL_DR,mean,44.23274612426758
HIHWNMS,1998,HMXL_DR,stdev,1.8869448900222778
HIHWNMS,1999,HMXL_DR,mean,43.68691635131836
HIHWNMS,1999,HMXL_DR,stdev,1.852313756942749
HIHWNMS,2000,HMXL_DR,mean,44.52788162231445
HIHWNMS,2000,HMXL_DR,stdev,1.945670485496521
HIHWNMS,2001,HMXL_DR,mean,43.18544006347656
HIHWNMS,2001,HMXL_DR,stdev,1.9166401624679565
HIHWNMS,2002,HMXL_DR,mean,44.40981674194336
HIHWNMS,2002,HMXL_DR,stdev,1.9295390844345093
HIHWNMS,2003,HMXL_DR,mean,43.4394645690918
HIHWNMS,2003,HMXL_DR,stdev,1.96031653881073
HIHWNMS,2004,HMXL_DR,mean,43.56877136230469
HIHWNMS,2004,HMXL_DR,stdev,1.9762141704559326
HIHWNMS,2005,HMXL_DR,mean,43.997127532958984
HIHWNMS,2005,HMXL_DR,stdev,1.8680602312088013
HIHWNMS,2006,HMXL_DR,mean,44.19029235839844
HIHWNMS,2006,HMXL_DR,stdev,1.974448561668396
HIHWNMS,2007,HMXL_DR,mean,44.581687927246094
HIHWNMS,2007,HMXL_DR,stdev,1.9744806289672852
HIHWNMS,2008,HMXL_DR,mean,43.603004455566406
HIHWNMS,2008,HMXL_DR,stdev,1.966773509979248
HIHWNMS,2009,HMXL_DR,mean,42.99955749511719
HIHWNMS,2009,HMXL_DR,stdev,1.9111812114715576
HIHWNMS,2010,HMXL_DR,mean,43.98295211791992
HIHWNMS,2010,HMXL_DR,stdev,1.9765883684158325
HIHWNMS,2011,HMXL_DR,mean,43.64965057373047
HIHWNMS,2011,HMXL_DR,stdev,1.9010664224624634
HIHWNMS,2012,HMXL_DR,mean,43.327064514160156
HIHWNMS,2012,HMXL_DR,stdev,1.875992774963379
HIHWNMS,2013,HMXL_DR,mean,42.39338684082031
HIHWNMS,2013,HMXL_DR,stdev,1.9238442182540894
HIHWNMS,2014,HMXL_DR,mean,43.20356750488281
HIHWNMS,2014,HMXL_DR,stdev,1.8880629539489746
HIHWNMS,2015,HMXL_DR,mean,43.327781677246094
HIHWNMS,2015,HMXL_DR,stdev,1.9379957914352417
HIHWNMS,2016,HMXL_DR,mean,42.80580139160156
HIHWNMS,2016,HMXL_DR,stdev,1.842919945716858
HIHWNMS,2017,HMXL_DR,mean,43.03761291503906
HIHWNMS,2017,HMXL_DR,stdev,1.8687530755996704
HIHWNMS,2018,HMXL_DR,mean,43.00804138183594
HIHWNMS,2018,HMXL_DR,stdev,1.898948311805725
HIHWNMS,2019,HMXL_DR,mean,42.7482795715332
HIHWNMS,2019,HMXL_DR,stdev,1.8500945568084717
HIHWNMS,2020,HMXL_DR,mean,43.263916015625
HIHWNMS,2020,HMXL_DR,stdev,1.823784589767456
HIHWNMS,2021,HMXL_DR,mean,43.05649185180664
HIHWNMS,2021,HMXL_DR,stdev,1.8811967372894287
HIHWNMS,2022,HMXL_DR,mean,43.12643814086914
HIHWNMS,2022,HMXL_DR,stdev,1.9602516889572144
HIHWNMS,2023,HMXL_DR,mean,42.383487701416016
HIHWNMS,2023,HMXL_DR,stdev,1.9395819902420044
HIHWNMS,2024,HMXL_DR,mean,43.57482147216797
HIHWNMS,2024,HMXL_DR,stdev,1.9092682600021362
HIHWNMS,2025,HMXL_DR,mean,43.88753128051758
HIHWNMS,2025,HMXL_DR,stdev,1.9486416578292847
HIHWNMS,2026,HMXL_DR,mean,42.99335479736328
HIHWNMS,2026,HMXL_DR,stdev,1.9332568645477295
HIHWNMS,2027,HMXL_DR,mean,42.90179443359375
HIHWNMS,2027,HMXL_DR,stdev,1.8990718126296997
HIHWNMS,2028,HMXL_DR,mean,43.207069396972656
HIHWNMS,2028,HMXL_DR,stdev,1.9669710397720337
HIHWNMS,2029,HMXL_DR,mean,42.89628219604492
HIHWNMS,2029,HMXL_DR,stdev,1.9630790948867798
HIHWNMS,2030,HMXL_DR,mean,42.879844665527344
HIHWNMS,2030,HMXL_DR,stdev,1.968030571937561
HIHWNMS,2031,HMXL_DR,mean,43.178306579589844
HIHWNMS,2031,HMXL_DR,stdev,1.914918303489685
HIHWNMS,2032,HMXL_DR,mean,42.95094299316406
HIHWNMS,2032,HMXL_DR,stdev,1.8868670463562012
HIHWNMS,2033,HMXL_DR,mean,42.733333587646484
HIHWNMS,2033,HMXL_DR,stdev,1.9507248401641846
HIHWNMS,2034,HMXL_DR,mean,42.813175201416016
HIHWNMS,2034,HMXL_DR,stdev,1.9112677574157715
HIHWNMS,2035,HMXL_DR,mean,43.3558464050293
HIHWNMS,2035,HMXL_DR,stdev,1.9847164154052734
HIHWNMS,2036,HMXL_DR,mean,42.2684440612793
HIHWNMS,2036,HMXL_DR,stdev,1.839583158493042
HIHWNMS,2037,HMXL_DR,mean,42.86030578613281
HIHWNMS,2037,HMXL_DR,stdev,1.8463767766952515
HIHWNMS,2038,HMXL_DR,mean,41.925193786621094
HIHWNMS,2038,HMXL_DR,stdev,1.9146264791488647
HIHWNMS,2039,HMXL_DR,mean,42.152587890625
HIHWNMS,2039,HMXL_DR,stdev,1.8962143659591675
HIHWNMS,2040,HMXL_DR,mean,42.14937973022461
HIHWNMS,2040,HMXL_DR,stdev,1.874652624130249
HIHWNMS,2041,HMXL_DR,mean,42.916500091552734
HIHWNMS,2041,HMXL_DR,stdev,1.9457083940505981
HIHWNMS,2042,HMXL_DR,mean,42.888938903808594
HIHWNMS,2042,HMXL_DR,stdev,1.9651340246200562
HIHWNMS,2043,HMXL_DR,mean,41.722469329833984
HIHWNMS,2043,HMXL_DR,stdev,1.8175773620605469
HIHWNMS,2044,HMXL_DR,mean,42.95553207397461
HIHWNMS,2044,HMXL_DR,stdev,1.898720145225525
HIHWNMS,2045,HMXL_DR,mean,42.55660629272461
HIHWNMS,2045,HMXL_DR,stdev,1.9343702793121338
HIHWNMS,2046,HMXL_DR,mean,42.450889587402344
HIHWNMS,2046,HMXL_DR,stdev,1.956681251525879
HIHWNMS,2047,HMXL_DR,mean,41.88739013671875
HIHWNMS,2047,HMXL_DR,stdev,1.8839043378829956
HIHWNMS,2048,HMXL_DR,mean,42.47163772583008
HIHWNMS,2048,HMXL_DR,stdev,1.9192838668823242
HIHWNMS,2049,HMXL_DR,mean,42.641056060791016
HIHWNMS,2049,HMXL_DR,stdev,1.883029818534851
HIHWNMS,2050,HMXL_DR,mean,42.61084747314453
HIHWNMS,2050,HMXL_DR,stdev,1.938908576965332
HIHWNMS,2051,HMXL_DR,mean,42.62270736694336
HIHWNMS,2051,HMXL_DR,stdev,1.9252727031707764
HIHWNMS,2052,HMXL_DR,mean,42.59061813354492
HIHWNMS,2052,HMXL_DR,stdev,1.9454431533813477
HIHWNMS,2053,HMXL_DR,mean,41.836158752441406
HIHWNMS,2053,HMXL_DR,stdev,1.8686290979385376
HIHWNMS,2054,HMXL_DR,mean,41.44404220581055
HIHWNMS,2054,HMXL_DR,stdev,1.8999689817428589
HIHWNMS,2055,HMXL_DR,mean,42.059513092041016
HIHWNMS,2055,HMXL_DR,stdev,1.9349766969680786
HIHWNMS,2056,HMXL_DR,mean,42.514591217041016
HIHWNMS,2056,HMXL_DR,stdev,1.979349970817566
HIHWNMS,2057,HMXL_DR,mean,42.24552917480469
HIHWNMS,2057,HMXL_DR,stdev,1.9772371053695679
HIHWNMS,2058,HMXL_DR,mean,42.05660629272461
HIHWNMS,2058,HMXL_DR,stdev,1.91433584690094
HIHWNMS,2059,HMXL_DR,mean,41.814605712890625
HIHWNMS,2059,HMXL_DR,stdev,1.9246015548706055
HIHWNMS,2060,HMXL_DR,mean,42.04014205932617
HIHWNMS,2060,HMXL_DR,stdev,1.881501317024231
HIHWNMS,2061,HMXL_DR,mean,41.72747039794922
HIHWNMS,2061,HMXL_DR,stdev,1.9358755350112915
HIHWNMS,2062,HMXL_DR,mean,41.017154693603516
HIHWNMS,2062,HMXL_DR,stdev,1.8040648698806763
HIHWNMS,2063,HMXL_DR,mean,41.75930404663086
HIHWNMS,2063,HMXL_DR,stdev,1.9118378162384033
HIHWNMS,2064,HMXL_DR,mean,41.254486083984375
HIHWNMS,2064,HMXL_DR,stdev,1.8621537685394287
HIHWNMS,2065,HMXL_DR,mean,41.57889175415039
HIHWNMS,2065,HMXL_DR,stdev,1.8980810642242432
HIHWNMS,2066,HMXL_DR,mean,41.246768951416016
HIHWNMS,2066,HMXL_DR,stdev,1.8904207944869995
HIHWNMS,2067,HMXL_DR,mean,41.41080856323242
HIHWNMS,2067,HMXL_DR,stdev,1.8221673965454102
HIHWNMS,2068,HMXL_DR,mean,40.790531158447266
HIHWNMS,2068,HMXL_DR,stdev,1.7850568294525146
HIHWNMS,2069,HMXL_DR,mean,42.210105895996094
HIHWNMS,2069,HMXL_DR,stdev,2.0104122161865234
HIHWNMS,2070,HMXL_DR,mean,41.76144027709961
HIHWNMS,2070,HMXL_DR,stdev,1.893397331237793
HIHWNMS,2071,HMXL_DR,mean,41.82795333862305
HIHWNMS,2071,HMXL_DR,stdev,1.8484889268875122
HIHWNMS,2072,HMXL_DR,mean,41.721824645996094
HIHWNMS,2072,HMXL_DR,stdev,1.9489518404006958
HIHWNMS,2073,HMXL_DR,mean,41.6809196472168
HIHWNMS,2073,HMXL_DR,stdev,1.8491984605789185
HIHWNMS,2074,HMXL_DR,mean,41.076438903808594
HIHWNMS,2074,HMXL_DR,stdev,1.8806540966033936
HIHWNMS,2075,HMXL_DR,mean,42.69343566894531
HIHWNMS,2075,HMXL_DR,stdev,1.9203269481658936
HIHWNMS,2076,HMXL_DR,mean,40.47654724121094
HIHWNMS,2076,HMXL_DR,stdev,1.8238930702209473
HIHWNMS,2077,HMXL_DR,mean,41.891326904296875
HIHWNMS,2077,HMXL_DR,stdev,1.9337942600250244
HIHWNMS,2078,HMXL_DR,mean,40.687416076660156
HIHWNMS,2078,HMXL_DR,stdev,1.877589225769043
HIHWNMS,2079,HMXL_DR,mean,41.19861602783203
HIHWNMS,2079,HMXL_DR,stdev,1.8154323101043701
HIHWNMS,2080,HMXL_DR,mean,41.812503814697266
HIHWNMS,2080,HMXL_DR,stdev,1.8614635467529297
HIHWNMS,2081,HMXL_DR,mean,40.52669906616211
HIHWNMS,2081,HMXL_DR,stdev,1.8006653785705566
HIHWNMS,2082,HMXL_DR,mean,40.588035583496094
HIHWNMS,2082,HMXL_DR,stdev,1.8033145666122437
HIHWNMS,2083,HMXL_DR,mean,41.58285903930664
HIHWNMS,2083,HMXL_DR,stdev,1.9014240503311157
HIHWNMS,2084,HMXL_DR,mean,40.52781295776367
HIHWNMS,2084,HMXL_DR,stdev,1.856724739074707
HIHWNMS,2085,HMXL_DR,mean,41.62039566040039
HIHWNMS,2085,HMXL_DR,stdev,1.883363127708435
HIHWNMS,2086,HMXL_DR,mean,41.43974304199219
HIHWNMS,2086,HMXL_DR,stdev,1.923148274421692
HIHWNMS,2087,HMXL_DR,mean,41.262779235839844
HIHWNMS,2087,HMXL_DR,stdev,1.8746018409729004
HIHWNMS,2088,HMXL_DR,mean,41.48318099975586
HIHWNMS,2088,HMXL_DR,stdev,1.9463595151901245
HIHWNMS,2089,HMXL_DR,mean,40.47370147705078
HIHWNMS,2089,HMXL_DR,stdev,1.8449478149414062
HIHWNMS,2090,HMXL_DR,mean,41.1757926940918
HIHWNMS,2090,HMXL_DR,stdev,1.8803961277008057
HIHWNMS,2091,HMXL_DR,mean,40.04457092285156
HIHWNMS,2091,HMXL_DR,stdev,1.805723786354065
HIHWNMS,2092,HMXL_DR,mean,40.65122604370117
HIHWNMS,2092,HMXL_DR,stdev,1.8239127397537231
HIHWNMS,2093,HMXL_DR,mean,40.159061431884766
HIHWNMS,2093,HMXL_DR,stdev,1.855248212814331
HIHWNMS,2094,HMXL_DR,mean,40.4777717590332
HIHWNMS,2094,HMXL_DR,stdev,1.8920118808746338
HIHWNMS,2095,HMXL_DR,mean,40.925537109375
HIHWNMS,2095,HMXL_DR,stdev,1.8812435865402222
HIHWNMS,2096,HMXL_DR,mean,40.043941497802734
HIHWNMS,2096,HMXL_DR,stdev,1.8561007976531982
HIHWNMS,2097,HMXL_DR,mean,40.55116653442383
HIHWNMS,2097,HMXL_DR,stdev,1.8010993003845215
HIHWNMS,2098,HMXL_DR,mean,40.18255615234375
HIHWNMS,2098,HMXL_DR,stdev,1.7660421133041382
HIHWNMS,2099,HMXL_DR,mean,39.672611236572266
HIHWNMS,2099,HMXL_DR,stdev,1.8896782398223877
HIHWNMS,2100,HMXL_DR,mean,40.55722427368164
HIHWNMS,2100,HMXL_DR,stdev,1.8777241706848145
MBNMS,1990,HMXL_DR,mean,32.21308135986328
MBNMS,1990,HMXL_DR,stdev,3.4417834281921387
MBNMS,1991,HMXL_DR,mean,32.359256744384766
MBNMS,1991,HMXL_DR,stdev,3.5986547470092773
MBNMS,1992,HMXL_DR,mean,32.26389694213867
MBNMS,1992,HMXL_DR,stdev,3.6034460067749023
MBNMS,1993,HMXL_DR,mean,31.171140670776367
MBNMS,1993,HMXL_DR,stdev,3.474886417388916
MBNMS,1994,HMXL_DR,mean,31.359169006347656
MBNMS,1994,HMXL_DR,stdev,3.5257339477539062
MBNMS,1995,HMXL_DR,mean,32.09246063232422
MBNMS,1995,HMXL_DR,stdev,3.397162437438965
MBNMS,1996,HMXL_DR,mean,31.660886764526367
MBNMS,1996,HMXL_DR,stdev,3.4452409744262695
MBNMS,1997,HMXL_DR,mean,31.564449310302734
MBNMS,1997,HMXL_DR,stdev,3.4772837162017822
MBNMS,1998,HMXL_DR,mean,32.055179595947266
MBNMS,1998,HMXL_DR,stdev,3.679124116897583
MBNMS,1999,HMXL_DR,mean,31.464916229248047
MBNMS,1999,HMXL_DR,stdev,3.405522108078003
MBNMS,2000,HMXL_DR,mean,31.49376678466797
MBNMS,2000,HMXL_DR,stdev,3.301290512084961
MBNMS,2001,HMXL_DR,mean,31.578393936157227
MBNMS,2001,HMXL_DR,stdev,3.2838423252105713
MBNMS,2002,HMXL_DR,mean,31.94700813293457
MBNMS,2002,HMXL_DR,stdev,3.3375585079193115
MBNMS,2003,HMXL_DR,mean,32.093772888183594
MBNMS,2003,HMXL_DR,stdev,3.279101848602295
MBNMS,2004,HMXL_DR,mean,31.912660598754883
MBNMS,2004,HMXL_DR,stdev,3.2182037830352783
MBNMS,2005,HMXL_DR,mean,31.506879806518555
MBNMS,2005,HMXL_DR,stdev,3.3735711574554443
MBNMS,2006,HMXL_DR,mean,32.17622756958008
MBNMS,2006,HMXL_DR,stdev,3.3171331882476807
MBNMS,2007,HMXL_DR,mean,31.313203811645508
MBNMS,2007,HMXL_DR,stdev,3.247614622116089
MBNMS,2008,HMXL_DR,mean,31.663877487182617
MBNMS,2008,HMXL_DR,stdev,3.3081181049346924
MBNMS,2009,HMXL_DR,mean,31.58812713623047
MBNMS,2009,HMXL_DR,stdev,3.2920825481414795
MBNMS,2010,HMXL_DR,mean,31.853378295898438
MBNMS,2010,HMXL_DR,stdev,3.358997344970703
MBNMS,2011,HMXL_DR,mean,32.293399810791016
MBNMS,2011,HMXL_DR,stdev,3.0924065113067627
MBNMS,2012,HMXL_DR,mean,31.682750701904297
MBNMS,2012,HMXL_DR,stdev,3.562131881713867
MBNMS,2013,HMXL_DR,mean,30.617225646972656
MBNMS,2013,HMXL_DR,stdev,3.474886417388916
MBNMS,2014,HMXL_DR,mean,31.433170318603516
MBNMS,2014,HMXL_DR,stdev,3.257190227508545
MBNMS,2015,HMXL_DR,mean,31.687091827392578
MBNMS,2015,HMXL_DR,stdev,3.2393431663513184
MBNMS,2016,HMXL_DR,mean,31.457969665527344
MBNMS,2016,HMXL_DR,stdev,3.3463761806488037
MBNMS,2017,HMXL_DR,mean,31.808528900146484
MBNMS,2017,HMXL_DR,stdev,3.376862049102783
MBNMS,2018,HMXL_DR,mean,31.190399169921875
MBNMS,2018,HMXL_DR,stdev,3.1540369987487793
MBNMS,2019,HMXL_DR,mean,31.52931785583496
MBNMS,2019,HMXL_DR,stdev,3.349782943725586
MBNMS,2020,HMXL_DR,mean,31.6011962890625
MBNMS,2020,HMXL_DR,stdev,3.5872528553009033
MBNMS,2021,HMXL_DR,mean,31.42715072631836
MBNMS,2021,HMXL_DR,stdev,3.352409601211548
MBNMS,2022,HMXL_DR,mean,31.74640464782715
MBNMS,2022,HMXL_DR,stdev,3.3820838928222656
MBNMS,2023,HMXL_DR,mean,31.1154727935791
MBNMS,2023,HMXL_DR,stdev,3.349395275115967
MBNMS,2024,HMXL_DR,mean,31.76601219177246
MBNMS,2024,HMXL_DR,stdev,3.3938422203063965
MBNMS,2025,HMXL_DR,mean,31.607236862182617
MBNMS,2025,HMXL_DR,stdev,3.282644271850586
MBNMS,2026,HMXL_DR,mean,31.30158042907715
MBNMS,2026,HMXL_DR,stdev,3.177611827850342
MBNMS,2027,HMXL_DR,mean,31.673738479614258
MBNMS,2027,HMXL_DR,stdev,3.33367919921875
MBNMS,2028,HMXL_DR,mean,31.081331253051758
MBNMS,2028,HMXL_DR,stdev,3.4036967754364014
MBNMS,2029,HMXL_DR,mean,30.89765167236328
MBNMS,2029,HMXL_DR,stdev,3.2750606536865234
MBNMS,2030,HMXL_DR,mean,31.0333309173584
MBNMS,2030,HMXL_DR,stdev,3.252016067504883
MBNMS,2031,HMXL_DR,mean,31.46436309814453
MBNMS,2031,HMXL_DR,stdev,3.3645524978637695
MBNMS,2032,HMXL_DR,mean,30.9036865234375
MBNMS,2032,HMXL_DR,stdev,3.2523295879364014
MBNMS,2033,HMXL_DR,mean,31.162492752075195
MBNMS,2033,HMXL_DR,stdev,3.2001991271972656
MBNMS,2034,HMXL_DR,mean,30.738826751708984
MBNMS,2034,HMXL_DR,stdev,3.3464410305023193
MBNMS,2035,HMXL_DR,mean,30.94400978088379
MBNMS,2035,HMXL_DR,stdev,3.3221616744995117
MBNMS,2036,HMXL_DR,mean,30.121227264404297
MBNMS,2036,HMXL_DR,stdev,3.442140579223633
MBNMS,2037,HMXL_DR,mean,30.880407333374023
MBNMS,2037,HMXL_DR,stdev,3.4218645095825195
MBNMS,2038,HMXL_DR,mean,30.402925491333008
MBNMS,2038,HMXL_DR,stdev,3.2897589206695557
MBNMS,2039,HMXL_DR,mean,31.12237548828125
MBNMS,2039,HMXL_DR,stdev,3.2038726806640625
MBNMS,2040,HMXL_DR,mean,31.118988037109375
MBNMS,2040,HMXL_DR,stdev,3.123023748397827
MBNMS,2041,HMXL_DR,mean,30.836685180664062
MBNMS,2041,HMXL_DR,stdev,3.433852195739746
MBNMS,2042,HMXL_DR,mean,31.087709426879883
MBNMS,2042,HMXL_DR,stdev,3.044565200805664
MBNMS,2043,HMXL_DR,mean,30.770788192749023
MBNMS,2043,HMXL_DR,stdev,3.0117971897125244
MBNMS,2044,HMXL_DR,mean,31.44614028930664
MBNMS,2044,HMXL_DR,stdev,3.2849438190460205
MBNMS,2045,HMXL_DR,mean,30.418670654296875
MBNMS,2045,HMXL_DR,stdev,3.280158281326294
MBNMS,2046,HMXL_DR,mean,30.304304122924805
MBNMS,2046,HMXL_DR,stdev,3.284975528717041
MBNMS,2047,HMXL_DR,mean,30.173181533813477
MBNMS,2047,HMXL_DR,stdev,3.325734853744507
MBNMS,2048,HMXL_DR,mean,31.119293212890625
MBNMS,2048,HMXL_DR,stdev,3.2293312549591064
MBNMS,2049,HMXL_DR,mean,30.853975296020508
MBNMS,2049,HMXL_DR,stdev,3.253209114074707
MBNMS,2050,HMXL_DR,mean,31.061538696289062
MBNMS,2050,HMXL_DR,stdev,3.3133883476257324
MBNMS,2051,HMXL_DR,mean,30.50530433654785
MBNMS,2051,HMXL_DR,stdev,3.249237298965454
MBNMS,2052,HMXL_DR,mean,31.18302345275879
MBNMS,2052,HMXL_DR,stdev,3.19270396232605
MBNMS,2053,HMXL_DR,mean,30.848793029785156
MBNMS,2053,HMXL_DR,stdev,3.0701398849487305
MBNMS,2054,HMXL_DR,mean,30.562149047851562
MBNMS,2054,HMXL_DR,stdev,3.178972005844116
MBNMS,2055,HMXL_DR,mean,31.070125579833984
MBNMS,2055,HMXL_DR,stdev,3.1302976608276367
MBNMS,2056,HMXL_DR,mean,30.24448585510254
MBNMS,2056,HMXL_DR,stdev,3.2633848190307617
MBNMS,2057,HMXL_DR,mean,30.57636260986328
MBNMS,2057,HMXL_DR,stdev,3.3617844581604004
MBNMS,2058,HMXL_DR,mean,29.991474151611328
MBNMS,2058,HMXL_DR,stdev,3.233391761779785
MBNMS,2059,HMXL_DR,mean,30.40992546081543
MBNMS,2059,HMXL_DR,stdev,3.057570219039917
MBNMS,2060,HMXL_DR,mean,30.924285888671875
MBNMS,2060,HMXL_DR,stdev,2.966200113296509
MBNMS,2061,HMXL_DR,mean,30.656970977783203
MBNMS,2061,HMXL_DR,stdev,3.1861672401428223
MBNMS,2062,HMXL_DR,mean,30.257164001464844
MBNMS,2062,HMXL_DR,stdev,3.134840250015259
MBNMS,2063,HMXL_DR,mean,30.518474578857422
MBNMS,2063,HMXL_DR,stdev,3.140745162963867
MBNMS,2064,HMXL_DR,mean,30.280263900756836
MBNMS,2064,HMXL_DR,stdev,3.143922805786133
MBNMS,2065,HMXL_DR,mean,30.678253173828125
MBNMS,2065,HMXL_DR,stdev,3.1273412704467773
MBNMS,2066,HMXL_DR,mean,30.75083351135254
MBNMS,2066,HMXL_DR,stdev,3.3252153396606445
MBNMS,2067,HMXL_DR,mean,29.938983917236328
MBNMS,2067,HMXL_DR,stdev,3.376966714859009
MBNMS,2068,HMXL_DR,mean,30.275896072387695
MBNMS,2068,HMXL_DR,stdev,3.074620246887207
MBNMS,2069,HMXL_DR,mean,30.820276260375977
MBNMS,2069,HMXL_DR,stdev,3.264639377593994
MBNMS,2070,HMXL_DR,mean,30.487279891967773
MBNMS,2070,HMXL_DR,stdev,3.0025417804718018
MBNMS,2071,HMXL_DR,mean,30.6290225982666
MBNMS,2071,HMXL_DR,stdev,3.091615676879883
MBNMS,2072,HMXL_DR,mean,29.697772979736328
MBNMS,2072,HMXL_DR,stdev,3.3127009868621826
MBNMS,2073,HMXL_DR,mean,30.07147216796875
MBNMS,2073,HMXL_DR,stdev,2.950584650039673
MBNMS,2074,HMXL_DR,mean,30.28018569946289
MBNMS,2074,HMXL_DR,stdev,3.168667793273926
MBNMS,2075,HMXL_DR,mean,29.552127838134766
MBNMS,2075,HMXL_DR,stdev,3.4052064418792725
MBNMS,2076,HMXL_DR,mean,29.908523559570312
MBNMS,2076,HMXL_DR,stdev,2.8990671634674072
MBNMS,2077,HMXL_DR,mean,29.93645668029785
MBNMS,2077,HMXL_DR,stdev,3.3031864166259766
MBNMS,2078,HMXL_DR,mean,29.796367645263672
MBNMS,2078,HMXL_DR,stdev,3.0837228298187256
MBNMS,2079,HMXL_DR,mean,29.725112915039062
MBNMS,2079,HMXL_DR,stdev,3.0768322944641113
MBNMS,2080,HMXL_DR,mean,30.013643264770508
MBNMS,2080,HMXL_DR,stdev,3.2208170890808105
MBNMS,2081,HMXL_DR,mean,28.991592407226562
MBNMS,2081,HMXL_DR,stdev,2.9979519844055176
MBNMS,2082,HMXL_DR,mean,30.135520935058594
MBNMS,2082,HMXL_DR,stdev,3.0756661891937256
MBNMS,2083,HMXL_DR,mean,29.59013557434082
MBNMS,2083,HMXL_DR,stdev,3.400202751159668
MBNMS,2084,HMXL_DR,mean,29.2810001373291
MBNMS,2084,HMXL_DR,stdev,3.2579846382141113
MBNMS,2085,HMXL_DR,mean,29.717266082763672
MBNMS,2085,HMXL_DR,stdev,3.4570045471191406
MBNMS,2086,HMXL_DR,mean,29.46529197692871
MBNMS,2086,HMXL_DR,stdev,3.2187130451202393
MBNMS,2087,HMXL_DR,mean,30.10841178894043
MBNMS,2087,HMXL_DR,stdev,3.0386013984680176
MBNMS,2088,HMXL_DR,mean,29.686363220214844
MBNMS,2088,HMXL_DR,stdev,3.268878698348999
MBNMS,2089,HMXL_DR,mean,29.620752334594727
MBNMS,2089,HMXL_DR,stdev,3.02963924407959
MBNMS,2090,HMXL_DR,mean,29.809934616088867
MBNMS,2090,HMXL_DR,stdev,3.076277017593384
MBNMS,2091,HMXL_DR,mean,28.701330184936523
MBNMS,2091,HMXL_DR,stdev,3.1709017753601074
MBNMS,2092,HMXL_DR,mean,29.62864112854004
MBNMS,2092,HMXL_DR,stdev,3.065758228302002
MBNMS,2093,HMXL_DR,mean,29.891916275024414
MBNMS,2093,HMXL_DR,stdev,3.0728604793548584
MBNMS,2094,HMXL_DR,mean,29.67881965637207
MBNMS,2094,HMXL_DR,stdev,3.0767555236816406
MBNMS,2095,HMXL_DR,mean,29.26700210571289
MBNMS,2095,HMXL_DR,stdev,3.1379828453063965
MBNMS,2096,HMXL_DR,mean,28.763883590698242
MBNMS,2096,HMXL_DR,stdev,3.3317840099334717
MBNMS,2097,HMXL_DR,mean,29.506559371948242
MBNMS,2097,HMXL_DR,stdev,3.0815963745117188
MBNMS,2098,HMXL_DR,mean,29.128477096557617
MBNMS,2098,HMXL_DR,stdev,3.1020796298980713
MBNMS,2099,HMXL_DR,mean,29.189590454101562
MBNMS,2099,HMXL_DR,stdev,3.0170466899871826
MBNMS,2100,HMXL_DR,mean,29.828126907348633
MBNMS,2100,HMXL_DR,stdev,3.143594980239868
MBNMS-david,1990,HMXL_DR,mean,38.35893249511719
MBNMS-david,1990,HMXL_DR,stdev,0.8776620030403137
MBNMS-david,1991,HMXL_DR,mean,38.77960968017578
MBNMS-david,1991,HMXL_DR,stdev,0.9320430159568787
MBNMS-david,1992,HMXL_DR,mean,38.63964080810547
MBNMS-david,1992,HMXL_DR,stdev,0.9017186760902405
MBNMS-david,1993,HMXL_DR,mean,37.38700485229492
MBNMS-david,1993,HMXL_DR,stdev,0.9382961988449097
MBNMS-david,1994,HMXL_DR,mean,37.680110931396484
MBNMS-david,1994,HMXL_DR,stdev,0.9140568971633911
MBNMS-david,1995,HMXL_DR,mean,38.23152542114258
MBNMS-david,1995,HMXL_DR,stdev,0.8935948610305786
MBNMS-david,1996,HMXL_DR,mean,37.78020477294922
MBNMS-david,1996,HMXL_DR,stdev,0.8600727319717407
MBNMS-david,1997,HMXL_DR,mean,37.817718505859375
MBNMS-david,1997,HMXL_DR,stdev,0.8938133716583252
MBNMS-david,1998,HMXL_DR,mean,38.62437057495117
MBNMS-david,1998,HMXL_DR,stdev,0.9401193857192993
MBNMS-david,1999,HMXL_DR,mean,37.77635192871094
MBNMS-david,1999,HMXL_DR,stdev,0.928298830986023
MBNMS-david,2000,HMXL_DR,mean,37.42957305908203
MBNMS-david,2000,HMXL_DR,stdev,0.8049426078796387
MBNMS-david,2001,HMXL_DR,mean,37.45066452026367
MBNMS-david,2001,HMXL_DR,stdev,0.7998138070106506
MBNMS-david,2002,HMXL_DR,mean,37.953487396240234
MBNMS-david,2002,HMXL_DR,stdev,0.839735746383667
MBNMS-david,2003,HMXL_DR,mean,38.10460662841797
MBNMS-david,2003,HMXL_DR,stdev,0.8383065462112427
MBNMS-david,2004,HMXL_DR,mean,37.76163864135742
MBNMS-david,2004,HMXL_DR,stdev,0.8174706101417542
MBNMS-david,2005,HMXL_DR,mean,37.5503044128418
MBNMS-david,2005,HMXL_DR,stdev,0.8601346015930176
MBNMS-david,2006,HMXL_DR,mean,38.291439056396484
MBNMS-david,2006,HMXL_DR,stdev,0.86461639404296875
MBNMS-david,2007,HMXL_DR,mean,37.21862030029297
MBNMS-david,2007,HMXL_DR,stdev,0.8302732706069946
MBNMS-david,2008,HMXL_DR,mean,37.820098876953125
MBNMS-david,2008,HMXL_DR,stdev,0.8668968081474304
MBNMS-david,2009,HMXL_DR,mean,37.52346420288086
MBNMS-david,2009,HMXL_DR,stdev,0.851298987865448
MBNMS-david,2010,HMXL_DR,mean,37.89676284790039
MBNMS-david,2010,HMXL_DR,stdev,0.8324027061462402
MBNMS-david,2011,HMXL_DR,mean,37.832679748535156
MBNMS-david,2011,HMXL_DR,stdev,0.7393190860748291
MBNMS-david,2012,HMXL_DR,mean,38.0020637512207
MBNMS-david,2012,HMXL_DR,stdev,0.8964748382568359
MBNMS-david,2013,HMXL_DR,mean,36.78946304321289
MBNMS-david,2013,HMXL_DR,stdev,0.8914064168930054
MBNMS-david,2014,HMXL_DR,mean,37.36723709106445
MBNMS-david,2014,HMXL_DR,stdev,0.8217482566833496
MBNMS-david,2015,HMXL_DR,mean,37.567955017089844
MBNMS-david,2015,HMXL_DR,stdev,0.8551509976387024
MBNMS-david,2016,HMXL_DR,mean,37.45199203491211
MBNMS-david,2016,HMXL_DR,stdev,0.8916321396827698
MBNMS-david,2017,HMXL_DR,mean,37.853546142578125
MBNMS-david,2017,HMXL_DR,stdev,0.8658687472343445
MBNMS-david,2018,HMXL_DR,mean,36.916446685791016
MBNMS-david,2018,HMXL_DR,stdev,0.8002465963363647
MBNMS-david,2019,HMXL_DR,mean,37.43381881713867
MBNMS-david,2019,HMXL_DR,stdev,0.8135151267051697
MBNMS-david,2020,HMXL_DR,mean,37.958065032958984
MBNMS-david,2020,HMXL_DR,stdev,0.9139778017997742
MBNMS-david,2021,HMXL_DR,mean,37.42849349975586
MBNMS-david,2021,HMXL_DR,stdev,0.8510085344314575
MBNMS-david,2022,HMXL_DR,mean,37.702266693115234
MBNMS-david,2022,HMXL_DR,stdev,0.8083129525184631
MBNMS-david,2023,HMXL_DR,mean,37.28428649902344
MBNMS-david,2023,HMXL_DR,stdev,0.8865047693252563
MBNMS-david,2024,HMXL_DR,mean,37.85216522216797
MBNMS-david,2024,HMXL_DR,stdev,0.8675078749656677
MBNMS-david,2025,HMXL_DR,mean,37.44598388671875
MBNMS-david,2025,HMXL_DR,stdev,0.8144928216934204
MBNMS-david,2026,HMXL_DR,mean,36.98906707763672
MBNMS-david,2026,HMXL_DR,stdev,0.7760863900184631
MBNMS-david,2027,HMXL_DR,mean,37.587947845458984
MBNMS-david,2027,HMXL_DR,stdev,0.8275169134140015
MBNMS-david,2028,HMXL_DR,mean,37.168941497802734
MBNMS-david,2028,HMXL_DR,stdev,0.875086784362793
MBNMS-david,2029,HMXL_DR,mean,36.6923942565918
MBNMS-david,2029,HMXL_DR,stdev,0.7920436859130859
MBNMS-david,2030,HMXL_DR,mean,36.908836364746094
MBNMS-david,2030,HMXL_DR,stdev,0.8171600699424744
MBNMS-david,2031,HMXL_DR,mean,37.55217361450195
MBNMS-david,2031,HMXL_DR,stdev,0.8665833473205566
MBNMS-david,2032,HMXL_DR,mean,36.73116683959961
MBNMS-david,2032,HMXL_DR,stdev,0.79337078332901
MBNMS-david,2033,HMXL_DR,mean,36.91958999633789
MBNMS-david,2033,HMXL_DR,stdev,0.8015651106834412
MBNMS-david,2034,HMXL_DR,mean,36.72605514526367
MBNMS-david,2034,HMXL_DR,stdev,0.8306025266647339
MBNMS-david,2035,HMXL_DR,mean,36.820655822753906
MBNMS-david,2035,HMXL_DR,stdev,0.8318994641304016
MBNMS-david,2036,HMXL_DR,mean,36.28618621826172
MBNMS-david,2036,HMXL_DR,stdev,0.8821006417274475
MBNMS-david,2037,HMXL_DR,mean,37.096839904785156
MBNMS-david,2037,HMXL_DR,stdev,0.854485273361206
MBNMS-david,2038,HMXL_DR,mean,36.26052474975586
MBNMS-david,2038,HMXL_DR,stdev,0.8080598711967468
MBNMS-david,2039,HMXL_DR,mean,36.95741271972656
MBNMS-david,2039,HMXL_DR,stdev,0.8000309467315674
MBNMS-david,2040,HMXL_DR,mean,36.63329315185547
MBNMS-david,2040,HMXL_DR,stdev,0.7475579380989075
MBNMS-david,2041,HMXL_DR,mean,36.97909927368164
MBNMS-david,2041,HMXL_DR,stdev,0.8985568881034851
MBNMS-david,2042,HMXL_DR,mean,36.659053802490234
MBNMS-david,2042,HMXL_DR,stdev,0.7599623203277588
MBNMS-david,2043,HMXL_DR,mean,36.26872634887695
MBNMS-david,2043,HMXL_DR,stdev,0.7287091612815857
MBNMS-david,2044,HMXL_DR,mean,37.301509857177734
MBNMS-david,2044,HMXL_DR,stdev,0.8167071342468262
MBNMS-david,2045,HMXL_DR,mean,36.23849868774414
MBNMS-david,2045,HMXL_DR,stdev,0.7994256019592285
MBNMS-david,2046,HMXL_DR,mean,36.10445022583008
MBNMS-david,2046,HMXL_DR,stdev,0.7944391369819641
MBNMS-david,2047,HMXL_DR,mean,36.01352310180664
MBNMS-david,2047,HMXL_DR,stdev,0.8048031330108643
MBNMS-david,2048,HMXL_DR,mean,36.837772369384766
MBNMS-david,2048,HMXL_DR,stdev,0.7934872508049011
MBNMS-david,2049,HMXL_DR,mean,36.6086540222168
MBNMS-david,2049,HMXL_DR,stdev,0.7839945554733276
MBNMS-david,2050,HMXL_DR,mean,36.87281799316406
MBNMS-david,2050,HMXL_DR,stdev,0.7705032229423523
MBNMS-david,2051,HMXL_DR,mean,36.344669342041016
MBNMS-david,2051,HMXL_DR,stdev,0.7974284291267395
MBNMS-david,2052,HMXL_DR,mean,36.96365737915039
MBNMS-david,2052,HMXL_DR,stdev,0.7936180830001831
MBNMS-david,2053,HMXL_DR,mean,36.39576721191406
MBNMS-david,2053,HMXL_DR,stdev,0.7416757345199585
MBNMS-david,2054,HMXL_DR,mean,36.13382339477539
MBNMS-david,2054,HMXL_DR,stdev,0.7564927935600281
MBNMS-david,2055,HMXL_DR,mean,36.712493896484375
MBNMS-david,2055,HMXL_DR,stdev,0.7546020150184631
MBNMS-david,2056,HMXL_DR,mean,35.98900604248047
MBNMS-david,2056,HMXL_DR,stdev,0.7616676092147827
MBNMS-david,2057,HMXL_DR,mean,36.4048957824707
MBNMS-david,2057,HMXL_DR,stdev,0.7930358052253723
MBNMS-david,2058,HMXL_DR,mean,35.71507263183594
MBNMS-david,2058,HMXL_DR,stdev,0.7907567620277405
MBNMS-david,2059,HMXL_DR,mean,35.96779251098633
MBNMS-david,2059,HMXL_DR,stdev,0.7523488998413086
MBNMS-david,2060,HMXL_DR,mean,36.209598541259766
MBNMS-david,2060,HMXL_DR,stdev,0.7009442448616028
MBNMS-david,2061,HMXL_DR,mean,36.342193603515625
MBNMS-david,2061,HMXL_DR,stdev,0.7627301812171936
MBNMS-david,2062,HMXL_DR,mean,35.821510314941406
MBNMS-david,2062,HMXL_DR,stdev,0.728863000869751
MBNMS-david,2063,HMXL_DR,mean,36.112274169921875
MBNMS-david,2063,HMXL_DR,stdev,0.7565876841545105
MBNMS-david,2064,HMXL_DR,mean,35.87689971923828
MBNMS-david,2064,HMXL_DR,stdev,0.7784113883972168
MBNMS-david,2065,HMXL_DR,mean,36.214210510253906
MBNMS-david,2065,HMXL_DR,stdev,0.719179093837738
MBNMS-david,2066,HMXL_DR,mean,36.589881896972656
MBNMS-david,2066,HMXL_DR,stdev,0.7969496250152588
MBNMS-david,2067,HMXL_DR,mean,35.91262435913086
MBNMS-david,2067,HMXL_DR,stdev,0.8451593518257141
MBNMS-david,2068,HMXL_DR,mean,35.76951599121094
MBNMS-david,2068,HMXL_DR,stdev,0.7369652986526489
MBNMS-david,2069,HMXL_DR,mean,36.577327728271484
MBNMS-david,2069,HMXL_DR,stdev,0.7832756638526917
MBNMS-david,2070,HMXL_DR,mean,35.81182861328125
MBNMS-david,2070,HMXL_DR,stdev,0.6982698440551758
MBNMS-david,2071,HMXL_DR,mean,35.98176956176758
MBNMS-david,2071,HMXL_DR,stdev,0.7065647840499878
MBNMS-david,2072,HMXL_DR,mean,35.52574157714844
MBNMS-david,2072,HMXL_DR,stdev,0.7765565514564514
MBNMS-david,2073,HMXL_DR,mean,35.29022979736328
MBNMS-david,2073,HMXL_DR,stdev,0.7002281546592712
MBNMS-david,2074,HMXL_DR,mean,35.73137283325195
MBNMS-david,2074,HMXL_DR,stdev,0.7083204388618469
MBNMS-david,2075,HMXL_DR,mean,35.569576263427734
MBNMS-david,2075,HMXL_DR,stdev,0.8584451079368591
MBNMS-david,2076,HMXL_DR,mean,35.04449462890625
MBNMS-david,2076,HMXL_DR,stdev,0.6832342147827148
MBNMS-david,2077,HMXL_DR,mean,35.70396041870117
MBNMS-david,2077,HMXL_DR,stdev,0.7867149710655212
MBNMS-david,2078,HMXL_DR,mean,35.22539138793945
MBNMS-david,2078,HMXL_DR,stdev,0.7289564609527588
MBNMS-david,2079,HMXL_DR,mean,35.20637130737305
MBNMS-david,2079,HMXL_DR,stdev,0.7188987135887146
MBNMS-david,2080,HMXL_DR,mean,35.644317626953125
MBNMS-david,2080,HMXL_DR,stdev,0.7374311685562134
MBNMS-david,2081,HMXL_DR,mean,34.28111267089844
MBNMS-david,2081,HMXL_DR,stdev,0.7284086346626282
MBNMS-david,2082,HMXL_DR,mean,35.41135025024414
MBNMS-david,2082,HMXL_DR,stdev,0.6990851163864136
MBNMS-david,2083,HMXL_DR,mean,35.446292877197266
MBNMS-david,2083,HMXL_DR,stdev,0.8189085125923157
MBNMS-david,2084,HMXL_DR,mean,34.92903518676758
MBNMS-david,2084,HMXL_DR,stdev,0.7498024702072144
MBNMS-david,2085,HMXL_DR,mean,35.62272644042969
MBNMS-david,2085,HMXL_DR,stdev,0.8276779651641846
MBNMS-david,2086,HMXL_DR,mean,35.003440856933594
MBNMS-david,2086,HMXL_DR,stdev,0.768613874912262
MBNMS-david,2087,HMXL_DR,mean,35.5220947265625
MBNMS-david,2087,HMXL_DR,stdev,0.7269607186317444
MBNMS-david,2088,HMXL_DR,mean,35.435142517089844
MBNMS-david,2088,HMXL_DR,stdev,0.7850254774093628
MBNMS-david,2089,HMXL_DR,mean,34.89813232421875
MBNMS-david,2089,HMXL_DR,stdev,0.7224617004394531
MBNMS-david,2090,HMXL_DR,mean,35.09449005126953
MBNMS-david,2090,HMXL_DR,stdev,0.6895708441734314
MBNMS-david,2091,HMXL_DR,mean,34.34068298339844
MBNMS-david,2091,HMXL_DR,stdev,0.7929811477661133
MBNMS-david,2092,HMXL_DR,mean,34.993377685546875
MBNMS-david,2092,HMXL_DR,stdev,0.7331435084342957
MBNMS-david,2093,HMXL_DR,mean,35.31592559814453
MBNMS-david,2093,HMXL_DR,stdev,0.7332470417022705
MBNMS-david,2094,HMXL_DR,mean,35.1057014465332
MBNMS-david,2094,HMXL_DR,stdev,0.7252295613288879
MBNMS-david,2095,HMXL_DR,mean,34.810035705566406
MBNMS-david,2095,HMXL_DR,stdev,0.7735874056816101
MBNMS-david,2096,HMXL_DR,mean,34.482784271240234
MBNMS-david,2096,HMXL_DR,stdev,0.8114834427833557
MBNMS-david,2097,HMXL_DR,mean,34.816043853759766
MBNMS-david,2097,HMXL_DR,stdev,0.7200130224227905
MBNMS-david,2098,HMXL_DR,mean,34.53673553466797
MBNMS-david,2098,HMXL_DR,stdev,0.7445499897003174
MBNMS-david,2099,HMXL_DR,mean,34.44529724121094
MBNMS-david,2099,HMXL_DR,stdev,0.685402512550354
MBNMS-david,2100,HMXL_DR,mean,35.11036682128906
MBNMS-david,2100,HMXL_DR,stdev,0.6840106248855591
MBNMS-main,1990,HMXL_DR,mean,31.269702911376953
MBNMS-main,1990,HMXL_DR,stdev,2.618913412094116
MBNMS-main,1991,HMXL_DR,mean,31.37374496459961
MBNMS-main,1991,HMXL_DR,stdev,2.7398667335510254
MBNMS-main,1992,HMXL_DR,mean,31.285213470458984
MBNMS-main,1992,HMXL_DR,stdev,2.7670035362243652
MBNMS-main,1993,HMXL_DR,mean,30.217008590698242
MBNMS-main,1993,HMXL_DR,stdev,2.636794328689575
MBNMS-main,1994,HMXL_DR,mean,30.388912200927734
MBNMS-main,1994,HMXL_DR,stdev,2.671506643295288
MBNMS-main,1995,HMXL_DR,mean,31.150115966796875
MBNMS-main,1995,HMXL_DR,stdev,2.552860975265503
MBNMS-main,1996,HMXL_DR,mean,30.7215576171875
MBNMS-main,1996,HMXL_DR,stdev,2.6360018253326416
MBNMS-main,1997,HMXL_DR,mean,30.604572296142578
MBNMS-main,1997,HMXL_DR,stdev,2.6271331310272217
MBNMS-main,1998,HMXL_DR,mean,31.046823501586914
MBNMS-main,1998,HMXL_DR,stdev,2.799607992172241
MBNMS-main,1999,HMXL_DR,mean,30.496129989624023
MBNMS-main,1999,HMXL_DR,stdev,2.488564968109131
MBNMS-main,2000,HMXL_DR,mean,30.582624435424805
MBNMS-main,2000,HMXL_DR,stdev,2.4967973232269287
MBNMS-main,2001,HMXL_DR,mean,30.677005767822266
MBNMS-main,2001,HMXL_DR,stdev,2.4971096515655518
MBNMS-main,2002,HMXL_DR,mean,31.0250244140625
MBNMS-main,2002,HMXL_DR,stdev,2.520617961883545
MBNMS-main,2003,HMXL_DR,mean,31.171125411987305
MBNMS-main,2003,HMXL_DR,stdev,2.4286625385284424
MBNMS-main,2004,HMXL_DR,mean,31.01484489440918
MBNMS-main,2004,HMXL_DR,stdev,2.405654191970825
MBNMS-main,2005,HMXL_DR,mean,30.5792236328125
MBNMS-main,2005,HMXL_DR,stdev,2.558938503265381
MBNMS-main,2006,HMXL_DR,mean,31.237558364868164
MBNMS-main,2006,HMXL_DR,stdev,2.4406545162200928
MBNMS-main,2007,HMXL_DR,mean,30.406728744506836
MBNMS-main,2007,HMXL_DR,stdev,2.4260737895965576
MBNMS-main,2008,HMXL_DR,mean,30.718931198120117
MBNMS-main,2008,HMXL_DR,stdev,2.4079363346099854
MBNMS-main,2009,HMXL_DR,mean,30.677064895629883
MBNMS-main,2009,HMXL_DR,stdev,2.4805548191070557
MBNMS-main,2010,HMXL_DR,mean,30.92573356628418
MBNMS-main,2010,HMXL_DR,stdev,2.5381622314453125
MBNMS-main,2011,HMXL_DR,mean,31.44312858581543
MBNMS-main,2011,HMXL_DR,stdev,2.3483188152313232
MBNMS-main,2012,HMXL_DR,mean,30.712745666503906
MBNMS-main,2012,HMXL_DR,stdev,2.728203296661377
MBNMS-main,2013,HMXL_DR,mean,29.669776916503906
MBNMS-main,2013,HMXL_DR,stdev,2.6573596000671387
MBNMS-main,2014,HMXL_DR,mean,30.522314071655273
MBNMS-main,2014,HMXL_DR,stdev,2.428948402404785
MBNMS-main,2015,HMXL_DR,mean,30.784385681152344
MBNMS-main,2015,HMXL_DR,stdev,2.4225499629974365
MBNMS-main,2016,HMXL_DR,mean,30.53788185119629
MBNMS-main,2016,HMXL_DR,stdev,2.536569595336914
MBNMS-main,2017,HMXL_DR,mean,30.880626678466797
MBNMS-main,2017,HMXL_DR,stdev,2.562981128692627
MBNMS-main,2018,HMXL_DR,mean,30.31145668029785
MBNMS-main,2018,HMXL_DR,stdev,2.36044979095459
MBNMS-main,2019,HMXL_DR,mean,30.622982025146484
MBNMS-main,2019,HMXL_DR,stdev,2.5825510025024414
MBNMS-main,2020,HMXL_DR,mean,30.62542152404785
MBNMS-main,2020,HMXL_DR,stdev,2.7497482299804688
MBNMS-main,2021,HMXL_DR,mean,30.505950927734375
MBNMS-main,2021,HMXL_DR,stdev,2.544822931289673
MBNMS-main,2022,HMXL_DR,mean,30.832178115844727
MBNMS-main,2022,HMXL_DR,stdev,2.6103343963623047
MBNMS-main,2023,HMXL_DR,mean,30.1685733795166
MBNMS-main,2023,HMXL_DR,stdev,2.466259241104126
MBNMS-main,2024,HMXL_DR,mean,30.831790924072266
MBNMS-main,2024,HMXL_DR,stdev,2.5715157985687256
MBNMS-main,2025,HMXL_DR,mean,30.71099281311035
MBNMS-main,2025,HMXL_DR,stdev,2.508457660675049
MBNMS-main,2026,HMXL_DR,mean,30.428552627563477
MBNMS-main,2026,HMXL_DR,stdev,2.414064884185791
MBNMS-main,2027,HMXL_DR,mean,30.765918731689453
MBNMS-main,2027,HMXL_DR,stdev,2.553734540939331
MBNMS-main,2028,HMXL_DR,mean,30.146888732910156
MBNMS-main,2028,HMXL_DR,stdev,2.585498332977295
MBNMS-main,2029,HMXL_DR,mean,30.008148193359375
MBNMS-main,2029,HMXL_DR,stdev,2.5161852836608887
MBNMS-main,2030,HMXL_DR,mean,30.13144874572754
MBNMS-main,2030,HMXL_DR,stdev,2.44633412361145
MBNMS-main,2031,HMXL_DR,mean,30.529903411865234
MBNMS-main,2031,HMXL_DR,stdev,2.526064395904541
MBNMS-main,2032,HMXL_DR,mean,30.009174346923828
MBNMS-main,2032,HMXL_DR,stdev,2.4682624340057373
MBNMS-main,2033,HMXL_DR,mean,30.27878761291504
MBNMS-main,2033,HMXL_DR,stdev,2.4179835319519043
MBNMS-main,2034,HMXL_DR,mean,29.819791793823242
MBNMS-main,2034,HMXL_DR,stdev,2.542681932449341
MBNMS-main,2035,HMXL_DR,mean,30.04193878173828
MBNMS-main,2035,HMXL_DR,stdev,2.5515575408935547
MBNMS-main,2036,HMXL_DR,mean,29.17491340637207
MBNMS-main,2036,HMXL_DR,stdev,2.6112635135650635
MBNMS-main,2037,HMXL_DR,mean,29.926198959350586
MBNMS-main,2037,HMXL_DR,stdev,2.559812068939209
MBNMS-main,2038,HMXL_DR,mean,29.5037841796875
MBNMS-main,2038,HMXL_DR,stdev,2.511746644973755
MBNMS-main,2039,HMXL_DR,mean,30.22671127319336
MBNMS-main,2039,HMXL_DR,stdev,2.390432596206665
MBNMS-main,2040,HMXL_DR,mean,30.27254295349121
MBNMS-main,2040,HMXL_DR,stdev,2.4043991565704346
MBNMS-main,2041,HMXL_DR,mean,29.89382553100586
MBNMS-main,2041,HMXL_DR,stdev,2.60721755027771
MBNMS-main,2042,HMXL_DR,mean,30.232524871826172
MBNMS-main,2042,HMXL_DR,stdev,2.2601003646850586
MBNMS-main,2043,HMXL_DR,mean,29.926870346069336
MBNMS-main,2043,HMXL_DR,stdev,2.2427978515625
MBNMS-main,2044,HMXL_DR,mean,30.547351837158203
MBNMS-main,2044,HMXL_DR,stdev,2.5049586296081543
MBNMS-main,2045,HMXL_DR,mean,29.525331497192383
MBNMS-main,2045,HMXL_DR,stdev,2.5132319927215576
MBNMS-main,2046,HMXL_DR,mean,29.413984298706055
MBNMS-main,2046,HMXL_DR,stdev,2.5287423133850098
MBNMS-main,2047,HMXL_DR,mean,29.276691436767578
MBNMS-main,2047,HMXL_DR,stdev,2.5729339122772217
MBNMS-main,2048,HMXL_DR,mean,30.241514205932617
MBNMS-main,2048,HMXL_DR,stdev,2.4785454273223877
MBNMS-main,2049,HMXL_DR,mean,29.97063636779785
MBNMS-main,2049,HMXL_DR,stdev,2.500101089477539
MBNMS-main,2050,HMXL_DR,mean,30.169517517089844
MBNMS-main,2050,HMXL_DR,stdev,2.5678157806396484
MBNMS-main,2051,HMXL_DR,mean,29.60896873474121
MBNMS-main,2051,HMXL_DR,stdev,2.458369016647339
MBNMS-main,2052,HMXL_DR,mean,30.29570960998535
MBNMS-main,2052,HMXL_DR,stdev,2.3969197273254395
MBNMS-main,2053,HMXL_DR,mean,29.997352600097656
MBNMS-main,2053,HMXL_DR,stdev,2.3109846115112305
MBNMS-main,2054,HMXL_DR,mean,29.70689582824707
MBNMS-main,2054,HMXL_DR,stdev,2.464385509490967
MBNMS-main,2055,HMXL_DR,mean,30.204042434692383
MBNMS-main,2055,HMXL_DR,stdev,2.3619842529296875
MBNMS-main,2056,HMXL_DR,mean,29.36270523071289
MBNMS-main,2056,HMXL_DR,stdev,2.520512819290161
MBNMS-main,2057,HMXL_DR,mean,29.681678771972656
MBNMS-main,2057,HMXL_DR,stdev,2.6316139698028564
MBNMS-main,2058,HMXL_DR,mean,29.11290740966797
MBNMS-main,2058,HMXL_DR,stdev,2.4826910495758057
MBNMS-main,2059,HMXL_DR,mean,29.55681037902832
MBNMS-main,2059,HMXL_DR,stdev,2.2864677906036377
MBNMS-main,2060,HMXL_DR,mean,30.113004684448242
MBNMS-main,2060,HMXL_DR,stdev,2.264462947845459
MBNMS-main,2061,HMXL_DR,mean,29.784299850463867
MBNMS-main,2061,HMXL_DR,stdev,2.428626775741577
MBNMS-main,2062,HMXL_DR,mean,29.40305519104004
MBNMS-main,2062,HMXL_DR,stdev,2.4026038646698
MBNMS-main,2063,HMXL_DR,mean,29.65983772277832
MBNMS-main,2063,HMXL_DR,stdev,2.3980681896209717
MBNMS-main,2064,HMXL_DR,mean,29.421188354492188
MBNMS-main,2064,HMXL_DR,stdev,2.400627851486206
MBNMS-main,2065,HMXL_DR,mean,29.8284969329834
MBNMS-main,2065,HMXL_DR,stdev,2.4033913612365723
MBNMS-main,2066,HMXL_DR,mean,29.854549407958984
MBNMS-main,2066,HMXL_DR,stdev,2.5730531215667725
MBNMS-main,2067,HMXL_DR,mean,29.02205467224121
MBNMS-main,2067,HMXL_DR,stdev,2.5936508178710938
MBNMS-main,2068,HMXL_DR,mean,29.432645797729492
MBNMS-main,2068,HMXL_DR,stdev,2.340470314025879
MBNMS-main,2069,HMXL_DR,mean,29.936573028564453
MBNMS-main,2069,HMXL_DR,stdev,2.5163025856018066
MBNMS-main,2070,HMXL_DR,mean,29.66996955871582
MBNMS-main,2070,HMXL_DR,stdev,2.303234815597534
MBNMS-main,2071,HMXL_DR,mean,29.807376861572266
MBNMS-main,2071,HMXL_DR,stdev,2.42404842376709
MBNMS-main,2072,HMXL_DR,mean,28.80319595336914
MBNMS-main,2072,HMXL_DR,stdev,2.5598015785217285
MBNMS-main,2073,HMXL_DR,mean,29.270402908325195
MBNMS-main,2073,HMXL_DR,stdev,2.268296718597412
MBNMS-main,2074,HMXL_DR,mean,29.44343376159668
MBNMS-main,2074,HMXL_DR,stdev,2.498751640319824
MBNMS-main,2075,HMXL_DR,mean,28.628459930419922
MBNMS-main,2075,HMXL_DR,stdev,2.6175339221954346
MBNMS-main,2076,HMXL_DR,mean,29.120162963867188
MBNMS-main,2076,HMXL_DR,stdev,2.2255167961120605
MBNMS-main,2077,HMXL_DR,mean,29.0511474609375
MBNMS-main,2077,HMXL_DR,stdev,2.569375514984131
MBNMS-main,2078,HMXL_DR,mean,28.963014602661133
MBNMS-main,2078,HMXL_DR,stdev,2.381010055541992
MBNMS-main,2079,HMXL_DR,mean,28.883756637573242
MBNMS-main,2079,HMXL_DR,stdev,2.349799394607544
MBNMS-main,2080,HMXL_DR,mean,29.14933967590332
MBNMS-main,2080,HMXL_DR,stdev,2.5038912296295166
MBNMS-main,2081,HMXL_DR,mean,28.17965316772461
MBNMS-main,2081,HMXL_DR,stdev,2.3091909885406494
MBNMS-main,2082,HMXL_DR,mean,29.325674057006836
MBNMS-main,2082,HMXL_DR,stdev,2.4308266639709473
MBNMS-main,2083,HMXL_DR,mean,28.691213607788086
MBNMS-main,2083,HMXL_DR,stdev,2.6761014461517334
MBNMS-main,2084,HMXL_DR,mean,28.414026260375977
MBNMS-main,2084,HMXL_DR,stdev,2.5514252185821533
MBNMS-main,2085,HMXL_DR,mean,28.810773849487305
MBNMS-main,2085,HMXL_DR,stdev,2.739698886871338
MBNMS-main,2086,HMXL_DR,mean,28.61518096923828
MBNMS-main,2086,HMXL_DR,stdev,2.5356709957122803
MBNMS-main,2087,HMXL_DR,mean,29.277423858642578
MBNMS-main,2087,HMXL_DR,stdev,2.319575071334839
MBNMS-main,2088,HMXL_DR,mean,28.80393409729004
MBNMS-main,2088,HMXL_DR,stdev,2.525899887084961
MBNMS-main,2089,HMXL_DR,mean,28.810670852661133
MBNMS-main,2089,HMXL_DR,stdev,2.3615124225616455
MBNMS-main,2090,HMXL_DR,mean,28.99875259399414
MBNMS-main,2090,HMXL_DR,stdev,2.4287776947021484
MBNMS-main,2091,HMXL_DR,mean,27.835697174072266
MBNMS-main,2091,HMXL_DR,stdev,2.423023223876953
MBNMS-main,2092,HMXL_DR,mean,28.805160522460938
MBNMS-main,2092,HMXL_DR,stdev,2.3798556327819824
MBNMS-main,2093,HMXL_DR,mean,29.05934715270996
MBNMS-main,2093,HMXL_DR,stdev,2.3665876388549805
MBNMS-main,2094,HMXL_DR,mean,28.845800399780273
MBNMS-main,2094,HMXL_DR,stdev,2.371633529663086
MBNMS-main,2095,HMXL_DR,mean,28.416154861450195
MBNMS-main,2095,HMXL_DR,stdev,2.4138877391815186
MBNMS-main,2096,HMXL_DR,mean,27.886022567749023
MBNMS-main,2096,HMXL_DR,stdev,2.6293275356292725
MBNMS-main,2097,HMXL_DR,mean,28.691560745239258
MBNMS-main,2097,HMXL_DR,stdev,2.4255709648132324
MBNMS-main,2098,HMXL_DR,mean,28.298307418823242
MBNMS-main,2098,HMXL_DR,stdev,2.4158923625946045
MBNMS-main,2099,HMXL_DR,mean,28.38283348083496
MBNMS-main,2099,HMXL_DR,stdev,2.3531546592712402
MBNMS-main,2100,HMXL_DR,mean,29.017288208007812
MBNMS-main,2100,HMXL_DR,stdev,2.527350664138794
MNMS,1990,HMXL_DR,mean,41.24440383911133
MNMS,1990,HMXL_DR,stdev,0
MNMS,1991,HMXL_DR,mean,41.508846282958984
MNMS,1991,HMXL_DR,stdev,0
MNMS,1992,HMXL_DR,mean,42.46837615966797
MNMS,1992,HMXL_DR,stdev,0
MNMS,1993,HMXL_DR,mean,41.84595489501953
MNMS,1993,HMXL_DR,stdev,0
MNMS,1994,HMXL_DR,mean,41.54789733886719
MNMS,1994,HMXL_DR,stdev,0
MNMS,1995,HMXL_DR,mean,41.28715896606445
MNMS,1995,HMXL_DR,stdev,0
MNMS,1996,HMXL_DR,mean,41.22200393676758
MNMS,1996,HMXL_DR,stdev,0
MNMS,1997,HMXL_DR,mean,41.20057678222656
MNMS,1997,HMXL_DR,stdev,0
MNMS,1998,HMXL_DR,mean,41.753662109375
MNMS,1998,HMXL_DR,stdev,0
MNMS,1999,HMXL_DR,mean,41.16707992553711
MNMS,1999,HMXL_DR,stdev,0
MNMS,2000,HMXL_DR,mean,41.3615608215332
MNMS,2000,HMXL_DR,stdev,0
MNMS,2001,HMXL_DR,mean,41.378211975097656
MNMS,2001,HMXL_DR,stdev,0
MNMS,2002,HMXL_DR,mean,41.56725311279297
MNMS,2002,HMXL_DR,stdev,0
MNMS,2003,HMXL_DR,mean,42.366455078125
MNMS,2003,HMXL_DR,stdev,0
MNMS,2004,HMXL_DR,mean,42.54547882080078
MNMS,2004,HMXL_DR,stdev,0
MNMS,2005,HMXL_DR,mean,42.72319793701172
MNMS,2005,HMXL_DR,stdev,0
MNMS,2006,HMXL_DR,mean,42.26139450073242
MNMS,2006,HMXL_DR,stdev,0
MNMS,2007,HMXL_DR,mean,42.22012710571289
MNMS,2007,HMXL_DR,stdev,0
MNMS,2008,HMXL_DR,mean,42.42100143432617
MNMS,2008,HMXL_DR,stdev,0
MNMS,2009,HMXL_DR,mean,42.80734634399414
MNMS,2009,HMXL_DR,stdev,0
MNMS,2010,HMXL_DR,mean,42.91278076171875
MNMS,2010,HMXL_DR,stdev,0
MNMS,2011,HMXL_DR,mean,43.23200225830078
MNMS,2011,HMXL_DR,stdev,0
MNMS,2012,HMXL_DR,mean,42.846527099609375
MNMS,2012,HMXL_DR,stdev,0
MNMS,2013,HMXL_DR,mean,42.95452880859375
MNMS,2013,HMXL_DR,stdev,0
MNMS,2014,HMXL_DR,mean,42.544578552246094
MNMS,2014,HMXL_DR,stdev,0
MNMS,2015,HMXL_DR,mean,42.99336242675781
MNMS,2015,HMXL_DR,stdev,0
MNMS,2016,HMXL_DR,mean,42.92534255981445
MNMS,2016,HMXL_DR,stdev,0
MNMS,2017,HMXL_DR,mean,42.72629165649414
MNMS,2017,HMXL_DR,stdev,0
MNMS,2018,HMXL_DR,mean,42.720394134521484
MNMS,2018,HMXL_DR,stdev,0
MNMS,2019,HMXL_DR,mean,43.50135803222656
MNMS,2019,HMXL_DR,stdev,0
MNMS,2020,HMXL_DR,mean,42.68263244628906
MNMS,2020,HMXL_DR,stdev,0
MNMS,2021,HMXL_DR,mean,42.61223602294922
MNMS,2021,HMXL_DR,stdev,0
MNMS,2022,HMXL_DR,mean,42.70376968383789
MNMS,2022,HMXL_DR,stdev,0
MNMS,2023,HMXL_DR,mean,42.71242141723633
MNMS,2023,HMXL_DR,stdev,0
MNMS,2024,HMXL_DR,mean,42.972660064697266
MNMS,2024,HMXL_DR,stdev,0
MNMS,2025,HMXL_DR,mean,42.32064437866211
MNMS,2025,HMXL_DR,stdev,0
MNMS,2026,HMXL_DR,mean,42.42999267578125
MNMS,2026,HMXL_DR,stdev,0
MNMS,2027,HMXL_DR,mean,42.68238830566406
MNMS,2027,HMXL_DR,stdev,0
MNMS,2028,HMXL_DR,mean,43.32988357543945
MNMS,2028,HMXL_DR,stdev,0
MNMS,2029,HMXL_DR,mean,43.4287109375
MNMS,2029,HMXL_DR,stdev,0
MNMS,2030,HMXL_DR,mean,43.04059982299805
MNMS,2030,HMXL_DR,stdev,0
MNMS,2031,HMXL_DR,mean,42.52024841308594
MNMS,2031,HMXL_DR,stdev,0
MNMS,2032,HMXL_DR,mean,42.67121505737305
MNMS,2032,HMXL_DR,stdev,0
MNMS,2033,HMXL_DR,mean,42.56610870361328
MNMS,2033,HMXL_DR,stdev,0
MNMS,2034,HMXL_DR,mean,42.77653884887695
MNMS,2034,HMXL_DR,stdev,0
MNMS,2035,HMXL_DR,mean,42.22576904296875
MNMS,2035,HMXL_DR,stdev,0
MNMS,2036,HMXL_DR,mean,42.25371170043945
MNMS,2036,HMXL_DR,stdev,0
MNMS,2037,HMXL_DR,mean,43.00723648071289
MNMS,2037,HMXL_DR,stdev,0
MNMS,2038,HMXL_DR,mean,42.66801834106445
MNMS,2038,HMXL_DR,stdev,0
MNMS,2039,HMXL_DR,mean,42.73914337158203
MNMS,2039,HMXL_DR,stdev,0
MNMS,2040,HMXL_DR,mean,42.89866638183594
MNMS,2040,HMXL_DR,stdev,0
MNMS,2041,HMXL_DR,mean,42.994388580322266
MNMS,2041,HMXL_DR,stdev,0
MNMS,2042,HMXL_DR,mean,42.69309616088867
MNMS,2042,HMXL_DR,stdev,0
MNMS,2043,HMXL_DR,mean,42.84009552001953
MNMS,2043,HMXL_DR,stdev,0
MNMS,2044,HMXL_DR,mean,43.34340286254883
MNMS,2044,HMXL_DR,stdev,0
MNMS,2045,HMXL_DR,mean,43.13945770263672
MNMS,2045,HMXL_DR,stdev,0
MNMS,2046,HMXL_DR,mean,42.71380615234375
MNMS,2046,HMXL_DR,stdev,0
MNMS,2047,HMXL_DR,mean,42.646278381347656
MNMS,2047,HMXL_DR,stdev,0
MNMS,2048,HMXL_DR,mean,43.75027847290039
MNMS,2048,HMXL_DR,stdev,0
MNMS,2049,HMXL_DR,mean,43.78375244140625
MNMS,2049,HMXL_DR,stdev,0
MNMS,2050,HMXL_DR,mean,43.684349060058594
MNMS,2050,HMXL_DR,stdev,0
MNMS,2051,HMXL_DR,mean,43.300838470458984
MNMS,2051,HMXL_DR,stdev,0
MNMS,2052,HMXL_DR,mean,43.96539306640625
MNMS,2052,HMXL_DR,stdev,0
MNMS,2053,HMXL_DR,mean,43.88611602783203
MNMS,2053,HMXL_DR,stdev,0
MNMS,2054,HMXL_DR,mean,43.71045684814453
MNMS,2054,HMXL_DR,stdev,0
MNMS,2055,HMXL_DR,mean,44.3962287902832
MNMS,2055,HMXL_DR,stdev,0
MNMS,2056,HMXL_DR,mean,43.85531997680664
MNMS,2056,HMXL_DR,stdev,0
MNMS,2057,HMXL_DR,mean,44.73666763305664
MNMS,2057,HMXL_DR,stdev,0
MNMS,2058,HMXL_DR,mean,44.41941452026367
MNMS,2058,HMXL_DR,stdev,0
MNMS,2059,HMXL_DR,mean,44.74012756347656
MNMS,2059,HMXL_DR,stdev,0
MNMS,2060,HMXL_DR,mean,45.0856819152832
MNMS,2060,HMXL_DR,stdev,0
MNMS,2061,HMXL_DR,mean,44.51154327392578
MNMS,2061,HMXL_DR,stdev,0
MNMS,2062,HMXL_DR,mean,44.872562408447266
MNMS,2062,HMXL_DR,stdev,0
MNMS,2063,HMXL_DR,mean,45.35102844238281
MNMS,2063,HMXL_DR,stdev,0
MNMS,2064,HMXL_DR,mean,45.16702651977539
MNMS,2064,HMXL_DR,stdev,0
MNMS,2065,HMXL_DR,mean,45.7006721496582
MNMS,2065,HMXL_DR,stdev,0
MNMS,2066,HMXL_DR,mean,46.53411102294922
MNMS,2066,HMXL_DR,stdev,0
MNMS,2067,HMXL_DR,mean,45.91020584106445
MNMS,2067,HMXL_DR,stdev,0
MNMS,2068,HMXL_DR,mean,46.51319122314453
MNMS,2068,HMXL_DR,stdev,0
MNMS,2069,HMXL_DR,mean,47.26346206665039
MNMS,2069,HMXL_DR,stdev,0
MNMS,2070,HMXL_DR,mean,46.06452560424805
MNMS,2070,HMXL_DR,stdev,0
MNMS,2071,HMXL_DR,mean,47.415199279785156
MNMS,2071,HMXL_DR,stdev,0
MNMS,2072,HMXL_DR,mean,47.988548278808594
MNMS,2072,HMXL_DR,stdev,0
MNMS,2073,HMXL_DR,mean,47.319149017333984
MNMS,2073,HMXL_DR,stdev,0
MNMS,2074,HMXL_DR,mean,48.10989761352539
MNMS,2074,HMXL_DR,stdev,0
MNMS,2075,HMXL_DR,mean,48.61836242675781
MNMS,2075,HMXL_DR,stdev,0
MNMS,2076,HMXL_DR,mean,48.22264099121094
MNMS,2076,HMXL_DR,stdev,0
MNMS,2077,HMXL_DR,mean,49.01951217651367
MNMS,2077,HMXL_DR,stdev,0
MNMS,2078,HMXL_DR,mean,48.370384216308594
MNMS,2078,HMXL_DR,stdev,0
MNMS,2079,HMXL_DR,mean,49.69139099121094
MNMS,2079,HMXL_DR,stdev,0
MNMS,2080,HMXL_DR,mean,49.69856262207031
MNMS,2080,HMXL_DR,stdev,0
MNMS,2081,HMXL_DR,mean,48.81147384643555
MNMS,2081,HMXL_DR,stdev,0
MNMS,2082,HMXL_DR,mean,49.73556137084961
MNMS,2082,HMXL_DR,stdev,0
MNMS,2083,HMXL_DR,mean,50.6375617980957
MNMS,2083,HMXL_DR,stdev,0
MNMS,2084,HMXL_DR,mean,49.46934509277344
MNMS,2084,HMXL_DR,stdev,0
MNMS,2085,HMXL_DR,mean,51.553016662597656
MNMS,2085,HMXL_DR,stdev,0
MNMS,2086,HMXL_DR,mean,50.84177780151367
MNMS,2086,HMXL_DR,stdev,0
MNMS,2087,HMXL_DR,mean,51.75474548339844
MNMS,2087,HMXL_DR,stdev,0
MNMS,2088,HMXL_DR,mean,52.21340560913086
MNMS,2088,HMXL_DR,stdev,0
MNMS,2089,HMXL_DR,mean,50.63890838623047
MNMS,2089,HMXL_DR,stdev,0
MNMS,2090,HMXL_DR,mean,51.38184356689453
MNMS,2090,HMXL_DR,stdev,0
MNMS,2091,HMXL_DR,mean,51.70075988769531
MNMS,2091,HMXL_DR,stdev,0
MNMS,2092,HMXL_DR,mean,52.460411071777344
MNMS,2092,HMXL_DR,stdev,0
MNMS,2093,HMXL_DR,mean,52.75650405883789
MNMS,2093,HMXL_DR,stdev,0
MNMS,2094,HMXL_DR,mean,53.152259826660156
MNMS,2094,HMXL_DR,stdev,0
MNMS,2095,HMXL_DR,mean,53.37392807006836
MNMS,2095,HMXL_DR,stdev,0
MNMS,2096,HMXL_DR,mean,54.10462951660156
MNMS,2096,HMXL_DR,stdev,0
MNMS,2097,HMXL_DR,mean,54.15095138549805
MNMS,2097,HMXL_DR,stdev,0
MNMS,2098,HMXL_DR,mean,54.73670196533203
MNMS,2098,HMXL_DR,stdev,0
MNMS,2099,HMXL_DR,mean,54.61935806274414
MNMS,2099,HMXL_DR,stdev,0
MNMS,2100,HMXL_DR,mean,55.12229537963867
MNMS,2100,HMXL_DR,stdev,0
NMSAS,1990,HMXL_DR,mean,36.6549072265625
NMSAS,1990,HMXL_DR,stdev,0.39903321862220764
NMSAS,1991,HMXL_DR,mean,36.10940933227539
NMSAS,1991,HMXL_DR,stdev,0.36167916655540466
NMSAS,1992,HMXL_DR,mean,35.81071472167969
NMSAS,1992,HMXL_DR,stdev,0.25339722633361816
NMSAS,1993,HMXL_DR,mean,36.606101989746094
NMSAS,1993,HMXL_DR,stdev,0.407743901014328
NMSAS,1994,HMXL_DR,mean,36.33949661254883
NMSAS,1994,HMXL_DR,stdev,0.26772066950798035
NMSAS,1995,HMXL_DR,mean,36.64569091796875
NMSAS,1995,HMXL_DR,stdev,0.2945350408554077
NMSAS,1996,HMXL_DR,mean,36.92611312866211
NMSAS,1996,HMXL_DR,stdev,0.40441542863845825
NMSAS,1997,HMXL_DR,mean,37.11819076538086
NMSAS,1997,HMXL_DR,stdev,0.2800728380680084
NMSAS,1998,HMXL_DR,mean,37.34646987915039
NMSAS,1998,HMXL_DR,stdev,0.4086552858352661
NMSAS,1999,HMXL_DR,mean,35.338645935058594
NMSAS,1999,HMXL_DR,stdev,0.2752898931503296
NMSAS,2000,HMXL_DR,mean,36.06462097167969
NMSAS,2000,HMXL_DR,stdev,0.2721084952354431
NMSAS,2001,HMXL_DR,mean,36.956905364990234
NMSAS,2001,HMXL_DR,stdev,0.2361775040626526
NMSAS,2002,HMXL_DR,mean,36.278785705566406
NMSAS,2002,HMXL_DR,stdev,0.30431830883026123
NMSAS,2003,HMXL_DR,mean,36.154232025146484
NMSAS,2003,HMXL_DR,stdev,0.28872454166412354
NMSAS,2004,HMXL_DR,mean,36.50461196899414
NMSAS,2004,HMXL_DR,stdev,0.2559848427772522
NMSAS,2005,HMXL_DR,mean,37.072208404541016
NMSAS,2005,HMXL_DR,stdev,0.3117172420024872
NMSAS,2006,HMXL_DR,mean,37.210575103759766
NMSAS,2006,HMXL_DR,stdev,0.3581778109073639
NMSAS,2007,HMXL_DR,mean,36.53592300415039
NMSAS,2007,HMXL_DR,stdev,0.2975844442844391
NMSAS,2008,HMXL_DR,mean,36.74665451049805
NMSAS,2008,HMXL_DR,stdev,0.22549518942832947
NMSAS,2009,HMXL_DR,mean,37.07011413574219
NMSAS,2009,HMXL_DR,stdev,0.37686607241630554
NMSAS,2010,HMXL_DR,mean,35.683109283447266
NMSAS,2010,HMXL_DR,stdev,0.15978915989398956
NMSAS,2011,HMXL_DR,mean,36.40438461303711
NMSAS,2011,HMXL_DR,stdev,0.3060038089752197
NMSAS,2012,HMXL_DR,mean,36.34593963623047
NMSAS,2012,HMXL_DR,stdev,0.18384309113025665
NMSAS,2013,HMXL_DR,mean,36.73452377319336
NMSAS,2013,HMXL_DR,stdev,0.4014637768268585
NMSAS,2014,HMXL_DR,mean,36.558387756347656
NMSAS,2014,HMXL_DR,stdev,0.19693878293037415
NMSAS,2015,HMXL_DR,mean,36.691375732421875
NMSAS,2015,HMXL_DR,stdev,0.3992116451263428
NMSAS,2016,HMXL_DR,mean,37.04918670654297
NMSAS,2016,HMXL_DR,stdev,0.2737824618816376
NMSAS,2017,HMXL_DR,mean,36.67287826538086
NMSAS,2017,HMXL_DR,stdev,0.2628508508205414
NMSAS,2018,HMXL_DR,mean,36.49679183959961
NMSAS,2018,HMXL_DR,stdev,0.19733251631259918
NMSAS,2019,HMXL_DR,mean,37.096309661865234
NMSAS,2019,HMXL_DR,stdev,0.3091505169868469
NMSAS,2020,HMXL_DR,mean,36.5620231628418
NMSAS,2020,HMXL_DR,stdev,0.25795888900756836
NMSAS,2021,HMXL_DR,mean,37.535438537597656
NMSAS,2021,HMXL_DR,stdev,0.3720395863056183
NMSAS,2022,HMXL_DR,mean,36.237056732177734
NMSAS,2022,HMXL_DR,stdev,0.2524351179599762
NMSAS,2023,HMXL_DR,mean,36.78278350830078
NMSAS,2023,HMXL_DR,stdev,0.21686361730098724
NMSAS,2024,HMXL_DR,mean,36.50404739379883
NMSAS,2024,HMXL_DR,stdev,0.31757739186286926
NMSAS,2025,HMXL_DR,mean,35.78479766845703
NMSAS,2025,HMXL_DR,stdev,0.16791516542434692
NMSAS,2026,HMXL_DR,mean,36.20610046386719
NMSAS,2026,HMXL_DR,stdev,0.2638150751590729
NMSAS,2027,HMXL_DR,mean,36.33866500854492
NMSAS,2027,HMXL_DR,stdev,0.176846444606781
NMSAS,2028,HMXL_DR,mean,36.563594818115234
NMSAS,2028,HMXL_DR,stdev,0.35158851742744446
NMSAS,2029,HMXL_DR,mean,36.627071380615234
NMSAS,2029,HMXL_DR,stdev,0.2077452689409256
NMSAS,2030,HMXL_DR,mean,37.125667572021484
NMSAS,2030,HMXL_DR,stdev,0.28496816754341125
NMSAS,2031,HMXL_DR,mean,36.744014739990234
NMSAS,2031,HMXL_DR,stdev,0.22880001366138458
NMSAS,2032,HMXL_DR,mean,36.41584014892578
NMSAS,2032,HMXL_DR,stdev,0.22935806214809418
NMSAS,2033,HMXL_DR,mean,36.589752197265625
NMSAS,2033,HMXL_DR,stdev,0.20873215794563293
NMSAS,2034,HMXL_DR,mean,36.285400390625
NMSAS,2034,HMXL_DR,stdev,0.27070122957229614
NMSAS,2035,HMXL_DR,mean,36.13273620605469
NMSAS,2035,HMXL_DR,stdev,0.23098565638065338
NMSAS,2036,HMXL_DR,mean,36.289302825927734
NMSAS,2036,HMXL_DR,stdev,0.22410355508327484
NMSAS,2037,HMXL_DR,mean,35.95997619628906
NMSAS,2037,HMXL_DR,stdev,0.2034464329481125
NMSAS,2038,HMXL_DR,mean,36.742034912109375
NMSAS,2038,HMXL_DR,stdev,0.1249256506562233
NMSAS,2039,HMXL_DR,mean,37.13223648071289
NMSAS,2039,HMXL_DR,stdev,0.27055037021636963
NMSAS,2040,HMXL_DR,mean,35.44272232055664
NMSAS,2040,HMXL_DR,stdev,0.3334960341453552
NMSAS,2041,HMXL_DR,mean,36.184444427490234
NMSAS,2041,HMXL_DR,stdev,0.174035906791687
NMSAS,2042,HMXL_DR,mean,36.81361389160156
NMSAS,2042,HMXL_DR,stdev,0.24462319910526276
NMSAS,2043,HMXL_DR,mean,36.82927322387695
NMSAS,2043,HMXL_DR,stdev,0.2070523351430893
NMSAS,2044,HMXL_DR,mean,36.151912689208984
NMSAS,2044,HMXL_DR,stdev,0.261700302362442
NMSAS,2045,HMXL_DR,mean,35.58028030395508
NMSAS,2045,HMXL_DR,stdev,0.2148750275373459
NMSAS,2046,HMXL_DR,mean,36.66822814941406
NMSAS,2046,HMXL_DR,stdev,0.21719762682914734
NMSAS,2047,HMXL_DR,mean,35.92432403564453
NMSAS,2047,HMXL_DR,stdev,0.2577344477176666
NMSAS,2048,HMXL_DR,mean,36.08036422729492
NMSAS,2048,HMXL_DR,stdev,0.2113705575466156
NMSAS,2049,HMXL_DR,mean,36.22975158691406
NMSAS,2049,HMXL_DR,stdev,0.20155102014541626
NMSAS,2050,HMXL_DR,mean,37.855587005615234
NMSAS,2050,HMXL_DR,stdev,0.47221139073371887
NMSAS,2051,HMXL_DR,mean,36.16120910644531
NMSAS,2051,HMXL_DR,stdev,0.2314579039812088
NMSAS,2052,HMXL_DR,mean,35.820919036865234
NMSAS,2052,HMXL_DR,stdev,0.18820378184318542
NMSAS,2053,HMXL_DR,mean,36.39763259887695
NMSAS,2053,HMXL_DR,stdev,0.1997969150543213
NMSAS,2054,HMXL_DR,mean,37.147735595703125
NMSAS,2054,HMXL_DR,stdev,0.3316168785095215
NMSAS,2055,HMXL_DR,mean,36.293800354003906
NMSAS,2055,HMXL_DR,stdev,0.1869344264268875
NMSAS,2056,HMXL_DR,mean,35.509700775146484
NMSAS,2056,HMXL_DR,stdev,0.18549369275569916
NMSAS,2057,HMXL_DR,mean,36.36599349975586
NMSAS,2057,HMXL_DR,stdev,0.20247869193553925
NMSAS,2058,HMXL_DR,mean,36.39822769165039
NMSAS,2058,HMXL_DR,stdev,0.3289893567562103
NMSAS,2059,HMXL_DR,mean,35.216922760009766
NMSAS,2059,HMXL_DR,stdev,0.13553105294704437
NMSAS,2060,HMXL_DR,mean,36.46574783325195
NMSAS,2060,HMXL_DR,stdev,0.25755226612091064
NMSAS,2061,HMXL_DR,mean,36.14921188354492
NMSAS,2061,HMXL_DR,stdev,0.3195115923881531
NMSAS,2062,HMXL_DR,mean,36.092308044433594
NMSAS,2062,HMXL_DR,stdev,0.24578659236431122
NMSAS,2063,HMXL_DR,mean,36.791290283203125
NMSAS,2063,HMXL_DR,stdev,0.1697160005569458
NMSAS,2064,HMXL_DR,mean,36.32160568237305
NMSAS,2064,HMXL_DR,stdev,0.27850690484046936
NMSAS,2065,HMXL_DR,mean,36.85171127319336
NMSAS,2065,HMXL_DR,stdev,0.3340299427509308
NMSAS,2066,HMXL_DR,mean,36.027854919433594
NMSAS,2066,HMXL_DR,stdev,0.30561089515686035
NMSAS,2067,HMXL_DR,mean,34.99966812133789
NMSAS,2067,HMXL_DR,stdev,0.20985126495361328
NMSAS,2068,HMXL_DR,mean,36.505653381347656
NMSAS,2068,HMXL_DR,stdev,0.1845967173576355
NMSAS,2069,HMXL_DR,mean,36.09340286254883
NMSAS,2069,HMXL_DR,stdev,0.27361568808555603
NMSAS,2070,HMXL_DR,mean,35.28685760498047
NMSAS,2070,HMXL_DR,stdev,0.3224059045314789
NMSAS,2071,HMXL_DR,mean,36.41921615600586
NMSAS,2071,HMXL_DR,stdev,0.21327245235443115
NMSAS,2072,HMXL_DR,mean,34.970550537109375
NMSAS,2072,HMXL_DR,stdev,0.2091945856809616
NMSAS,2073,HMXL_DR,mean,35.961002349853516
NMSAS,2073,HMXL_DR,stdev,0.18376195430755615
NMSAS,2074,HMXL_DR,mean,36.39198684692383
NMSAS,2074,HMXL_DR,stdev,0.35767999291419983
NMSAS,2075,HMXL_DR,mean,34.718692779541016
NMSAS,2075,HMXL_DR,stdev,0.2041553556919098
NMSAS,2076,HMXL_DR,mean,36.32490539550781
NMSAS,2076,HMXL_DR,stdev,0.3368254005908966
NMSAS,2077,HMXL_DR,mean,35.711944580078125
NMSAS,2077,HMXL_DR,stdev,0.2150707244873047
NMSAS,2078,HMXL_DR,mean,35.70724105834961
NMSAS,2078,HMXL_DR,stdev,0.35424116253852844
NMSAS,2079,HMXL_DR,mean,36.410152435302734
NMSAS,2079,HMXL_DR,stdev,0.1648992896080017
NMSAS,2080,HMXL_DR,mean,35.002079010009766
NMSAS,2080,HMXL_DR,stdev,0.3223173916339874
NMSAS,2081,HMXL_DR,mean,36.00093460083008
NMSAS,2081,HMXL_DR,stdev,0.2851012647151947
NMSAS,2082,HMXL_DR,mean,36.230499267578125
NMSAS,2082,HMXL_DR,stdev,0.27081939578056335
NMSAS,2083,HMXL_DR,mean,35.43793487548828
NMSAS,2083,HMXL_DR,stdev,0.2923303544521332
NMSAS,2084,HMXL_DR,mean,35.92082214355469
NMSAS,2084,HMXL_DR,stdev,0.25754454731941223
NMSAS,2085,HMXL_DR,mean,35.74193572998047
NMSAS,2085,HMXL_DR,stdev,0.3225703537464142
NMSAS,2086,HMXL_DR,mean,36.17456817626953
NMSAS,2086,HMXL_DR,stdev,0.31966161727905273
NMSAS,2087,HMXL_DR,mean,36.359928131103516
NMSAS,2087,HMXL_DR,stdev,0.2754983603954315
NMSAS,2088,HMXL_DR,mean,35.49713134765625
NMSAS,2088,HMXL_DR,stdev,0.24477745592594147
NMSAS,2089,HMXL_DR,mean,35.9263801574707
NMSAS,2089,HMXL_DR,stdev,0.2425607442855835
NMSAS,2090,HMXL_DR,mean,35.20336151123047
NMSAS,2090,HMXL_DR,stdev,0.26252201199531555
NMSAS,2091,HMXL_DR,mean,35.75457763671875
NMSAS,2091,HMXL_DR,stdev,0.3278723955154419
NMSAS,2092,HMXL_DR,mean,35.54867935180664
NMSAS,2092,HMXL_DR,stdev,0.3322578966617584
NMSAS,2093,HMXL_DR,mean,35.412071228027344
NMSAS,2093,HMXL_DR,stdev,0.3249904215335846
NMSAS,2094,HMXL_DR,mean,34.73207092285156
NMSAS,2094,HMXL_DR,stdev,0.2412095069885254
NMSAS,2095,HMXL_DR,mean,35.62054443359375
NMSAS,2095,HMXL_DR,stdev,0.3139699101448059
NMSAS,2096,HMXL_DR,mean,35.68587875366211
NMSAS,2096,HMXL_DR,stdev,0.40283334255218506
NMSAS,2097,HMXL_DR,mean,35.946022033691406
NMSAS,2097,HMXL_DR,stdev,0.40338438749313354
NMSAS,2098,HMXL_DR,mean,35.227325439453125
NMSAS,2098,HMXL_DR,stdev,0.20756377279758453
NMSAS,2099,HMXL_DR,mean,36.35744094848633
NMSAS,2099,HMXL_DR,stdev,0.29217594861984253
NMSAS,2100,HMXL_DR,mean,35.33935546875
NMSAS,2100,HMXL_DR,stdev,0.29515621066093445
OCNMS,1990,HMXL_DR,mean,21.67345428466797
OCNMS,1990,HMXL_DR,stdev,3.295175313949585
OCNMS,1991,HMXL_DR,mean,21.266647338867188
OCNMS,1991,HMXL_DR,stdev,3.3642187118530273
OCNMS,1992,HMXL_DR,mean,21.383319854736328
OCNMS,1992,HMXL_DR,stdev,3.362461566925049
OCNMS,1993,HMXL_DR,mean,21.788761138916016
OCNMS,1993,HMXL_DR,stdev,3.1529390811920166
OCNMS,1994,HMXL_DR,mean,21.44378089904785
OCNMS,1994,HMXL_DR,stdev,3.306469202041626
OCNMS,1995,HMXL_DR,mean,21.306716918945312
OCNMS,1995,HMXL_DR,stdev,3.3194003105163574
OCNMS,1996,HMXL_DR,mean,21.263370513916016
OCNMS,1996,HMXL_DR,stdev,3.1885643005371094
OCNMS,1997,HMXL_DR,mean,21.555368423461914
OCNMS,1997,HMXL_DR,stdev,3.2191967964172363
OCNMS,1998,HMXL_DR,mean,21.644071578979492
OCNMS,1998,HMXL_DR,stdev,3.163395643234253
OCNMS,1999,HMXL_DR,mean,21.756452560424805
OCNMS,1999,HMXL_DR,stdev,3.2577905654907227
OCNMS,2000,HMXL_DR,mean,20.92910385131836
OCNMS,2000,HMXL_DR,stdev,3.256068229675293
OCNMS,2001,HMXL_DR,mean,20.366008758544922
OCNMS,2001,HMXL_DR,stdev,3.2597951889038086
OCNMS,2002,HMXL_DR,mean,21.064231872558594
OCNMS,2002,HMXL_DR,stdev,3.1029698848724365
OCNMS,2003,HMXL_DR,mean,20.86591339111328
OCNMS,2003,HMXL_DR,stdev,3.4118151664733887
OCNMS,2004,HMXL_DR,mean,21.106142044067383
OCNMS,2004,HMXL_DR,stdev,3.128365993499756
OCNMS,2005,HMXL_DR,mean,21.15538215637207
OCNMS,2005,HMXL_DR,stdev,3.365692377090454
OCNMS,2006,HMXL_DR,mean,20.95643424987793
OCNMS,2006,HMXL_DR,stdev,3.264852523803711
OCNMS,2007,HMXL_DR,mean,20.454259872436523
OCNMS,2007,HMXL_DR,stdev,3.244628667831421
OCNMS,2008,HMXL_DR,mean,20.426929473876953
OCNMS,2008,HMXL_DR,stdev,3.3028805255889893
OCNMS,2009,HMXL_DR,mean,20.65098762512207
OCNMS,2009,HMXL_DR,stdev,3.1460111141204834
OCNMS,2010,HMXL_DR,mean,21.053781509399414
OCNMS,2010,HMXL_DR,stdev,3.221503257751465
OCNMS,2011,HMXL_DR,mean,20.89632225036621
OCNMS,2011,HMXL_DR,stdev,3.3150312900543213
OCNMS,2012,HMXL_DR,mean,20.31564712524414
OCNMS,2012,HMXL_DR,stdev,3.237936019897461
OCNMS,2013,HMXL_DR,mean,20.484058380126953
OCNMS,2013,HMXL_DR,stdev,3.0644845962524414
OCNMS,2014,HMXL_DR,mean,20.908815383911133
OCNMS,2014,HMXL_DR,stdev,3.268040418624878
OCNMS,2015,HMXL_DR,mean,20.33448600769043
OCNMS,2015,HMXL_DR,stdev,3.2062888145446777
OCNMS,2016,HMXL_DR,mean,20.30943489074707
OCNMS,2016,HMXL_DR,stdev,3.3167684078216553
OCNMS,2017,HMXL_DR,mean,20.36577796936035
OCNMS,2017,HMXL_DR,stdev,3.272465229034424
OCNMS,2018,HMXL_DR,mean,20.096416473388672
OCNMS,2018,HMXL_DR,stdev,3.1774027347564697
OCNMS,2019,HMXL_DR,mean,20.32941246032715
OCNMS,2019,HMXL_DR,stdev,3.2218306064605713
OCNMS,2020,HMXL_DR,mean,20.81087303161621
OCNMS,2020,HMXL_DR,stdev,3.3507466316223145
OCNMS,2021,HMXL_DR,mean,20.443927764892578
OCNMS,2021,HMXL_DR,stdev,3.15872859954834
OCNMS,2022,HMXL_DR,mean,20.219545364379883
OCNMS,2022,HMXL_DR,stdev,3.249089002609253
OCNMS,2023,HMXL_DR,mean,20.4143123626709
OCNMS,2023,HMXL_DR,stdev,3.209473133087158
OCNMS,2024,HMXL_DR,mean,20.436756134033203
OCNMS,2024,HMXL_DR,stdev,3.237203359603882
OCNMS,2025,HMXL_DR,mean,20.048057556152344
OCNMS,2025,HMXL_DR,stdev,3.236666202545166
OCNMS,2026,HMXL_DR,mean,19.9384765625
OCNMS,2026,HMXL_DR,stdev,3.1401991844177246
OCNMS,2027,HMXL_DR,mean,20.91136360168457
OCNMS,2027,HMXL_DR,stdev,3.251704454421997
OCNMS,2028,HMXL_DR,mean,20.605945587158203
OCNMS,2028,HMXL_DR,stdev,3.2714197635650635
OCNMS,2029,HMXL_DR,mean,20.35946273803711
OCNMS,2029,HMXL_DR,stdev,3.1985790729522705
OCNMS,2030,HMXL_DR,mean,20.585636138916016
OCNMS,2030,HMXL_DR,stdev,3.263335704803467
OCNMS,2031,HMXL_DR,mean,20.32811164855957
OCNMS,2031,HMXL_DR,stdev,3.2767651081085205
OCNMS,2032,HMXL_DR,mean,20.46759796142578
OCNMS,2032,HMXL_DR,stdev,3.1587047576904297
OCNMS,2033,HMXL_DR,mean,20.554288864135742
OCNMS,2033,HMXL_DR,stdev,3.1375975608825684
OCNMS,2034,HMXL_DR,mean,20.172351837158203
OCNMS,2034,HMXL_DR,stdev,3.182737112045288
OCNMS,2035,HMXL_DR,mean,19.809560775756836
OCNMS,2035,HMXL_DR,stdev,3.1479647159576416
OCNMS,2036,HMXL_DR,mean,20.231849670410156
OCNMS,2036,HMXL_DR,stdev,3.10851788520813
OCNMS,2037,HMXL_DR,mean,20.357763290405273
OCNMS,2037,HMXL_DR,stdev,3.2819716930389404
OCNMS,2038,HMXL_DR,mean,20.036096572875977
OCNMS,2038,HMXL_DR,stdev,3.1576883792877197
OCNMS,2039,HMXL_DR,mean,20.578636169433594
OCNMS,2039,HMXL_DR,stdev,3.194147825241089
OCNMS,2040,HMXL_DR,mean,19.794118881225586
OCNMS,2040,HMXL_DR,stdev,3.098351240158081
OCNMS,2041,HMXL_DR,mean,19.571823120117188
OCNMS,2041,HMXL_DR,stdev,3.2992286682128906
OCNMS,2042,HMXL_DR,mean,19.735116958618164
OCNMS,2042,HMXL_DR,stdev,3.1941275596618652
OCNMS,2043,HMXL_DR,mean,19.864336013793945
OCNMS,2043,HMXL_DR,stdev,3.1807427406311035
OCNMS,2044,HMXL_DR,mean,20.023717880249023
OCNMS,2044,HMXL_DR,stdev,3.288067579269409
OCNMS,2045,HMXL_DR,mean,19.55305290222168
OCNMS,2045,HMXL_DR,stdev,3.1375670433044434
OCNMS,2046,HMXL_DR,mean,19.69496726989746
OCNMS,2046,HMXL_DR,stdev,3.0955355167388916
OCNMS,2047,HMXL_DR,mean,19.88960075378418
OCNMS,2047,HMXL_DR,stdev,3.130676746368408
OCNMS,2048,HMXL_DR,mean,19.639619827270508
OCNMS,2048,HMXL_DR,stdev,3.235819101333618
OCNMS,2049,HMXL_DR,mean,19.462142944335938
OCNMS,2049,HMXL_DR,stdev,3.1731817722320557
OCNMS,2050,HMXL_DR,mean,19.332523345947266
OCNMS,2050,HMXL_DR,stdev,3.233640193939209
OCNMS,2051,HMXL_DR,mean,19.697290420532227
OCNMS,2051,HMXL_DR,stdev,3.1284666061401367
OCNMS,2052,HMXL_DR,mean,19.357669830322266
OCNMS,2052,HMXL_DR,stdev,3.15793776512146
OCNMS,2053,HMXL_DR,mean,19.302349090576172
OCNMS,2053,HMXL_DR,stdev,3.1452114582061768
OCNMS,2054,HMXL_DR,mean,19.331283569335938
OCNMS,2054,HMXL_DR,stdev,3.152869939804077
OCNMS,2055,HMXL_DR,mean,19.080425262451172
OCNMS,2055,HMXL_DR,stdev,3.1580405235290527
OCNMS,2056,HMXL_DR,mean,19.337139129638672
OCNMS,2056,HMXL_DR,stdev,3.076392650604248
OCNMS,2057,HMXL_DR,mean,18.902467727661133
OCNMS,2057,HMXL_DR,stdev,3.1428706645965576
OCNMS,2058,HMXL_DR,mean,19.25556182861328
OCNMS,2058,HMXL_DR,stdev,3.0598666667938232
OCNMS,2059,HMXL_DR,mean,19.52174186706543
OCNMS,2059,HMXL_DR,stdev,3.239762544631958
OCNMS,2060,HMXL_DR,mean,19.39525604248047
OCNMS,2060,HMXL_DR,stdev,3.2427196502685547
OCNMS,2061,HMXL_DR,mean,18.689823150634766
OCNMS,2061,HMXL_DR,stdev,3.112823724746704
OCNMS,2062,HMXL_DR,mean,18.5299072265625
OCNMS,2062,HMXL_DR,stdev,3.0862443447113037
OCNMS,2063,HMXL_DR,mean,18.405611038208008
OCNMS,2063,HMXL_DR,stdev,3.068645715713501
OCNMS,2064,HMXL_DR,mean,18.9084529876709
OCNMS,2064,HMXL_DR,stdev,3.1671299934387207
OCNMS,2065,HMXL_DR,mean,19.05223274230957
OCNMS,2065,HMXL_DR,stdev,3.1325457096099854
OCNMS,2066,HMXL_DR,mean,19.336936950683594
OCNMS,2066,HMXL_DR,stdev,3.1814515590667725
OCNMS,2067,HMXL_DR,mean,18.87408447265625
OCNMS,2067,HMXL_DR,stdev,3.1314618587493896
OCNMS,2068,HMXL_DR,mean,18.63197898864746
OCNMS,2068,HMXL_DR,stdev,3.2056474685668945
OCNMS,2069,HMXL_DR,mean,18.689271926879883
OCNMS,2069,HMXL_DR,stdev,3.0338492393493652
OCNMS,2070,HMXL_DR,mean,18.468017578125
OCNMS,2070,HMXL_DR,stdev,3.165329694747925
OCNMS,2071,HMXL_DR,mean,18.44462776184082
OCNMS,2071,HMXL_DR,stdev,3.0689456462860107
OCNMS,2072,HMXL_DR,mean,18.531030654907227
OCNMS,2072,HMXL_DR,stdev,3.131932020187378
OCNMS,2073,HMXL_DR,mean,18.391889572143555
OCNMS,2073,HMXL_DR,stdev,3.109827995300293
OCNMS,2074,HMXL_DR,mean,18.64376449584961
OCNMS,2074,HMXL_DR,stdev,3.09816575050354
OCNMS,2075,HMXL_DR,mean,18.668384552001953
OCNMS,2075,HMXL_DR,stdev,3.106574058532715
OCNMS,2076,HMXL_DR,mean,18.227588653564453
OCNMS,2076,HMXL_DR,stdev,3.099402666091919
OCNMS,2077,HMXL_DR,mean,18.148935317993164
OCNMS,2077,HMXL_DR,stdev,3.0601348876953125
OCNMS,2078,HMXL_DR,mean,18.29395866394043
OCNMS,2078,HMXL_DR,stdev,2.9804742336273193
OCNMS,2079,HMXL_DR,mean,18.421627044677734
OCNMS,2079,HMXL_DR,stdev,3.023345947265625
OCNMS,2080,HMXL_DR,mean,18.366697311401367
OCNMS,2080,HMXL_DR,stdev,3.1237218379974365
OCNMS,2081,HMXL_DR,mean,18.119590759277344
OCNMS,2081,HMXL_DR,stdev,3.0379769802093506
OCNMS,2082,HMXL_DR,mean,18.484750747680664
OCNMS,2082,HMXL_DR,stdev,3.065103530883789
OCNMS,2083,HMXL_DR,mean,18.195798873901367
OCNMS,2083,HMXL_DR,stdev,3.022428512573242
OCNMS,2084,HMXL_DR,mean,17.82438087463379
OCNMS,2084,HMXL_DR,stdev,3.062952995300293
OCNMS,2085,HMXL_DR,mean,17.915260314941406
OCNMS,2085,HMXL_DR,stdev,3.0278472900390625
OCNMS,2086,HMXL_DR,mean,17.786937713623047
OCNMS,2086,HMXL_DR,stdev,3.003758430480957
OCNMS,2087,HMXL_DR,mean,17.82145118713379
OCNMS,2087,HMXL_DR,stdev,3.0125794410705566
OCNMS,2088,HMXL_DR,mean,17.396364212036133
OCNMS,2088,HMXL_DR,stdev,2.9659042358398438
OCNMS,2089,HMXL_DR,mean,17.729829788208008
OCNMS,2089,HMXL_DR,stdev,2.867293357849121
OCNMS,2090,HMXL_DR,mean,17.90526580810547
OCNMS,2090,HMXL_DR,stdev,2.9966886043548584
OCNMS,2091,HMXL_DR,mean,17.47150993347168
OCNMS,2091,HMXL_DR,stdev,2.917661666870117
OCNMS,2092,HMXL_DR,mean,17.812664031982422
OCNMS,2092,HMXL_DR,stdev,3.0062077045440674
OCNMS,2093,HMXL_DR,mean,17.73101234436035
OCNMS,2093,HMXL_DR,stdev,3.0164036750793457
OCNMS,2094,HMXL_DR,mean,17.907155990600586
OCNMS,2094,HMXL_DR,stdev,3.012648820877075
OCNMS,2095,HMXL_DR,mean,17.697296142578125
OCNMS,2095,HMXL_DR,stdev,3.056792736053467
OCNMS,2096,HMXL_DR,mean,17.393815994262695
OCNMS,2096,HMXL_DR,stdev,2.912083387374878
OCNMS,2097,HMXL_DR,mean,17.645029067993164
OCNMS,2097,HMXL_DR,stdev,2.9659438133239746
OCNMS,2098,HMXL_DR,mean,17.388025283813477
OCNMS,2098,HMXL_DR,stdev,2.9060611724853516
OCNMS,2099,HMXL_DR,mean,17.231624603271484
OCNMS,2099,HMXL_DR,stdev,2.8403313159942627
OCNMS,2100,HMXL_DR,mean,17.439992904663086
OCNMS,2100,HMXL_DR,stdev,2.9018795490264893
SBNMS,1990,HMXL_DR,mean,38.65903091430664
SBNMS,1990,HMXL_DR,stdev,9.783626556396484
SBNMS,1991,HMXL_DR,mean,40.11988067626953
SBNMS,1991,HMXL_DR,stdev,10.52580738067627
SBNMS,1992,HMXL_DR,mean,37.49102783203125
SBNMS,1992,HMXL_DR,stdev,9.353741645812988
SBNMS,1993,HMXL_DR,mean,37.56306076049805
SBNMS,1993,HMXL_DR,stdev,9.439480781555176
SBNMS,1994,HMXL_DR,mean,38.90111541748047
SBNMS,1994,HMXL_DR,stdev,9.959258079528809
SBNMS,1995,HMXL_DR,mean,38.32692337036133
SBNMS,1995,HMXL_DR,stdev,9.719057083129883
SBNMS,1996,HMXL_DR,mean,38.14632034301758
SBNMS,1996,HMXL_DR,stdev,9.715312004089355
SBNMS,1997,HMXL_DR,mean,39.36185836791992
SBNMS,1997,HMXL_DR,stdev,10.221342086791992
SBNMS,1998,HMXL_DR,mean,38.972923278808594
SBNMS,1998,HMXL_DR,stdev,10.119182586669922
SBNMS,1999,HMXL_DR,mean,38.20746612548828
SBNMS,1999,HMXL_DR,stdev,9.7138824462890625
SBNMS,2000,HMXL_DR,mean,39.66439437866211
SBNMS,2000,HMXL_DR,stdev,10.408735275268555
SBNMS,2001,HMXL_DR,mean,37.59286880493164
SBNMS,2001,HMXL_DR,stdev,9.46596908569336
SBNMS,2002,HMXL_DR,mean,38.92460250854492
SBNMS,2002,HMXL_DR,stdev,10.081221580505371
SBNMS,2003,HMXL_DR,mean,37.979103088378906
SBNMS,2003,HMXL_DR,stdev,9.596357345581055
SBNMS,2004,HMXL_DR,mean,38.90553283691406
SBNMS,2004,HMXL_DR,stdev,10.098745346069336
SBNMS,2005,HMXL_DR,mean,39.914634704589844
SBNMS,2005,HMXL_DR,stdev,10.412817001342773
SBNMS,2006,HMXL_DR,mean,39.251808166503906
SBNMS,2006,HMXL_DR,stdev,10.09867000579834
SBNMS,2007,HMXL_DR,mean,39.066429138183594
SBNMS,2007,HMXL_DR,stdev,10.053455352783203
SBNMS,2008,HMXL_DR,mean,38.7889404296875
SBNMS,2008,HMXL_DR,stdev,9.983078956604004
SBNMS,2009,HMXL_DR,mean,38.96609115600586
SBNMS,2009,HMXL_DR,stdev,10.118866920471191
SBNMS,2010,HMXL_DR,mean,38.80002212524414
SBNMS,2010,HMXL_DR,stdev,10.047243118286133
SBNMS,2011,HMXL_DR,mean,38.616275787353516
SBNMS,2011,HMXL_DR,stdev,9.909479141235352
SBNMS,2012,HMXL_DR,mean,38.42244338989258
SBNMS,2012,HMXL_DR,stdev,9.854154586791992
SBNMS,2013,HMXL_DR,mean,38.11138916015625
SBNMS,2013,HMXL_DR,stdev,9.70534896850586
SBNMS,2014,HMXL_DR,mean,38.5078010559082
SBNMS,2014,HMXL_DR,stdev,9.833597183227539
SBNMS,2015,HMXL_DR,mean,38.54410171508789
SBNMS,2015,HMXL_DR,stdev,9.733439445495605
SBNMS,2016,HMXL_DR,mean,37.88407516479492
SBNMS,2016,HMXL_DR,stdev,9.567182540893555
SBNMS,2017,HMXL_DR,mean,38.8732795715332
SBNMS,2017,HMXL_DR,stdev,9.902912139892578
SBNMS,2018,HMXL_DR,mean,38.80178451538086
SBNMS,2018,HMXL_DR,stdev,9.8945894241333
SBNMS,2019,HMXL_DR,mean,37.758094787597656
SBNMS,2019,HMXL_DR,stdev,9.491135597229004
SBNMS,2020,HMXL_DR,mean,38.66623306274414
SBNMS,2020,HMXL_DR,stdev,9.90405559539795
SBNMS,2021,HMXL_DR,mean,37.20827865600586
SBNMS,2021,HMXL_DR,stdev,9.24333667755127
SBNMS,2022,HMXL_DR,mean,39.02507400512695
SBNMS,2022,HMXL_DR,stdev,10.027243614196777
SBNMS,2023,HMXL_DR,mean,37.84522247314453
SBNMS,2023,HMXL_DR,stdev,9.546773910522461
SBNMS,2024,HMXL_DR,mean,37.58150863647461
SBNMS,2024,HMXL_DR,stdev,9.543878555297852
SBNMS,2025,HMXL_DR,mean,38.01883316040039
SBNMS,2025,HMXL_DR,stdev,9.733499526977539
SBNMS,2026,HMXL_DR,mean,37.27077102661133
SBNMS,2026,HMXL_DR,stdev,9.344873428344727
SBNMS,2027,HMXL_DR,mean,37.94537353515625
SBNMS,2027,HMXL_DR,stdev,9.596656799316406
SBNMS,2028,HMXL_DR,mean,38.67489242553711
SBNMS,2028,HMXL_DR,stdev,9.967002868652344
SBNMS,2029,HMXL_DR,mean,37.18771743774414
SBNMS,2029,HMXL_DR,stdev,9.385374069213867
SBNMS,2030,HMXL_DR,mean,36.936767578125
SBNMS,2030,HMXL_DR,stdev,9.211485862731934
SBNMS,2031,HMXL_DR,mean,38.15489959716797
SBNMS,2031,HMXL_DR,stdev,9.751566886901855
SBNMS,2032,HMXL_DR,mean,37.2198371887207
SBNMS,2032,HMXL_DR,stdev,9.328329086303711
SBNMS,2033,HMXL_DR,mean,37.238189697265625
SBNMS,2033,HMXL_DR,stdev,9.4245023727417
SBNMS,2034,HMXL_DR,mean,36.99300765991211
SBNMS,2034,HMXL_DR,stdev,9.325933456420898
SBNMS,2035,HMXL_DR,mean,37.19377136230469
SBNMS,2035,HMXL_DR,stdev,9.324054718017578
SBNMS,2036,HMXL_DR,mean,37.43318176269531
SBNMS,2036,HMXL_DR,stdev,9.471407890319824
SBNMS,2037,HMXL_DR,mean,37.74528121948242
SBNMS,2037,HMXL_DR,stdev,9.569217681884766
SBNMS,2038,HMXL_DR,mean,36.490177154541016
SBNMS,2038,HMXL_DR,stdev,9.167304992675781
SBNMS,2039,HMXL_DR,mean,36.93320846557617
SBNMS,2039,HMXL_DR,stdev,9.281495094299316
SBNMS,2040,HMXL_DR,mean,36.20052719116211
SBNMS,2040,HMXL_DR,stdev,8.98841667175293
SBNMS,2041,HMXL_DR,mean,36.9807014465332
SBNMS,2041,HMXL_DR,stdev,9.225019454956055
SBNMS,2042,HMXL_DR,mean,36.20423889160156
SBNMS,2042,HMXL_DR,stdev,8.935554504394531
SBNMS,2043,HMXL_DR,mean,36.03192901611328
SBNMS,2043,HMXL_DR,stdev,8.967508316040039
SBNMS,2044,HMXL_DR,mean,36.3155403137207
SBNMS,2044,HMXL_DR,stdev,9.056835174560547
SBNMS,2045,HMXL_DR,mean,36.11787033081055
SBNMS,2045,HMXL_DR,stdev,8.9588041305542
SBNMS,2046,HMXL_DR,mean,35.730567932128906
SBNMS,2046,HMXL_DR,stdev,8.779869079589844
SBNMS,2047,HMXL_DR,mean,36.587127685546875
SBNMS,2047,HMXL_DR,stdev,9.161263465881348
SBNMS,2048,HMXL_DR,mean,35.92295837402344
SBNMS,2048,HMXL_DR,stdev,8.940630912780762
SBNMS,2049,HMXL_DR,mean,35.531333923339844
SBNMS,2049,HMXL_DR,stdev,8.717195510864258
SBNMS,2050,HMXL_DR,mean,35.87055969238281
SBNMS,2050,HMXL_DR,stdev,8.91949462890625
SBNMS,2051,HMXL_DR,mean,35.35755920410156
SBNMS,2051,HMXL_DR,stdev,8.667299270629883
SBNMS,2052,HMXL_DR,mean,35.26243591308594
SBNMS,2052,HMXL_DR,stdev,8.639466285705566
SBNMS,2053,HMXL_DR,mean,35.65175247192383
SBNMS,2053,HMXL_DR,stdev,8.859587669372559
SBNMS,2054,HMXL_DR,mean,35.63390350341797
SBNMS,2054,HMXL_DR,stdev,8.815900802612305
SBNMS,2055,HMXL_DR,mean,35.30891036987305
SBNMS,2055,HMXL_DR,stdev,8.814802169799805
SBNMS,2056,HMXL_DR,mean,34.191917419433594
SBNMS,2056,HMXL_DR,stdev,8.209526062011719
SBNMS,2057,HMXL_DR,mean,35.97077941894531
SBNMS,2057,HMXL_DR,stdev,8.967902183532715
SBNMS,2058,HMXL_DR,mean,34.41862487792969
SBNMS,2058,HMXL_DR,stdev,8.399932861328125
SBNMS,2059,HMXL_DR,mean,34.7516975402832
SBNMS,2059,HMXL_DR,stdev,8.59019660949707
SBNMS,2060,HMXL_DR,mean,34.06313705444336
SBNMS,2060,HMXL_DR,stdev,8.341361045837402
SBNMS,2061,HMXL_DR,mean,34.286006927490234
SBNMS,2061,HMXL_DR,stdev,8.344686508178711
SBNMS,2062,HMXL_DR,mean,34.54349899291992
SBNMS,2062,HMXL_DR,stdev,8.436369895935059
SBNMS,2063,HMXL_DR,mean,34.574031829833984
SBNMS,2063,HMXL_DR,stdev,8.416603088378906
SBNMS,2064,HMXL_DR,mean,34.58064270019531
SBNMS,2064,HMXL_DR,stdev,8.4842681884765625
SBNMS,2065,HMXL_DR,mean,34.36142349243164
SBNMS,2065,HMXL_DR,stdev,8.3867645263671875
SBNMS,2066,HMXL_DR,mean,33.164302825927734
SBNMS,2066,HMXL_DR,stdev,7.987419605255127
SBNMS,2067,HMXL_DR,mean,34.75402069091797
SBNMS,2067,HMXL_DR,stdev,8.660956382751465
SBNMS,2068,HMXL_DR,mean,33.8348388671875
SBNMS,2068,HMXL_DR,stdev,8.21892261505127
SBNMS,2069,HMXL_DR,mean,34.46158981323242
SBNMS,2069,HMXL_DR,stdev,8.53365421295166
SBNMS,2070,HMXL_DR,mean,34.35935974121094
SBNMS,2070,HMXL_DR,stdev,8.468523025512695
SBNMS,2071,HMXL_DR,mean,32.92625427246094
SBNMS,2071,HMXL_DR,stdev,8.060661315917969
SBNMS,2072,HMXL_DR,mean,33.856204986572266
SBNMS,2072,HMXL_DR,stdev,8.29589557647705
SBNMS,2073,HMXL_DR,mean,33.123512268066406
SBNMS,2073,HMXL_DR,stdev,7.928966045379639
SBNMS,2074,HMXL_DR,mean,32.76557159423828
SBNMS,2074,HMXL_DR,stdev,7.896459579467773
SBNMS,2075,HMXL_DR,mean,33.6072998046875
SBNMS,2075,HMXL_DR,stdev,8.212897300720215
SBNMS,2076,HMXL_DR,mean,33.36506652832031
SBNMS,2076,HMXL_DR,stdev,8.056999206542969
SBNMS,2077,HMXL_DR,mean,33.22190856933594
SBNMS,2077,HMXL_DR,stdev,8.104089736938477
SBNMS,2078,HMXL_DR,mean,32.24284744262695
SBNMS,2078,HMXL_DR,stdev,7.696321964263916
SBNMS,2079,HMXL_DR,mean,32.803165435791016
SBNMS,2079,HMXL_DR,stdev,8.029082298278809
SBNMS,2080,HMXL_DR,mean,32.07145690917969
SBNMS,2080,HMXL_DR,stdev,7.6746697425842285
SBNMS,2081,HMXL_DR,mean,33.74368667602539
SBNMS,2081,HMXL_DR,stdev,8.395312309265137
SBNMS,2082,HMXL_DR,mean,32.251129150390625
SBNMS,2082,HMXL_DR,stdev,7.64711856842041
SBNMS,2083,HMXL_DR,mean,33.43794631958008
SBNMS,2083,HMXL_DR,stdev,8.334994316101074
SBNMS,2084,HMXL_DR,mean,32.10370635986328
SBNMS,2084,HMXL_DR,stdev,7.64549446105957
SBNMS,2085,HMXL_DR,mean,31.671676635742188
SBNMS,2085,HMXL_DR,stdev,7.522655487060547
SBNMS,2086,HMXL_DR,mean,32.31793975830078
SBNMS,2086,HMXL_DR,stdev,7.7726898193359375
SBNMS,2087,HMXL_DR,mean,32.18561935424805
SBNMS,2087,HMXL_DR,stdev,7.827093601226807
SBNMS,2088,HMXL_DR,mean,32.30243682861328
SBNMS,2088,HMXL_DR,stdev,7.714070796966553
SBNMS,2089,HMXL_DR,mean,31.4382266998291
SBNMS,2089,HMXL_DR,stdev,7.504255294799805
SBNMS,2090,HMXL_DR,mean,31.137683868408203
SBNMS,2090,HMXL_DR,stdev,7.454039096832275
SBNMS,2091,HMXL_DR,mean,32.30453109741211
SBNMS,2091,HMXL_DR,stdev,7.810983657836914
SBNMS,2092,HMXL_DR,mean,31.06679916381836
SBNMS,2092,HMXL_DR,stdev,7.307991981506348
SBNMS,2093,HMXL_DR,mean,30.98948860168457
SBNMS,2093,HMXL_DR,stdev,7.260835647583008
SBNMS,2094,HMXL_DR,mean,30.601062774658203
SBNMS,2094,HMXL_DR,stdev,6.9546685218811035
SBNMS,2095,HMXL_DR,mean,30.961593627929688
SBNMS,2095,HMXL_DR,stdev,7.310774803161621
SBNMS,2096,HMXL_DR,mean,30.81184196472168
SBNMS,2096,HMXL_DR,stdev,7.341174125671387
SBNMS,2097,HMXL_DR,mean,30.90499496459961
SBNMS,2097,HMXL_DR,stdev,7.271984577178955
SBNMS,2098,HMXL_DR,mean,31.23960304260254
SBNMS,2098,HMXL_DR,stdev,7.513148784637451
SBNMS,2099,HMXL_DR,mean,30.816434860229492
SBNMS,2099,HMXL_DR,stdev,7.342525482177734
SBNMS,2100,HMXL_DR,mean,30.368167877197266
SBNMS,2100,HMXL_DR,stdev,7.065774917602539
TBNMS,1990,HMXL_DR,mean,NA
TBNMS,1990,HMXL_DR,stdev,NA
TBNMS,1991,HMXL_DR,mean,NA
TBNMS,1991,HMXL_DR,stdev,NA
TBNMS,1992,HMXL_DR,mean,NA
TBNMS,1992,HMXL_DR,stdev,NA
TBNMS,1993,HMXL_DR,mean,NA
TBNMS,1993,HMXL_DR,stdev,NA
TBNMS,1994,HMXL_DR,mean,NA
TBNMS,1994,HMXL_DR,stdev,NA
TBNMS,1995,HMXL_DR,mean,NA
TBNMS,1995,HMXL_DR,stdev,NA
TBNMS,1996,HMXL_DR,mean,NA
TBNMS,1996,HMXL_DR,stdev,NA
TBNMS,1997,HMXL_DR,mean,NA
TBNMS,1997,HMXL_DR,stdev,NA
TBNMS,1998,HMXL_DR,mean,NA
TBNMS,1998,HMXL_DR,stdev,NA
TBNMS,1999,HMXL_DR,mean,NA
TBNMS,1999,HMXL_DR,stdev,NA
TBNMS,2000,HMXL_DR,mean,NA
TBNMS,2000,HMXL_DR,stdev,NA
TBNMS,2001,HMXL_DR,mean,NA
TBNMS,2001,HMXL_DR,stdev,NA
TBNMS,2002,HMXL_DR,mean,NA
TBNMS,2002,HMXL_DR,stdev,NA
TBNMS,2003,HMXL_DR,mean,NA
TBNMS,2003,HMXL_DR,stdev,NA
TBNMS,2004,HMXL_DR,mean,NA
TBNMS,2004,HMXL_DR,stdev,NA
TBNMS,2005,HMXL_DR,mean,NA
TBNMS,2005,HMXL_DR,stdev,NA
TBNMS,2006,HMXL_DR,mean,NA
TBNMS,2006,HMXL_DR,stdev,NA
TBNMS,2007,HMXL_DR,mean,NA
TBNMS,2007,HMXL_DR,stdev,NA
TBNMS,2008,HMXL_DR,mean,NA
TBNMS,2008,HMXL_DR,stdev,NA
TBNMS,2009,HMXL_DR,mean,NA
TBNMS,2009,HMXL_DR,stdev,NA
TBNMS,2010,HMXL_DR,mean,NA
TBNMS,2010,HMXL_DR,stdev,NA
TBNMS,2011,HMXL_DR,mean,NA
TBNMS,2011,HMXL_DR,stdev,NA
TBNMS,2012,HMXL_DR,mean,NA
TBNMS,2012,HMXL_DR,stdev,NA
TBNMS,2013,HMXL_DR,mean,NA
TBNMS,2013,HMXL_DR,stdev,NA
TBNMS,2014,HMXL_DR,mean,NA
TBNMS,2014,HMXL_DR,stdev,NA
TBNMS,2015,HMXL_DR,mean,NA
TBNMS,2015,HMXL_DR,stdev,NA
TBNMS,2016,HMXL_DR,mean,NA
TBNMS,2016,HMXL_DR,stdev,NA
TBNMS,2017,HMXL_DR,mean,NA
TBNMS,2017,HMXL_DR,stdev,NA
TBNMS,2018,HMXL_DR,mean,NA
TBNMS,2018,HMXL_DR,stdev,NA
TBNMS,2019,HMXL_DR,mean,NA
TBNMS,2019,HMXL_DR,stdev,NA
TBNMS,2020,HMXL_DR,mean,NA
TBNMS,2020,HMXL_DR,stdev,NA
TBNMS,2021,HMXL_DR,mean,NA
TBNMS,2021,HMXL_DR,stdev,NA
TBNMS,2022,HMXL_DR,mean,NA
TBNMS,2022,HMXL_DR,stdev,NA
TBNMS,2023,HMXL_DR,mean,NA
TBNMS,2023,HMXL_DR,stdev,NA
TBNMS,2024,HMXL_DR,mean,NA
TBNMS,2024,HMXL_DR,stdev,NA
TBNMS,2025,HMXL_DR,mean,NA
TBNMS,2025,HMXL_DR,stdev,NA
TBNMS,2026,HMXL_DR,mean,NA
TBNMS,2026,HMXL_DR,stdev,NA
TBNMS,2027,HMXL_DR,mean,NA
TBNMS,2027,HMXL_DR,stdev,NA
TBNMS,2028,HMXL_DR,mean,NA
TBNMS,2028,HMXL_DR,stdev,NA
TBNMS,2029,HMXL_DR,mean,NA
TBNMS,2029,HMXL_DR,stdev,NA
TBNMS,2030,HMXL_DR,mean,NA
TBNMS,2030,HMXL_DR,stdev,NA
TBNMS,2031,HMXL_DR,mean,NA
TBNMS,2031,HMXL_DR,stdev,NA
TBNMS,2032,HMXL_DR,mean,NA
TBNMS,2032,HMXL_DR,stdev,NA
TBNMS,2033,HMXL_DR,mean,NA
TBNMS,2033,HMXL_DR,stdev,NA
TBNMS,2034,HMXL_DR,mean,NA
TBNMS,2034,HMXL_DR,stdev,NA
TBNMS,2035,HMXL_DR,mean,NA
TBNMS,2035,HMXL_DR,stdev,NA
TBNMS,2036,HMXL_DR,mean,NA
TBNMS,2036,HMXL_DR,stdev,NA
TBNMS,2037,HMXL_DR,mean,NA
TBNMS,2037,HMXL_DR,stdev,NA
TBNMS,2038,HMXL_DR,mean,NA
TBNMS,2038,HMXL_DR,stdev,NA
TBNMS,2039,HMXL_DR,mean,NA
TBNMS,2039,HMXL_DR,stdev,NA
TBNMS,2040,HMXL_DR,mean,NA
TBNMS,2040,HMXL_DR,stdev,NA
TBNMS,2041,HMXL_DR,mean,NA
TBNMS,2041,HMXL_DR,stdev,NA
TBNMS,2042,HMXL_DR,mean,NA
TBNMS,2042,HMXL_DR,stdev,NA
TBNMS,2043,HMXL_DR,mean,NA
TBNMS,2043,HMXL_DR,stdev,NA
TBNMS,2044,HMXL_DR,mean,NA
TBNMS,2044,HMXL_DR,stdev,NA
TBNMS,2045,HMXL_DR,mean,NA
TBNMS,2045,HMXL_DR,stdev,NA
TBNMS,2046,HMXL_DR,mean,NA
TBNMS,2046,HMXL_DR,stdev,NA
TBNMS,2047,HMXL_DR,mean,NA
TBNMS,2047,HMXL_DR,stdev,NA
TBNMS,2048,HMXL_DR,mean,NA
TBNMS,2048,HMXL_DR,stdev,NA
TBNMS,2049,HMXL_DR,mean,NA
TBNMS,2049,HMXL_DR,stdev,NA
TBNMS,2050,HMXL_DR,mean,NA
TBNMS,2050,HMXL_DR,stdev,NA
TBNMS,2051,HMXL_DR,mean,NA
TBNMS,2051,HMXL_DR,stdev,NA
TBNMS,2052,HMXL_DR,mean,NA
TBNMS,2052,HMXL_DR,stdev,NA
TBNMS,2053,HMXL_DR,mean,NA
TBNMS,2053,HMXL_DR,stdev,NA
TBNMS,2054,HMXL_DR,mean,NA
TBNMS,2054,HMXL_DR,stdev,NA
TBNMS,2055,HMXL_DR,mean,NA
TBNMS,2055,HMXL_DR,stdev,NA
TBNMS,2056,HMXL_DR,mean,NA
TBNMS,2056,HMXL_DR,stdev,NA
TBNMS,2057,HMXL_DR,mean,NA
TBNMS,2057,HMXL_DR,stdev,NA
TBNMS,2058,HMXL_DR,mean,NA
TBNMS,2058,HMXL_DR,stdev,NA
TBNMS,2059,HMXL_DR,mean,NA
TBNMS,2059,HMXL_DR,stdev,NA
TBNMS,2060,HMXL_DR,mean,NA
TBNMS,2060,HMXL_DR,stdev,NA
TBNMS,2061,HMXL_DR,mean,NA
TBNMS,2061,HMXL_DR,stdev,NA
TBNMS,2062,HMXL_DR,mean,NA
TBNMS,2062,HMXL_DR,stdev,NA
TBNMS,2063,HMXL_DR,mean,NA
TBNMS,2063,HMXL_DR,stdev,NA
TBNMS,2064,HMXL_DR,mean,NA
TBNMS,2064,HMXL_DR,stdev,NA
TBNMS,2065,HMXL_DR,mean,NA
TBNMS,2065,HMXL_DR,stdev,NA
TBNMS,2066,HMXL_DR,mean,NA
TBNMS,2066,HMXL_DR,stdev,NA
TBNMS,2067,HMXL_DR,mean,NA
TBNMS,2067,HMXL_DR,stdev,NA
TBNMS,2068,HMXL_DR,mean,NA
TBNMS,2068,HMXL_DR,stdev,NA
TBNMS,2069,HMXL_DR,mean,NA
TBNMS,2069,HMXL_DR,stdev,NA
TBNMS,2070,HMXL_DR,mean,NA
TBNMS,2070,HMXL_DR,stdev,NA
TBNMS,2071,HMXL_DR,mean,NA
TBNMS,2071,HMXL_DR,stdev,NA
TBNMS,2072,HMXL_DR,mean,NA
TBNMS,2072,HMXL_DR,stdev,NA
TBNMS,2073,HMXL_DR,mean,NA
TBNMS,2073,HMXL_DR,stdev,NA
TBNMS,2074,HMXL_DR,mean,NA
TBNMS,2074,HMXL_DR,stdev,NA
TBNMS,2075,HMXL_DR,mean,NA
TBNMS,2075,HMXL_DR,stdev,NA
TBNMS,2076,HMXL_DR,mean,NA
TBNMS,2076,HMXL_DR,stdev,NA
TBNMS,2077,HMXL_DR,mean,NA
TBNMS,2077,HMXL_DR,stdev,NA
TBNMS,2078,HMXL_DR,mean,NA
TBNMS,2078,HMXL_DR,stdev,NA
TBNMS,2079,HMXL_DR,mean,NA
TBNMS,2079,HMXL_DR,stdev,NA
TBNMS,2080,HMXL_DR,mean,NA
TBNMS,2080,HMXL_DR,stdev,NA
TBNMS,2081,HMXL_DR,mean,NA
TBNMS,2081,HMXL_DR,stdev,NA
TBNMS,2082,HMXL_DR,mean,NA
TBNMS,2082,HMXL_DR,stdev,NA
TBNMS,2083,HMXL_DR,mean,NA
TBNMS,2083,HMXL_DR,stdev,NA
TBNMS,2084,HMXL_DR,mean,NA
TBNMS,2084,HMXL_DR,stdev,NA
TBNMS,2085,HMXL_DR,mean,NA
TBNMS,2085,HMXL_DR,stdev,NA
TBNMS,2086,HMXL_DR,mean,NA
TBNMS,2086,HMXL_DR,stdev,NA
TBNMS,2087,HMXL_DR,mean,NA
TBNMS,2087,HMXL_DR,stdev,NA
TBNMS,2088,HMXL_DR,mean,NA
TBNMS,2088,HMXL_DR,stdev,NA
TBNMS,2089,HMXL_DR,mean,NA
TBNMS,2089,HMXL_DR,stdev,NA
TBNMS,2090,HMXL_DR,mean,NA
TBNMS,2090,HMXL_DR,stdev,NA
TBNMS,2091,HMXL_DR,mean,NA
TBNMS,2091,HMXL_DR,stdev,NA
TBNMS,2092,HMXL_DR,mean,NA
TBNMS,2092,HMXL_DR,stdev,NA
TBNMS,2093,HMXL_DR,mean,NA
TBNMS,2093,HMXL_DR,stdev,NA
TBNMS,2094,HMXL_DR,mean,NA
TBNMS,2094,HMXL_DR,stdev,NA
TBNMS,2095,HMXL_DR,mean,NA
TBNMS,2095,HMXL_DR,stdev,NA
TBNMS,2096,HMXL_DR,mean,NA
TBNMS,2096,HMXL_DR,stdev,NA
TBNMS,2097,HMXL_DR,mean,NA
TBNMS,2097,HMXL_DR,stdev,NA
TBNMS,2098,HMXL_DR,mean,NA
TBNMS,2098,HMXL_DR,stdev,NA
TBNMS,2099,HMXL_DR,mean,NA
TBNMS,2099,HMXL_DR,stdev,NA
TBNMS,2100,HMXL_DR,mean,NA
TBNMS,2100,HMXL_DR,stdev,NA
CBNMS,1990,NPP,mean,41.62984085083008
CBNMS,1990,NPP,stdev,1.6827048063278198
CBNMS,1991,NPP,mean,41.23430252075195
CBNMS,1991,NPP,stdev,1.7172672748565674
CBNMS,1992,NPP,mean,41.667762756347656
CBNMS,1992,NPP,stdev,1.8495231866836548
CBNMS,1993,NPP,mean,42.570865631103516
CBNMS,1993,NPP,stdev,1.987201452255249
CBNMS,1994,NPP,mean,42.48278045654297
CBNMS,1994,NPP,stdev,2.01733660697937
CBNMS,1995,NPP,mean,43.56493377685547
CBNMS,1995,NPP,stdev,1.8765218257904053
CBNMS,1996,NPP,mean,43.01454162597656
CBNMS,1996,NPP,stdev,2.0995867252349854
CBNMS,1997,NPP,mean,42.60465621948242
CBNMS,1997,NPP,stdev,1.8446667194366455
CBNMS,1998,NPP,mean,41.804107666015625
CBNMS,1998,NPP,stdev,1.9209259748458862
CBNMS,1999,NPP,mean,42.897396087646484
CBNMS,1999,NPP,stdev,1.8880265951156616
CBNMS,2000,NPP,mean,43.160152435302734
CBNMS,2000,NPP,stdev,1.765670895576477
CBNMS,2001,NPP,mean,42.168601989746094
CBNMS,2001,NPP,stdev,1.8851141929626465
CBNMS,2002,NPP,mean,41.93478775024414
CBNMS,2002,NPP,stdev,1.8107666969299316
CBNMS,2003,NPP,mean,42.64459991455078
CBNMS,2003,NPP,stdev,1.912506341934204
CBNMS,2004,NPP,mean,42.63783264160156
CBNMS,2004,NPP,stdev,1.887834906578064
CBNMS,2005,NPP,mean,42.87629699707031
CBNMS,2005,NPP,stdev,1.9475566148757935
CBNMS,2006,NPP,mean,43.21333312988281
CBNMS,2006,NPP,stdev,1.9120970964431763
CBNMS,2007,NPP,mean,43.21310806274414
CBNMS,2007,NPP,stdev,1.777053713798523
CBNMS,2008,NPP,mean,42.63250732421875
CBNMS,2008,NPP,stdev,1.8959288597106934
CBNMS,2009,NPP,mean,42.73897933959961
CBNMS,2009,NPP,stdev,1.9728325605392456
CBNMS,2010,NPP,mean,43.31507873535156
CBNMS,2010,NPP,stdev,1.7046431303024292
CBNMS,2011,NPP,mean,42.717735290527344
CBNMS,2011,NPP,stdev,1.8118399381637573
CBNMS,2012,NPP,mean,42.415348052978516
CBNMS,2012,NPP,stdev,2.152310848236084
CBNMS,2013,NPP,mean,43.144535064697266
CBNMS,2013,NPP,stdev,2.0356054306030273
CBNMS,2014,NPP,mean,42.69236373901367
CBNMS,2014,NPP,stdev,1.7397868633270264
CBNMS,2015,NPP,mean,43.28636932373047
CBNMS,2015,NPP,stdev,1.8258168697357178
CBNMS,2016,NPP,mean,43.22868728637695
CBNMS,2016,NPP,stdev,1.8594651222229004
CBNMS,2017,NPP,mean,42.50790023803711
CBNMS,2017,NPP,stdev,1.8040165901184082
CBNMS,2018,NPP,mean,43.60417556762695
CBNMS,2018,NPP,stdev,2.0409770011901855
CBNMS,2019,NPP,mean,42.45433044433594
CBNMS,2019,NPP,stdev,1.8571436405181885
CBNMS,2020,NPP,mean,42.19337844848633
CBNMS,2020,NPP,stdev,1.7245826721191406
CBNMS,2021,NPP,mean,42.67662048339844
CBNMS,2021,NPP,stdev,1.9067236185073853
CBNMS,2022,NPP,mean,42.83358383178711
CBNMS,2022,NPP,stdev,1.8085399866104126
CBNMS,2023,NPP,mean,44.08475112915039
CBNMS,2023,NPP,stdev,1.8778365850448608
CBNMS,2024,NPP,mean,43.18553161621094
CBNMS,2024,NPP,stdev,1.8474609851837158
CBNMS,2025,NPP,mean,43.02053451538086
CBNMS,2025,NPP,stdev,1.8225483894348145
CBNMS,2026,NPP,mean,43.121864318847656
CBNMS,2026,NPP,stdev,1.9864048957824707
CBNMS,2027,NPP,mean,43.046627044677734
CBNMS,2027,NPP,stdev,1.865784764289856
CBNMS,2028,NPP,mean,42.89646530151367
CBNMS,2028,NPP,stdev,1.7412357330322266
CBNMS,2029,NPP,mean,42.81575012207031
CBNMS,2029,NPP,stdev,1.8219140768051147
CBNMS,2030,NPP,mean,43.054595947265625
CBNMS,2030,NPP,stdev,1.7658990621566772
CBNMS,2031,NPP,mean,43.18211364746094
CBNMS,2031,NPP,stdev,1.910349726676941
CBNMS,2032,NPP,mean,43.36548614501953
CBNMS,2032,NPP,stdev,1.9994300603866577
CBNMS,2033,NPP,mean,42.715518951416016
CBNMS,2033,NPP,stdev,1.7778780460357666
CBNMS,2034,NPP,mean,42.340579986572266
CBNMS,2034,NPP,stdev,1.9735263586044312
CBNMS,2035,NPP,mean,42.23772430419922
CBNMS,2035,NPP,stdev,1.947678565979004
CBNMS,2036,NPP,mean,42.09373092651367
CBNMS,2036,NPP,stdev,1.6214274168014526
CBNMS,2037,NPP,mean,42.87671661376953
CBNMS,2037,NPP,stdev,1.6966474056243896
CBNMS,2038,NPP,mean,43.08858108520508
CBNMS,2038,NPP,stdev,1.9071167707443237
CBNMS,2039,NPP,mean,42.9629020690918
CBNMS,2039,NPP,stdev,1.669621229171753
CBNMS,2040,NPP,mean,42.434696197509766
CBNMS,2040,NPP,stdev,1.808725118637085
CBNMS,2041,NPP,mean,42.024444580078125
CBNMS,2041,NPP,stdev,1.718176245689392
CBNMS,2042,NPP,mean,43.767181396484375
CBNMS,2042,NPP,stdev,1.7401827573776245
CBNMS,2043,NPP,mean,43.65098190307617
CBNMS,2043,NPP,stdev,1.6606847047805786
CBNMS,2044,NPP,mean,41.6953125
CBNMS,2044,NPP,stdev,1.735870361328125
CBNMS,2045,NPP,mean,42.512264251708984
CBNMS,2045,NPP,stdev,1.7955573797225952
CBNMS,2046,NPP,mean,42.19318771362305
CBNMS,2046,NPP,stdev,1.8248745203018188
CBNMS,2047,NPP,mean,42.52017593383789
CBNMS,2047,NPP,stdev,1.6482620239257812
CBNMS,2048,NPP,mean,42.558956146240234
CBNMS,2048,NPP,stdev,1.6620644330978394
CBNMS,2049,NPP,mean,42.71992874145508
CBNMS,2049,NPP,stdev,1.888214349746704
CBNMS,2050,NPP,mean,42.58035659790039
CBNMS,2050,NPP,stdev,1.8037474155426025
CBNMS,2051,NPP,mean,42.46513366699219
CBNMS,2051,NPP,stdev,1.8226635456085205
CBNMS,2052,NPP,mean,43.3635139465332
CBNMS,2052,NPP,stdev,1.6771633625030518
CBNMS,2053,NPP,mean,42.9726448059082
CBNMS,2053,NPP,stdev,1.807606816291809
CBNMS,2054,NPP,mean,42.43790054321289
CBNMS,2054,NPP,stdev,1.748558759689331
CBNMS,2055,NPP,mean,42.00596237182617
CBNMS,2055,NPP,stdev,1.5559477806091309
CBNMS,2056,NPP,mean,42.631324768066406
CBNMS,2056,NPP,stdev,1.830739974975586
CBNMS,2057,NPP,mean,42.31846618652344
CBNMS,2057,NPP,stdev,1.7813942432403564
CBNMS,2058,NPP,mean,43.06427001953125
CBNMS,2058,NPP,stdev,1.8974660634994507
CBNMS,2059,NPP,mean,42.78581237792969
CBNMS,2059,NPP,stdev,1.715383768081665
CBNMS,2060,NPP,mean,42.32064437866211
CBNMS,2060,NPP,stdev,1.6908327341079712
CBNMS,2061,NPP,mean,42.05974197387695
CBNMS,2061,NPP,stdev,1.6467609405517578
CBNMS,2062,NPP,mean,42.68572998046875
CBNMS,2062,NPP,stdev,1.5670894384384155
CBNMS,2063,NPP,mean,42.027976989746094
CBNMS,2063,NPP,stdev,1.5858627557754517
CBNMS,2064,NPP,mean,42.424259185791016
CBNMS,2064,NPP,stdev,1.8087016344070435
CBNMS,2065,NPP,mean,42.71141052246094
CBNMS,2065,NPP,stdev,1.8292149305343628
CBNMS,2066,NPP,mean,41.79893112182617
CBNMS,2066,NPP,stdev,1.5624583959579468
CBNMS,2067,NPP,mean,42.1411018371582
CBNMS,2067,NPP,stdev,1.58838951587677
CBNMS,2068,NPP,mean,41.98274612426758
CBNMS,2068,NPP,stdev,1.6981840133666992
CBNMS,2069,NPP,mean,42.29115676879883
CBNMS,2069,NPP,stdev,1.7335633039474487
CBNMS,2070,NPP,mean,42.71941375732422
CBNMS,2070,NPP,stdev,1.577695369720459
CBNMS,2071,NPP,mean,41.61509323120117
CBNMS,2071,NPP,stdev,1.701975703239441
CBNMS,2072,NPP,mean,41.914024353027344
CBNMS,2072,NPP,stdev,1.7603726387023926
CBNMS,2073,NPP,mean,42.40164566040039
CBNMS,2073,NPP,stdev,1.6764718294143677
CBNMS,2074,NPP,mean,41.41270065307617
CBNMS,2074,NPP,stdev,1.6684693098068237
CBNMS,2075,NPP,mean,41.34473419189453
CBNMS,2075,NPP,stdev,1.6382694244384766
CBNMS,2076,NPP,mean,42.15345764160156
CBNMS,2076,NPP,stdev,1.7031614780426025
CBNMS,2077,NPP,mean,42.09109878540039
CBNMS,2077,NPP,stdev,1.6330500841140747
CBNMS,2078,NPP,mean,42.01338577270508
CBNMS,2078,NPP,stdev,1.6681902408599854
CBNMS,2079,NPP,mean,42.13485336303711
CBNMS,2079,NPP,stdev,1.7441874742507935
CBNMS,2080,NPP,mean,42.26634979248047
CBNMS,2080,NPP,stdev,1.6383670568466187
CBNMS,2081,NPP,mean,41.91081619262695
CBNMS,2081,NPP,stdev,1.7982760667800903
CBNMS,2082,NPP,mean,40.3963508605957
CBNMS,2082,NPP,stdev,1.6094434261322021
CBNMS,2083,NPP,mean,41.31743621826172
CBNMS,2083,NPP,stdev,1.8005449771881104
CBNMS,2084,NPP,mean,42.039878845214844
CBNMS,2084,NPP,stdev,1.635786533355713
CBNMS,2085,NPP,mean,40.765499114990234
CBNMS,2085,NPP,stdev,1.7433818578720093
CBNMS,2086,NPP,mean,42.095314025878906
CBNMS,2086,NPP,stdev,1.6954530477523804
CBNMS,2087,NPP,mean,41.4744873046875
CBNMS,2087,NPP,stdev,1.610701084136963
CBNMS,2088,NPP,mean,41.671241760253906
CBNMS,2088,NPP,stdev,1.7340527772903442
CBNMS,2089,NPP,mean,41.790462493896484
CBNMS,2089,NPP,stdev,1.739288330078125
CBNMS,2090,NPP,mean,41.3737907409668
CBNMS,2090,NPP,stdev,1.6486908197402954
CBNMS,2091,NPP,mean,41.28055953979492
CBNMS,2091,NPP,stdev,1.6236661672592163
CBNMS,2092,NPP,mean,41.38789749145508
CBNMS,2092,NPP,stdev,1.743568778038025
CBNMS,2093,NPP,mean,41.66345977783203
CBNMS,2093,NPP,stdev,1.6852294206619263
CBNMS,2094,NPP,mean,41.50962448120117
CBNMS,2094,NPP,stdev,1.6734381914138794
CBNMS,2095,NPP,mean,41.763248443603516
CBNMS,2095,NPP,stdev,1.4816049337387085
CBNMS,2096,NPP,mean,41.435821533203125
CBNMS,2096,NPP,stdev,1.666793942451477
CBNMS,2097,NPP,mean,40.616493225097656
CBNMS,2097,NPP,stdev,1.653112769126892
CBNMS,2098,NPP,mean,40.305084228515625
CBNMS,2098,NPP,stdev,1.7833619117736816
CBNMS,2099,NPP,mean,41.727596282958984
CBNMS,2099,NPP,stdev,1.6671756505966187
CBNMS,2100,NPP,mean,40.677040100097656
CBNMS,2100,NPP,stdev,1.7403976917266846
CINMS,1990,NPP,mean,39.60181427001953
CINMS,1990,NPP,stdev,1.4659466743469238
CINMS,1991,NPP,mean,39.52682876586914
CINMS,1991,NPP,stdev,1.655623435974121
CINMS,1992,NPP,mean,40.0923957824707
CINMS,1992,NPP,stdev,1.616519808769226
CINMS,1993,NPP,mean,40.1390266418457
CINMS,1993,NPP,stdev,1.5411053895950317
CINMS,1994,NPP,mean,40.489078521728516
CINMS,1994,NPP,stdev,1.6702591180801392
CINMS,1995,NPP,mean,40.42221450805664
CINMS,1995,NPP,stdev,1.6332017183303833
CINMS,1996,NPP,mean,40.71118927001953
CINMS,1996,NPP,stdev,1.757805347442627
CINMS,1997,NPP,mean,39.91107940673828
CINMS,1997,NPP,stdev,1.502105951309204
CINMS,1998,NPP,mean,39.508583068847656
CINMS,1998,NPP,stdev,1.522987961769104
CINMS,1999,NPP,mean,39.642295837402344
CINMS,1999,NPP,stdev,1.4945436716079712
CINMS,2000,NPP,mean,40.109588623046875
CINMS,2000,NPP,stdev,1.5357509851455688
CINMS,2001,NPP,mean,39.93425369262695
CINMS,2001,NPP,stdev,1.527073621749878
CINMS,2002,NPP,mean,39.9292106628418
CINMS,2002,NPP,stdev,1.6318058967590332
CINMS,2003,NPP,mean,40.19387435913086
CINMS,2003,NPP,stdev,1.5612350702285767
CINMS,2004,NPP,mean,40.29118347167969
CINMS,2004,NPP,stdev,1.5683789253234863
CINMS,2005,NPP,mean,39.649417877197266
CINMS,2005,NPP,stdev,1.4324190616607666
CINMS,2006,NPP,mean,40.26848602294922
CINMS,2006,NPP,stdev,1.540327548980713
CINMS,2007,NPP,mean,40.36341857910156
CINMS,2007,NPP,stdev,1.4544410705566406
CINMS,2008,NPP,mean,40.57609176635742
CINMS,2008,NPP,stdev,1.789156436920166
CINMS,2009,NPP,mean,40.18438720703125
CINMS,2009,NPP,stdev,1.611653447151184
CINMS,2010,NPP,mean,40.53102111816406
CINMS,2010,NPP,stdev,1.615666389465332
CINMS,2011,NPP,mean,40.72441864013672
CINMS,2011,NPP,stdev,1.512024164199829
CINMS,2012,NPP,mean,40.74688720703125
CINMS,2012,NPP,stdev,1.5961185693740845
CINMS,2013,NPP,mean,40.698368072509766
CINMS,2013,NPP,stdev,1.70268976688385
CINMS,2014,NPP,mean,40.07210159301758
CINMS,2014,NPP,stdev,1.4157134294509888
CINMS,2015,NPP,mean,40.62437057495117
CINMS,2015,NPP,stdev,1.5967469215393066
CINMS,2016,NPP,mean,40.20343017578125
CINMS,2016,NPP,stdev,1.646388053894043
CINMS,2017,NPP,mean,40.05162811279297
CINMS,2017,NPP,stdev,1.4913228750228882
CINMS,2018,NPP,mean,41.15718078613281
CINMS,2018,NPP,stdev,1.6972464323043823
CINMS,2019,NPP,mean,40.09502410888672
CINMS,2019,NPP,stdev,1.5640085935592651
CINMS,2020,NPP,mean,40.2066650390625
CINMS,2020,NPP,stdev,1.558064341545105
CINMS,2021,NPP,mean,40.19587707519531
CINMS,2021,NPP,stdev,1.567984700202942
CINMS,2022,NPP,mean,40.36017608642578
CINMS,2022,NPP,stdev,1.5139107704162598
CINMS,2023,NPP,mean,40.80018997192383
CINMS,2023,NPP,stdev,1.7561815977096558
CINMS,2024,NPP,mean,40.573429107666016
CINMS,2024,NPP,stdev,1.6052098274230957
CINMS,2025,NPP,mean,40.708187103271484
CINMS,2025,NPP,stdev,1.9385377168655396
CINMS,2026,NPP,mean,40.826568603515625
CINMS,2026,NPP,stdev,1.8511242866516113
CINMS,2027,NPP,mean,40.570159912109375
CINMS,2027,NPP,stdev,1.6744325160980225
CINMS,2028,NPP,mean,40.342491149902344
CINMS,2028,NPP,stdev,1.6367307901382446
CINMS,2029,NPP,mean,40.49074935913086
CINMS,2029,NPP,stdev,1.7299062013626099
CINMS,2030,NPP,mean,40.8128662109375
CINMS,2030,NPP,stdev,1.756961703300476
CINMS,2031,NPP,mean,40.95559310913086
CINMS,2031,NPP,stdev,1.7102216482162476
CINMS,2032,NPP,mean,40.577110290527344
CINMS,2032,NPP,stdev,1.7080327272415161
CINMS,2033,NPP,mean,41.11866760253906
CINMS,2033,NPP,stdev,1.6736865043640137
CINMS,2034,NPP,mean,40.62078857421875
CINMS,2034,NPP,stdev,1.8530083894729614
CINMS,2035,NPP,mean,40.251155853271484
CINMS,2035,NPP,stdev,1.6664716005325317
CINMS,2036,NPP,mean,40.039615631103516
CINMS,2036,NPP,stdev,1.7076276540756226
CINMS,2037,NPP,mean,40.64655303955078
CINMS,2037,NPP,stdev,1.7785080671310425
CINMS,2038,NPP,mean,40.90566635131836
CINMS,2038,NPP,stdev,1.7728372812271118
CINMS,2039,NPP,mean,40.61793518066406
CINMS,2039,NPP,stdev,1.6677417755126953
CINMS,2040,NPP,mean,40.53944396972656
CINMS,2040,NPP,stdev,1.6322529315948486
CINMS,2041,NPP,mean,40.55715560913086
CINMS,2041,NPP,stdev,1.8866034746170044
CINMS,2042,NPP,mean,41.441734313964844
CINMS,2042,NPP,stdev,1.987135887145996
CINMS,2043,NPP,mean,40.640777587890625
CINMS,2043,NPP,stdev,1.6842409372329712
CINMS,2044,NPP,mean,40.12451171875
CINMS,2044,NPP,stdev,1.700751781463623
CINMS,2045,NPP,mean,40.909095764160156
CINMS,2045,NPP,stdev,1.7961491346359253
CINMS,2046,NPP,mean,40.60539627075195
CINMS,2046,NPP,stdev,1.9738115072250366
CINMS,2047,NPP,mean,40.91341018676758
CINMS,2047,NPP,stdev,1.843029260635376
CINMS,2048,NPP,mean,40.94257354736328
CINMS,2048,NPP,stdev,1.813883900642395
CINMS,2049,NPP,mean,40.95962142944336
CINMS,2049,NPP,stdev,1.8079651594161987
CINMS,2050,NPP,mean,41.082420349121094
CINMS,2050,NPP,stdev,1.891277551651001
CINMS,2051,NPP,mean,40.48908233642578
CINMS,2051,NPP,stdev,1.8151049613952637
CINMS,2052,NPP,mean,41.008182525634766
CINMS,2052,NPP,stdev,1.7983180284500122
CINMS,2053,NPP,mean,41.40831756591797
CINMS,2053,NPP,stdev,1.9169682264328003
CINMS,2054,NPP,mean,41.07573699951172
CINMS,2054,NPP,stdev,2.04007887840271
CINMS,2055,NPP,mean,40.84359359741211
CINMS,2055,NPP,stdev,1.9864057302474976
CINMS,2056,NPP,mean,40.73443603515625
CINMS,2056,NPP,stdev,1.8623472452163696
CINMS,2057,NPP,mean,41.501182556152344
CINMS,2057,NPP,stdev,1.9586389064788818
CINMS,2058,NPP,mean,41.24771499633789
CINMS,2058,NPP,stdev,1.9703457355499268
CINMS,2059,NPP,mean,40.850990295410156
CINMS,2059,NPP,stdev,1.8826056718826294
CINMS,2060,NPP,mean,40.960731506347656
CINMS,2060,NPP,stdev,1.8405579328536987
CINMS,2061,NPP,mean,40.70939254760742
CINMS,2061,NPP,stdev,1.834583044052124
CINMS,2062,NPP,mean,41.044376373291016
CINMS,2062,NPP,stdev,1.9785654544830322
CINMS,2063,NPP,mean,41.023414611816406
CINMS,2063,NPP,stdev,1.7679874897003174
CINMS,2064,NPP,mean,41.405235290527344
CINMS,2064,NPP,stdev,1.8615169525146484
CINMS,2065,NPP,mean,41.51750183105469
CINMS,2065,NPP,stdev,1.9023045301437378
CINMS,2066,NPP,mean,40.85774612426758
CINMS,2066,NPP,stdev,1.9034345149993896
CINMS,2067,NPP,mean,40.58000564575195
CINMS,2067,NPP,stdev,1.903619408607483
CINMS,2068,NPP,mean,41.29539108276367
CINMS,2068,NPP,stdev,1.8431005477905273
CINMS,2069,NPP,mean,41.02845001220703
CINMS,2069,NPP,stdev,1.883554220199585
CINMS,2070,NPP,mean,41.34526824951172
CINMS,2070,NPP,stdev,2.0301997661590576
CINMS,2071,NPP,mean,40.98673629760742
CINMS,2071,NPP,stdev,1.894432783126831
CINMS,2072,NPP,mean,41.02893829345703
CINMS,2072,NPP,stdev,1.9641752243041992
CINMS,2073,NPP,mean,41.46717834472656
CINMS,2073,NPP,stdev,2.03153395652771
CINMS,2074,NPP,mean,41.12176513671875
CINMS,2074,NPP,stdev,2.0097098350524902
CINMS,2075,NPP,mean,40.88832473754883
CINMS,2075,NPP,stdev,1.963860273361206
CINMS,2076,NPP,mean,41.966243743896484
CINMS,2076,NPP,stdev,2.0571482181549072
CINMS,2077,NPP,mean,41.5166130065918
CINMS,2077,NPP,stdev,2.028385877609253
CINMS,2078,NPP,mean,41.571353912353516
CINMS,2078,NPP,stdev,2.144688606262207
CINMS,2079,NPP,mean,41.2764892578125
CINMS,2079,NPP,stdev,1.864741563796997
CINMS,2080,NPP,mean,41.665767669677734
CINMS,2080,NPP,stdev,2.014773368835449
CINMS,2081,NPP,mean,41.458099365234375
CINMS,2081,NPP,stdev,2.001260995864868
CINMS,2082,NPP,mean,40.75901412963867
CINMS,2082,NPP,stdev,1.9477343559265137
CINMS,2083,NPP,mean,41.385921478271484
CINMS,2083,NPP,stdev,1.9213680028915405
CINMS,2084,NPP,mean,41.59846878051758
CINMS,2084,NPP,stdev,2.0655083656311035
CINMS,2085,NPP,mean,41.08973693847656
CINMS,2085,NPP,stdev,1.8567721843719482
CINMS,2086,NPP,mean,41.762428283691406
CINMS,2086,NPP,stdev,2.0747134685516357
CINMS,2087,NPP,mean,41.12126922607422
CINMS,2087,NPP,stdev,1.9399638175964355
CINMS,2088,NPP,mean,41.66081619262695
CINMS,2088,NPP,stdev,2.0213966369628906
CINMS,2089,NPP,mean,41.89748001098633
CINMS,2089,NPP,stdev,2.0901355743408203
CINMS,2090,NPP,mean,41.559993743896484
CINMS,2090,NPP,stdev,2.0833072662353516
CINMS,2091,NPP,mean,41.113433837890625
CINMS,2091,NPP,stdev,1.968275785446167
CINMS,2092,NPP,mean,41.88985824584961
CINMS,2092,NPP,stdev,2.1330478191375732
CINMS,2093,NPP,mean,41.74485778808594
CINMS,2093,NPP,stdev,1.9404808282852173
CINMS,2094,NPP,mean,41.341678619384766
CINMS,2094,NPP,stdev,1.9958199262619019
CINMS,2095,NPP,mean,41.38524627685547
CINMS,2095,NPP,stdev,1.9388083219528198
CINMS,2096,NPP,mean,41.36784362792969
CINMS,2096,NPP,stdev,1.9466681480407715
CINMS,2097,NPP,mean,41.386802673339844
CINMS,2097,NPP,stdev,1.9768484830856323
CINMS,2098,NPP,mean,41.17979431152344
CINMS,2098,NPP,stdev,1.9602986574172974
CINMS,2099,NPP,mean,41.707454681396484
CINMS,2099,NPP,stdev,2.0116565227508545
CINMS,2100,NPP,mean,41.56966018676758
CINMS,2100,NPP,stdev,1.9863152503967285
CPNMS,1990,NPP,mean,38.230342864990234
CPNMS,1990,NPP,stdev,2.245422124862671
CPNMS,1991,NPP,mean,37.65826416015625
CPNMS,1991,NPP,stdev,2.2763142585754395
CPNMS,1992,NPP,mean,38.685791015625
CPNMS,1992,NPP,stdev,2.4253861904144287
CPNMS,1993,NPP,mean,38.686737060546875
CPNMS,1993,NPP,stdev,2.3411166667938232
CPNMS,1994,NPP,mean,38.723262786865234
CPNMS,1994,NPP,stdev,2.371138095855713
CPNMS,1995,NPP,mean,38.80704879760742
CPNMS,1995,NPP,stdev,2.322355031967163
CPNMS,1996,NPP,mean,38.94214630126953
CPNMS,1996,NPP,stdev,2.3973348140716553
CPNMS,1997,NPP,mean,38.64763641357422
CPNMS,1997,NPP,stdev,2.335540294647217
CPNMS,1998,NPP,mean,37.92646026611328
CPNMS,1998,NPP,stdev,2.2634618282318115
CPNMS,1999,NPP,mean,38.358795166015625
CPNMS,1999,NPP,stdev,2.4298737049102783
CPNMS,2000,NPP,mean,38.850189208984375
CPNMS,2000,NPP,stdev,2.3801429271698
CPNMS,2001,NPP,mean,38.66655731201172
CPNMS,2001,NPP,stdev,2.3337507247924805
CPNMS,2002,NPP,mean,38.18720245361328
CPNMS,2002,NPP,stdev,2.286879301071167
CPNMS,2003,NPP,mean,38.582679748535156
CPNMS,2003,NPP,stdev,2.289396286010742
CPNMS,2004,NPP,mean,38.78026580810547
CPNMS,2004,NPP,stdev,2.2817533016204834
CPNMS,2005,NPP,mean,38.16714096069336
CPNMS,2005,NPP,stdev,2.288464307785034
CPNMS,2006,NPP,mean,38.896732330322266
CPNMS,2006,NPP,stdev,2.389955520629883
CPNMS,2007,NPP,mean,38.987884521484375
CPNMS,2007,NPP,stdev,2.2854952812194824
CPNMS,2008,NPP,mean,38.57320785522461
CPNMS,2008,NPP,stdev,2.522448778152466
CPNMS,2009,NPP,mean,38.56845474243164
CPNMS,2009,NPP,stdev,2.3093488216400146
CPNMS,2010,NPP,mean,39.28749465942383
CPNMS,2010,NPP,stdev,2.3655600547790527
CPNMS,2011,NPP,mean,39.16320037841797
CPNMS,2011,NPP,stdev,2.3401076793670654
CPNMS,2012,NPP,mean,39.094703674316406
CPNMS,2012,NPP,stdev,2.5535154342651367
CPNMS,2013,NPP,mean,38.86483383178711
CPNMS,2013,NPP,stdev,2.455658435821533
CPNMS,2014,NPP,mean,39.105674743652344
CPNMS,2014,NPP,stdev,2.495454788208008
CPNMS,2015,NPP,mean,39.093502044677734
CPNMS,2015,NPP,stdev,2.4357619285583496
CPNMS,2016,NPP,mean,38.551090240478516
CPNMS,2016,NPP,stdev,2.265087604522705
CPNMS,2017,NPP,mean,38.78422927856445
CPNMS,2017,NPP,stdev,2.364406108856201
CPNMS,2018,NPP,mean,39.30756759643555
CPNMS,2018,NPP,stdev,2.3619155883789062
CPNMS,2019,NPP,mean,38.41999053955078
CPNMS,2019,NPP,stdev,2.3223495483398438
CPNMS,2020,NPP,mean,38.3853874206543
CPNMS,2020,NPP,stdev,2.3744871616363525
CPNMS,2021,NPP,mean,38.471778869628906
CPNMS,2021,NPP,stdev,2.284510374069214
CPNMS,2022,NPP,mean,38.77684020996094
CPNMS,2022,NPP,stdev,2.2930283546447754
CPNMS,2023,NPP,mean,39.15333557128906
CPNMS,2023,NPP,stdev,2.49078369140625
CPNMS,2024,NPP,mean,39.028282165527344
CPNMS,2024,NPP,stdev,2.3691635131835938
CPNMS,2025,NPP,mean,38.37238311767578
CPNMS,2025,NPP,stdev,2.2960031032562256
CPNMS,2026,NPP,mean,38.82149887084961
CPNMS,2026,NPP,stdev,2.3869454860687256
CPNMS,2027,NPP,mean,38.72293472290039
CPNMS,2027,NPP,stdev,2.366053819656372
CPNMS,2028,NPP,mean,38.57847213745117
CPNMS,2028,NPP,stdev,2.275703191757202
CPNMS,2029,NPP,mean,38.41127395629883
CPNMS,2029,NPP,stdev,2.331087589263916
CPNMS,2030,NPP,mean,38.74099349975586
CPNMS,2030,NPP,stdev,2.253330707550049
CPNMS,2031,NPP,mean,39.16229248046875
CPNMS,2031,NPP,stdev,2.444246768951416
CPNMS,2032,NPP,mean,38.58673095703125
CPNMS,2032,NPP,stdev,2.2598981857299805
CPNMS,2033,NPP,mean,39.3325309753418
CPNMS,2033,NPP,stdev,2.4331345558166504
CPNMS,2034,NPP,mean,38.3056526184082
CPNMS,2034,NPP,stdev,2.2212777137756348
CPNMS,2035,NPP,mean,38.488075256347656
CPNMS,2035,NPP,stdev,2.3190035820007324
CPNMS,2036,NPP,mean,38.09451675415039
CPNMS,2036,NPP,stdev,2.4103410243988037
CPNMS,2037,NPP,mean,38.54045486450195
CPNMS,2037,NPP,stdev,2.4778692722320557
CPNMS,2038,NPP,mean,38.745018005371094
CPNMS,2038,NPP,stdev,2.3172104358673096
CPNMS,2039,NPP,mean,39.01945114135742
CPNMS,2039,NPP,stdev,2.4048726558685303
CPNMS,2040,NPP,mean,38.68925476074219
CPNMS,2040,NPP,stdev,2.372462272644043
CPNMS,2041,NPP,mean,38.108970642089844
CPNMS,2041,NPP,stdev,2.351872444152832
CPNMS,2042,NPP,mean,39.14759063720703
CPNMS,2042,NPP,stdev,2.449218273162842
CPNMS,2043,NPP,mean,38.970458984375
CPNMS,2043,NPP,stdev,2.330594778060913
CPNMS,2044,NPP,mean,37.98682403564453
CPNMS,2044,NPP,stdev,2.1956067085266113
CPNMS,2045,NPP,mean,38.56254196166992
CPNMS,2045,NPP,stdev,2.3429956436157227
CPNMS,2046,NPP,mean,38.00914001464844
CPNMS,2046,NPP,stdev,2.2829220294952393
CPNMS,2047,NPP,mean,38.45270538330078
CPNMS,2047,NPP,stdev,2.3554437160491943
CPNMS,2048,NPP,mean,38.583980560302734
CPNMS,2048,NPP,stdev,2.1634910106658936
CPNMS,2049,NPP,mean,38.567481994628906
CPNMS,2049,NPP,stdev,2.202862501144409
CPNMS,2050,NPP,mean,38.686946868896484
CPNMS,2050,NPP,stdev,2.300976276397705
CPNMS,2051,NPP,mean,38.40850830078125
CPNMS,2051,NPP,stdev,2.3371195793151855
CPNMS,2052,NPP,mean,38.65391540527344
CPNMS,2052,NPP,stdev,2.1576435565948486
CPNMS,2053,NPP,mean,38.97403335571289
CPNMS,2053,NPP,stdev,2.279980182647705
CPNMS,2054,NPP,mean,38.40766525268555
CPNMS,2054,NPP,stdev,2.190480947494507
CPNMS,2055,NPP,mean,38.13304138183594
CPNMS,2055,NPP,stdev,2.253619432449341
CPNMS,2056,NPP,mean,38.2623176574707
CPNMS,2056,NPP,stdev,2.2198100090026855
CPNMS,2057,NPP,mean,38.765296936035156
CPNMS,2057,NPP,stdev,2.448455572128296
CPNMS,2058,NPP,mean,38.62378692626953
CPNMS,2058,NPP,stdev,2.1908810138702393
CPNMS,2059,NPP,mean,38.66056823730469
CPNMS,2059,NPP,stdev,2.3380286693573
CPNMS,2060,NPP,mean,38.58369827270508
CPNMS,2060,NPP,stdev,2.225736379623413
CPNMS,2061,NPP,mean,38.32759094238281
CPNMS,2061,NPP,stdev,2.2616257667541504
CPNMS,2062,NPP,mean,38.370174407958984
CPNMS,2062,NPP,stdev,2.2136831283569336
CPNMS,2063,NPP,mean,38.43526840209961
CPNMS,2063,NPP,stdev,2.204592704772949
CPNMS,2064,NPP,mean,38.78660202026367
CPNMS,2064,NPP,stdev,2.3390729427337646
CPNMS,2065,NPP,mean,38.90626525878906
CPNMS,2065,NPP,stdev,2.3338117599487305
CPNMS,2066,NPP,mean,38.41121292114258
CPNMS,2066,NPP,stdev,2.185983180999756
CPNMS,2067,NPP,mean,37.76443099975586
CPNMS,2067,NPP,stdev,2.2821688652038574
CPNMS,2068,NPP,mean,38.94470977783203
CPNMS,2068,NPP,stdev,2.362043857574463
CPNMS,2069,NPP,mean,38.45759963989258
CPNMS,2069,NPP,stdev,2.1317942142486572
CPNMS,2070,NPP,mean,38.533687591552734
CPNMS,2070,NPP,stdev,2.2243294715881348
CPNMS,2071,NPP,mean,38.29945755004883
CPNMS,2071,NPP,stdev,2.2339041233062744
CPNMS,2072,NPP,mean,38.20438003540039
CPNMS,2072,NPP,stdev,2.1848549842834473
CPNMS,2073,NPP,mean,38.51945114135742
CPNMS,2073,NPP,stdev,2.1993062496185303
CPNMS,2074,NPP,mean,38.173160552978516
CPNMS,2074,NPP,stdev,2.1560420989990234
CPNMS,2075,NPP,mean,37.72711181640625
CPNMS,2075,NPP,stdev,2.0990869998931885
CPNMS,2076,NPP,mean,39.017967224121094
CPNMS,2076,NPP,stdev,2.2849645614624023
CPNMS,2077,NPP,mean,38.331092834472656
CPNMS,2077,NPP,stdev,2.1688807010650635
CPNMS,2078,NPP,mean,38.33378601074219
CPNMS,2078,NPP,stdev,2.1414637565612793
CPNMS,2079,NPP,mean,38.7408561706543
CPNMS,2079,NPP,stdev,2.2301406860351562
CPNMS,2080,NPP,mean,38.715206146240234
CPNMS,2080,NPP,stdev,2.176396369934082
CPNMS,2081,NPP,mean,38.54854202270508
CPNMS,2081,NPP,stdev,2.253162384033203
CPNMS,2082,NPP,mean,37.616233825683594
CPNMS,2082,NPP,stdev,2.1294472217559814
CPNMS,2083,NPP,mean,38.585384368896484
CPNMS,2083,NPP,stdev,2.2234861850738525
CPNMS,2084,NPP,mean,38.392791748046875
CPNMS,2084,NPP,stdev,2.1924359798431396
CPNMS,2085,NPP,mean,38.16881561279297
CPNMS,2085,NPP,stdev,2.1809802055358887
CPNMS,2086,NPP,mean,38.35603332519531
CPNMS,2086,NPP,stdev,1.9980920553207397
CPNMS,2087,NPP,mean,38.00144577026367
CPNMS,2087,NPP,stdev,2.1006884574890137
CPNMS,2088,NPP,mean,38.432289123535156
CPNMS,2088,NPP,stdev,2.120452642440796
CPNMS,2089,NPP,mean,38.628326416015625
CPNMS,2089,NPP,stdev,2.221506357192993
CPNMS,2090,NPP,mean,38.3710823059082
CPNMS,2090,NPP,stdev,2.119136333465576
CPNMS,2091,NPP,mean,38.34911346435547
CPNMS,2091,NPP,stdev,2.270293951034546
CPNMS,2092,NPP,mean,38.489173889160156
CPNMS,2092,NPP,stdev,2.1963846683502197
CPNMS,2093,NPP,mean,38.99678039550781
CPNMS,2093,NPP,stdev,2.1534385681152344
CPNMS,2094,NPP,mean,38.251277923583984
CPNMS,2094,NPP,stdev,2.235146999359131
CPNMS,2095,NPP,mean,38.34452438354492
CPNMS,2095,NPP,stdev,2.0759408473968506
CPNMS,2096,NPP,mean,38.551483154296875
CPNMS,2096,NPP,stdev,2.1968984603881836
CPNMS,2097,NPP,mean,38.332275390625
CPNMS,2097,NPP,stdev,2.1707496643066406
CPNMS,2098,NPP,mean,38.13142013549805
CPNMS,2098,NPP,stdev,2.133953809738159
CPNMS,2099,NPP,mean,38.50489807128906
CPNMS,2099,NPP,stdev,2.103194236755371
CPNMS,2100,NPP,mean,38.52299499511719
CPNMS,2100,NPP,stdev,2.2695281505584717
FGBNMS,1990,NPP,mean,36.11308288574219
FGBNMS,1990,NPP,stdev,0.3387564420700073
FGBNMS,1991,NPP,mean,35.77891540527344
FGBNMS,1991,NPP,stdev,0.3342149555683136
FGBNMS,1992,NPP,mean,36.5397834777832
FGBNMS,1992,NPP,stdev,0.3770688772201538
FGBNMS,1993,NPP,mean,36.53572082519531
FGBNMS,1993,NPP,stdev,0.4103846848011017
FGBNMS,1994,NPP,mean,36.589317321777344
FGBNMS,1994,NPP,stdev,0.4048440158367157
FGBNMS,1995,NPP,mean,36.486385345458984
FGBNMS,1995,NPP,stdev,0.33524084091186523
FGBNMS,1996,NPP,mean,36.359527587890625
FGBNMS,1996,NPP,stdev,0.4162771999835968
FGBNMS,1997,NPP,mean,36.64042282104492
FGBNMS,1997,NPP,stdev,0.41892486810684204
FGBNMS,1998,NPP,mean,36.147335052490234
FGBNMS,1998,NPP,stdev,0.36581653356552124
FGBNMS,1999,NPP,mean,36.20335006713867
FGBNMS,1999,NPP,stdev,0.4315701127052307
FGBNMS,2000,NPP,mean,36.32196044921875
FGBNMS,2000,NPP,stdev,0.511867105960846
FGBNMS,2001,NPP,mean,36.678428649902344
FGBNMS,2001,NPP,stdev,0.5508790016174316
FGBNMS,2002,NPP,mean,36.26200866699219
FGBNMS,2002,NPP,stdev,0.4546746015548706
FGBNMS,2003,NPP,mean,36.39706802368164
FGBNMS,2003,NPP,stdev,0.44924992322921753
FGBNMS,2004,NPP,mean,36.294593811035156
FGBNMS,2004,NPP,stdev,0.4552730619907379
FGBNMS,2005,NPP,mean,36.361175537109375
FGBNMS,2005,NPP,stdev,0.4265769422054291
FGBNMS,2006,NPP,mean,35.97065734863281
FGBNMS,2006,NPP,stdev,0.4782874882221222
FGBNMS,2007,NPP,mean,36.10349655151367
FGBNMS,2007,NPP,stdev,0.4499547779560089
FGBNMS,2008,NPP,mean,36.052818298339844
FGBNMS,2008,NPP,stdev,0.4766748547554016
FGBNMS,2009,NPP,mean,36.556819915771484
FGBNMS,2009,NPP,stdev,0.5768630504608154
FGBNMS,2010,NPP,mean,36.059146881103516
FGBNMS,2010,NPP,stdev,0.4515132009983063
FGBNMS,2011,NPP,mean,35.91267776489258
FGBNMS,2011,NPP,stdev,0.41485410928726196
FGBNMS,2012,NPP,mean,36.230438232421875
FGBNMS,2012,NPP,stdev,0.46109524369239807
FGBNMS,2013,NPP,mean,36.3355598449707
FGBNMS,2013,NPP,stdev,0.5347842574119568
FGBNMS,2014,NPP,mean,36.015174865722656
FGBNMS,2014,NPP,stdev,0.44918686151504517
FGBNMS,2015,NPP,mean,35.834312438964844
FGBNMS,2015,NPP,stdev,0.4972933828830719
FGBNMS,2016,NPP,mean,35.96455764770508
FGBNMS,2016,NPP,stdev,0.5517361164093018
FGBNMS,2017,NPP,mean,36.10730743408203
FGBNMS,2017,NPP,stdev,0.4919182062149048
FGBNMS,2018,NPP,mean,35.65816116333008
FGBNMS,2018,NPP,stdev,0.47041237354278564
FGBNMS,2019,NPP,mean,36.119014739990234
FGBNMS,2019,NPP,stdev,0.540095329284668
FGBNMS,2020,NPP,mean,35.97895431518555
FGBNMS,2020,NPP,stdev,0.5027852654457092
FGBNMS,2021,NPP,mean,36.09014129638672
FGBNMS,2021,NPP,stdev,0.5106715559959412
FGBNMS,2022,NPP,mean,36.03956985473633
FGBNMS,2022,NPP,stdev,0.5369858145713806
FGBNMS,2023,NPP,mean,35.479095458984375
FGBNMS,2023,NPP,stdev,0.4861159324645996
FGBNMS,2024,NPP,mean,35.8624382019043
FGBNMS,2024,NPP,stdev,0.5156204104423523
FGBNMS,2025,NPP,mean,35.892555236816406
FGBNMS,2025,NPP,stdev,0.5091584920883179
FGBNMS,2026,NPP,mean,35.80073165893555
FGBNMS,2026,NPP,stdev,0.5844681859016418
FGBNMS,2027,NPP,mean,35.652618408203125
FGBNMS,2027,NPP,stdev,0.4640263617038727
FGBNMS,2028,NPP,mean,35.92674255371094
FGBNMS,2028,NPP,stdev,0.5144667625427246
FGBNMS,2029,NPP,mean,35.74775695800781
FGBNMS,2029,NPP,stdev,0.5331808924674988
FGBNMS,2030,NPP,mean,35.77227783203125
FGBNMS,2030,NPP,stdev,0.5498198866844177
FGBNMS,2031,NPP,mean,35.55558776855469
FGBNMS,2031,NPP,stdev,0.4544651508331299
FGBNMS,2032,NPP,mean,35.339927673339844
FGBNMS,2032,NPP,stdev,0.3802025318145752
FGBNMS,2033,NPP,mean,34.946022033691406
FGBNMS,2033,NPP,stdev,0.4334092140197754
FGBNMS,2034,NPP,mean,35.59189987182617
FGBNMS,2034,NPP,stdev,0.474976509809494
FGBNMS,2035,NPP,mean,35.352569580078125
FGBNMS,2035,NPP,stdev,0.49154961109161377
FGBNMS,2036,NPP,mean,34.980350494384766
FGBNMS,2036,NPP,stdev,0.4562153220176697
FGBNMS,2037,NPP,mean,35.12398910522461
FGBNMS,2037,NPP,stdev,0.4297821819782257
FGBNMS,2038,NPP,mean,35.57654571533203
FGBNMS,2038,NPP,stdev,0.5296058654785156
FGBNMS,2039,NPP,mean,35.64815139770508
FGBNMS,2039,NPP,stdev,0.5111793279647827
FGBNMS,2040,NPP,mean,35.494834899902344
FGBNMS,2040,NPP,stdev,0.5677149295806885
FGBNMS,2041,NPP,mean,35.303348541259766
FGBNMS,2041,NPP,stdev,0.4596870541572571
FGBNMS,2042,NPP,mean,34.94023513793945
FGBNMS,2042,NPP,stdev,0.45054763555526733
FGBNMS,2043,NPP,mean,35.10187530517578
FGBNMS,2043,NPP,stdev,0.48356112837791443
FGBNMS,2044,NPP,mean,35.57899475097656
FGBNMS,2044,NPP,stdev,0.4317336082458496
FGBNMS,2045,NPP,mean,35.60578918457031
FGBNMS,2045,NPP,stdev,0.46975332498550415
FGBNMS,2046,NPP,mean,35.45127487182617
FGBNMS,2046,NPP,stdev,0.5051792860031128
FGBNMS,2047,NPP,mean,34.813472747802734
FGBNMS,2047,NPP,stdev,0.43598952889442444
FGBNMS,2048,NPP,mean,35.23987579345703
FGBNMS,2048,NPP,stdev,0.4001084566116333
FGBNMS,2049,NPP,mean,35.2691535949707
FGBNMS,2049,NPP,stdev,0.4407312572002411
FGBNMS,2050,NPP,mean,35.136146545410156
FGBNMS,2050,NPP,stdev,0.5149064660072327
FGBNMS,2051,NPP,mean,34.820308685302734
FGBNMS,2051,NPP,stdev,0.4473181664943695
FGBNMS,2052,NPP,mean,34.91950225830078
FGBNMS,2052,NPP,stdev,0.442528635263443
FGBNMS,2053,NPP,mean,35.54674530029297
FGBNMS,2053,NPP,stdev,0.4351499378681183
FGBNMS,2054,NPP,mean,34.77362060546875
FGBNMS,2054,NPP,stdev,0.4898664653301239
FGBNMS,2055,NPP,mean,35.149898529052734
FGBNMS,2055,NPP,stdev,0.4265536367893219
FGBNMS,2056,NPP,mean,34.98015594482422
FGBNMS,2056,NPP,stdev,0.5000213980674744
FGBNMS,2057,NPP,mean,35.109893798828125
FGBNMS,2057,NPP,stdev,0.4721542298793793
FGBNMS,2058,NPP,mean,34.3575439453125
FGBNMS,2058,NPP,stdev,0.4990568161010742
FGBNMS,2059,NPP,mean,34.63960647583008
FGBNMS,2059,NPP,stdev,0.41790980100631714
FGBNMS,2060,NPP,mean,34.45976638793945
FGBNMS,2060,NPP,stdev,0.41387295722961426
FGBNMS,2061,NPP,mean,34.7130241394043
FGBNMS,2061,NPP,stdev,0.4799470007419586
FGBNMS,2062,NPP,mean,34.49260711669922
FGBNMS,2062,NPP,stdev,0.499713271856308
FGBNMS,2063,NPP,mean,34.585208892822266
FGBNMS,2063,NPP,stdev,0.5289259552955627
FGBNMS,2064,NPP,mean,34.377140045166016
FGBNMS,2064,NPP,stdev,0.5561776161193848
FGBNMS,2065,NPP,mean,34.363182067871094
FGBNMS,2065,NPP,stdev,0.5772031545639038
FGBNMS,2066,NPP,mean,34.90102005004883
FGBNMS,2066,NPP,stdev,0.5611964464187622
FGBNMS,2067,NPP,mean,34.13872146606445
FGBNMS,2067,NPP,stdev,0.5631869435310364
FGBNMS,2068,NPP,mean,34.66664123535156
FGBNMS,2068,NPP,stdev,0.6052824258804321
FGBNMS,2069,NPP,mean,34.4788703918457
FGBNMS,2069,NPP,stdev,0.5438774824142456
FGBNMS,2070,NPP,mean,33.559417724609375
FGBNMS,2070,NPP,stdev,0.5889553427696228
FGBNMS,2071,NPP,mean,34.072540283203125
FGBNMS,2071,NPP,stdev,0.6249991059303284
FGBNMS,2072,NPP,mean,34.02360916137695
FGBNMS,2072,NPP,stdev,0.6530731916427612
FGBNMS,2073,NPP,mean,33.45585632324219
FGBNMS,2073,NPP,stdev,0.6184529662132263
FGBNMS,2074,NPP,mean,33.858489990234375
FGBNMS,2074,NPP,stdev,0.6867794990539551
FGBNMS,2075,NPP,mean,34.0505256652832
FGBNMS,2075,NPP,stdev,0.6591793894767761
FGBNMS,2076,NPP,mean,32.774906158447266
FGBNMS,2076,NPP,stdev,0.6408855319023132
FGBNMS,2077,NPP,mean,33.86914825439453
FGBNMS,2077,NPP,stdev,0.6783759593963623
FGBNMS,2078,NPP,mean,32.937625885009766
FGBNMS,2078,NPP,stdev,0.6112291216850281
FGBNMS,2079,NPP,mean,33.14677810668945
FGBNMS,2079,NPP,stdev,0.6502407193183899
FGBNMS,2080,NPP,mean,33.672096252441406
FGBNMS,2080,NPP,stdev,0.670412540435791
FGBNMS,2081,NPP,mean,32.74272155761719
FGBNMS,2081,NPP,stdev,0.6770368814468384
FGBNMS,2082,NPP,mean,33.03758239746094
FGBNMS,2082,NPP,stdev,0.7401759028434753
FGBNMS,2083,NPP,mean,33.59440231323242
FGBNMS,2083,NPP,stdev,0.726107120513916
FGBNMS,2084,NPP,mean,32.9552116394043
FGBNMS,2084,NPP,stdev,0.6827191710472107
FGBNMS,2085,NPP,mean,33.85746383666992
FGBNMS,2085,NPP,stdev,0.7340108156204224
FGBNMS,2086,NPP,mean,32.912513732910156
FGBNMS,2086,NPP,stdev,0.7145028114318848
FGBNMS,2087,NPP,mean,33.294944763183594
FGBNMS,2087,NPP,stdev,0.715453565120697
FGBNMS,2088,NPP,mean,33.33055877685547
FGBNMS,2088,NPP,stdev,0.6998587250709534
FGBNMS,2089,NPP,mean,32.427127838134766
FGBNMS,2089,NPP,stdev,0.6157625317573547
FGBNMS,2090,NPP,mean,32.73372268676758
FGBNMS,2090,NPP,stdev,0.6978604793548584
FGBNMS,2091,NPP,mean,32.211978912353516
FGBNMS,2091,NPP,stdev,0.7031258344650269
FGBNMS,2092,NPP,mean,32.65106964111328
FGBNMS,2092,NPP,stdev,0.6615440249443054
FGBNMS,2093,NPP,mean,32.26264572143555
FGBNMS,2093,NPP,stdev,0.6749382615089417
FGBNMS,2094,NPP,mean,32.37850570678711
FGBNMS,2094,NPP,stdev,0.6762463450431824
FGBNMS,2095,NPP,mean,32.13056945800781
FGBNMS,2095,NPP,stdev,0.653903067111969
FGBNMS,2096,NPP,mean,31.98244285583496
FGBNMS,2096,NPP,stdev,0.7103750705718994
FGBNMS,2097,NPP,mean,32.48752212524414
FGBNMS,2097,NPP,stdev,0.698318362236023
FGBNMS,2098,NPP,mean,32.38157653808594
FGBNMS,2098,NPP,stdev,0.6816174983978271
FGBNMS,2099,NPP,mean,32.144596099853516
FGBNMS,2099,NPP,stdev,0.7321327328681946
FGBNMS,2100,NPP,mean,32.604591369628906
FGBNMS,2100,NPP,stdev,0.7374545931816101
FKNMS,1990,NPP,mean,32.66361999511719
FKNMS,1990,NPP,stdev,0.4753774106502533
FKNMS,1991,NPP,mean,32.37461471557617
FKNMS,1991,NPP,stdev,0.48614755272865295
FKNMS,1992,NPP,mean,32.50825119018555
FKNMS,1992,NPP,stdev,0.548372209072113
FKNMS,1993,NPP,mean,32.77528762817383
FKNMS,1993,NPP,stdev,0.49880462884902954
FKNMS,1994,NPP,mean,32.714115142822266
FKNMS,1994,NPP,stdev,0.48016270995140076
FKNMS,1995,NPP,mean,32.96627426147461
FKNMS,1995,NPP,stdev,0.4972537159919739
FKNMS,1996,NPP,mean,32.59798049926758
FKNMS,1996,NPP,stdev,0.47684445977211
FKNMS,1997,NPP,mean,32.74338150024414
FKNMS,1997,NPP,stdev,0.4565180540084839
FKNMS,1998,NPP,mean,32.83256530761719
FKNMS,1998,NPP,stdev,0.4723946154117584
FKNMS,1999,NPP,mean,32.87445831298828
FKNMS,1999,NPP,stdev,0.45524346828460693
FKNMS,2000,NPP,mean,32.79026794433594
FKNMS,2000,NPP,stdev,0.46637097001075745
FKNMS,2001,NPP,mean,32.81672286987305
FKNMS,2001,NPP,stdev,0.48592379689216614
FKNMS,2002,NPP,mean,32.8164176940918
FKNMS,2002,NPP,stdev,0.4552857577800751
FKNMS,2003,NPP,mean,32.97225570678711
FKNMS,2003,NPP,stdev,0.4792313873767853
FKNMS,2004,NPP,mean,32.93433380126953
FKNMS,2004,NPP,stdev,0.4627627432346344
FKNMS,2005,NPP,mean,32.891029357910156
FKNMS,2005,NPP,stdev,0.4951122999191284
FKNMS,2006,NPP,mean,32.87821960449219
FKNMS,2006,NPP,stdev,0.4518299400806427
FKNMS,2007,NPP,mean,32.89884567260742
FKNMS,2007,NPP,stdev,0.44687482714653015
FKNMS,2008,NPP,mean,32.87486267089844
FKNMS,2008,NPP,stdev,0.45899879932403564
FKNMS,2009,NPP,mean,32.87457275390625
FKNMS,2009,NPP,stdev,0.46629515290260315
FKNMS,2010,NPP,mean,33.03406524658203
FKNMS,2010,NPP,stdev,0.4654516875743866
FKNMS,2011,NPP,mean,32.92844772338867
FKNMS,2011,NPP,stdev,0.48373299837112427
FKNMS,2012,NPP,mean,32.9426155090332
FKNMS,2012,NPP,stdev,0.47516143321990967
FKNMS,2013,NPP,mean,32.9149169921875
FKNMS,2013,NPP,stdev,0.482020765542984
FKNMS,2014,NPP,mean,32.96491622924805
FKNMS,2014,NPP,stdev,0.4593116343021393
FKNMS,2015,NPP,mean,32.8621711730957
FKNMS,2015,NPP,stdev,0.46578702330589294
FKNMS,2016,NPP,mean,32.97551345825195
FKNMS,2016,NPP,stdev,0.47980383038520813
FKNMS,2017,NPP,mean,32.89423370361328
FKNMS,2017,NPP,stdev,0.5056220293045044
FKNMS,2018,NPP,mean,32.8022346496582
FKNMS,2018,NPP,stdev,0.4541741907596588
FKNMS,2019,NPP,mean,32.8806037902832
FKNMS,2019,NPP,stdev,0.4719436466693878
FKNMS,2020,NPP,mean,32.85449981689453
FKNMS,2020,NPP,stdev,0.4819084703922272
FKNMS,2021,NPP,mean,32.99452590942383
FKNMS,2021,NPP,stdev,0.4752063751220703
FKNMS,2022,NPP,mean,32.87207794189453
FKNMS,2022,NPP,stdev,0.47439268231391907
FKNMS,2023,NPP,mean,32.86385726928711
FKNMS,2023,NPP,stdev,0.4589758813381195
FKNMS,2024,NPP,mean,32.81924819946289
FKNMS,2024,NPP,stdev,0.4798942804336548
FKNMS,2025,NPP,mean,32.920082092285156
FKNMS,2025,NPP,stdev,0.49512773752212524
FKNMS,2026,NPP,mean,32.79119110107422
FKNMS,2026,NPP,stdev,0.4817943274974823
FKNMS,2027,NPP,mean,33.097991943359375
FKNMS,2027,NPP,stdev,0.4988804757595062
FKNMS,2028,NPP,mean,32.885154724121094
FKNMS,2028,NPP,stdev,0.49793368577957153
FKNMS,2029,NPP,mean,32.99728775024414
FKNMS,2029,NPP,stdev,0.4857984185218811
FKNMS,2030,NPP,mean,32.885643005371094
FKNMS,2030,NPP,stdev,0.4723188877105713
FKNMS,2031,NPP,mean,32.84115982055664
FKNMS,2031,NPP,stdev,0.5009375214576721
FKNMS,2032,NPP,mean,32.88392639160156
FKNMS,2032,NPP,stdev,0.4842914044857025
FKNMS,2033,NPP,mean,32.88532257080078
FKNMS,2033,NPP,stdev,0.4677777588367462
FKNMS,2034,NPP,mean,32.8232421875
FKNMS,2034,NPP,stdev,0.48390015959739685
FKNMS,2035,NPP,mean,32.66079330444336
FKNMS,2035,NPP,stdev,0.4842172861099243
FKNMS,2036,NPP,mean,32.734375
FKNMS,2036,NPP,stdev,0.46840083599090576
FKNMS,2037,NPP,mean,32.683284759521484
FKNMS,2037,NPP,stdev,0.5049800872802734
FKNMS,2038,NPP,mean,32.66207504272461
FKNMS,2038,NPP,stdev,0.4860660433769226
FKNMS,2039,NPP,mean,32.76585006713867
FKNMS,2039,NPP,stdev,0.5099353790283203
FKNMS,2040,NPP,mean,32.724647521972656
FKNMS,2040,NPP,stdev,0.47794947028160095
FKNMS,2041,NPP,mean,32.77976989746094
FKNMS,2041,NPP,stdev,0.4979136288166046
FKNMS,2042,NPP,mean,32.8878288269043
FKNMS,2042,NPP,stdev,0.48262158036231995
FKNMS,2043,NPP,mean,32.60683822631836
FKNMS,2043,NPP,stdev,0.4724794924259186
FKNMS,2044,NPP,mean,32.85568618774414
FKNMS,2044,NPP,stdev,0.5192363858222961
FKNMS,2045,NPP,mean,33.09941482543945
FKNMS,2045,NPP,stdev,0.5022314190864563
FKNMS,2046,NPP,mean,32.87824630737305
FKNMS,2046,NPP,stdev,0.5130355954170227
FKNMS,2047,NPP,mean,32.791961669921875
FKNMS,2047,NPP,stdev,0.48083993792533875
FKNMS,2048,NPP,mean,32.87704086303711
FKNMS,2048,NPP,stdev,0.492779016494751
FKNMS,2049,NPP,mean,32.75803756713867
FKNMS,2049,NPP,stdev,0.4870810806751251
FKNMS,2050,NPP,mean,32.7879638671875
FKNMS,2050,NPP,stdev,0.4935302734375
FKNMS,2051,NPP,mean,32.691551208496094
FKNMS,2051,NPP,stdev,0.5020701289176941
FKNMS,2052,NPP,mean,32.610107421875
FKNMS,2052,NPP,stdev,0.4945486783981323
FKNMS,2053,NPP,mean,32.872982025146484
FKNMS,2053,NPP,stdev,0.52498859167099
FKNMS,2054,NPP,mean,32.69587707519531
FKNMS,2054,NPP,stdev,0.5008185505867004
FKNMS,2055,NPP,mean,32.950172424316406
FKNMS,2055,NPP,stdev,0.5091358423233032
FKNMS,2056,NPP,mean,32.78162384033203
FKNMS,2056,NPP,stdev,0.5034740567207336
FKNMS,2057,NPP,mean,32.5750846862793
FKNMS,2057,NPP,stdev,0.530714213848114
FKNMS,2058,NPP,mean,32.70700454711914
FKNMS,2058,NPP,stdev,0.5062482357025146
FKNMS,2059,NPP,mean,32.76081085205078
FKNMS,2059,NPP,stdev,0.5193053483963013
FKNMS,2060,NPP,mean,32.78832244873047
FKNMS,2060,NPP,stdev,0.5006081461906433
FKNMS,2061,NPP,mean,32.73921203613281
FKNMS,2061,NPP,stdev,0.5133010149002075
FKNMS,2062,NPP,mean,32.79456329345703
FKNMS,2062,NPP,stdev,0.5160883665084839
FKNMS,2063,NPP,mean,32.59211730957031
FKNMS,2063,NPP,stdev,0.5200150012969971
FKNMS,2064,NPP,mean,32.56576919555664
FKNMS,2064,NPP,stdev,0.5165913701057434
FKNMS,2065,NPP,mean,32.6544189453125
FKNMS,2065,NPP,stdev,0.5235259532928467
FKNMS,2066,NPP,mean,32.56587600708008
FKNMS,2066,NPP,stdev,0.5372597575187683
FKNMS,2067,NPP,mean,32.4141960144043
FKNMS,2067,NPP,stdev,0.5182694792747498
FKNMS,2068,NPP,mean,32.59080123901367
FKNMS,2068,NPP,stdev,0.5060852766036987
FKNMS,2069,NPP,mean,32.367034912109375
FKNMS,2069,NPP,stdev,0.547580361366272
FKNMS,2070,NPP,mean,32.31296157836914
FKNMS,2070,NPP,stdev,0.528839111328125
FKNMS,2071,NPP,mean,32.30030059814453
FKNMS,2071,NPP,stdev,0.5237464308738708
FKNMS,2072,NPP,mean,32.2325439453125
FKNMS,2072,NPP,stdev,0.5330474972724915
FKNMS,2073,NPP,mean,32.145172119140625
FKNMS,2073,NPP,stdev,0.5241500735282898
FKNMS,2074,NPP,mean,32.14646911621094
FKNMS,2074,NPP,stdev,0.5262202620506287
FKNMS,2075,NPP,mean,32.243465423583984
FKNMS,2075,NPP,stdev,0.541161298751831
FKNMS,2076,NPP,mean,32.192108154296875
FKNMS,2076,NPP,stdev,0.5015109181404114
FKNMS,2077,NPP,mean,32.176143646240234
FKNMS,2077,NPP,stdev,0.5436283349990845
FKNMS,2078,NPP,mean,31.755807876586914
FKNMS,2078,NPP,stdev,0.5099895596504211
FKNMS,2079,NPP,mean,31.860881805419922
FKNMS,2079,NPP,stdev,0.5130209922790527
FKNMS,2080,NPP,mean,31.83722496032715
FKNMS,2080,NPP,stdev,0.5359086394309998
FKNMS,2081,NPP,mean,31.72705841064453
FKNMS,2081,NPP,stdev,0.5069139003753662
FKNMS,2082,NPP,mean,31.699771881103516
FKNMS,2082,NPP,stdev,0.5015996694564819
FKNMS,2083,NPP,mean,31.53901481628418
FKNMS,2083,NPP,stdev,0.5411607623100281
FKNMS,2084,NPP,mean,31.572269439697266
FKNMS,2084,NPP,stdev,0.5059043765068054
FKNMS,2085,NPP,mean,31.342458724975586
FKNMS,2085,NPP,stdev,0.5299006700515747
FKNMS,2086,NPP,mean,31.009382247924805
FKNMS,2086,NPP,stdev,0.4986232817173004
FKNMS,2087,NPP,mean,31.165678024291992
FKNMS,2087,NPP,stdev,0.494913786649704
FKNMS,2088,NPP,mean,31.098236083984375
FKNMS,2088,NPP,stdev,0.5041184425354004
FKNMS,2089,NPP,mean,30.80295753479004
FKNMS,2089,NPP,stdev,0.481855183839798
FKNMS,2090,NPP,mean,30.633647918701172
FKNMS,2090,NPP,stdev,0.48681408166885376
FKNMS,2091,NPP,mean,30.331544876098633
FKNMS,2091,NPP,stdev,0.4748890995979309
FKNMS,2092,NPP,mean,30.298234939575195
FKNMS,2092,NPP,stdev,0.47457408905029297
FKNMS,2093,NPP,mean,30.259336471557617
FKNMS,2093,NPP,stdev,0.494488388299942
FKNMS,2094,NPP,mean,29.992589950561523
FKNMS,2094,NPP,stdev,0.4738880693912506
FKNMS,2095,NPP,mean,29.67357063293457
FKNMS,2095,NPP,stdev,0.4828888177871704
FKNMS,2096,NPP,mean,29.485546112060547
FKNMS,2096,NPP,stdev,0.4659845232963562
FKNMS,2097,NPP,mean,29.64306640625
FKNMS,2097,NPP,stdev,0.4673801362514496
FKNMS,2098,NPP,mean,29.437610626220703
FKNMS,2098,NPP,stdev,0.4945918321609497
FKNMS,2099,NPP,mean,28.948402404785156
FKNMS,2099,NPP,stdev,0.4834008514881134
FKNMS,2100,NPP,mean,28.728702545166016
FKNMS,2100,NPP,stdev,0.49240508675575256
GFNMS,1990,NPP,mean,43.390533447265625
GFNMS,1990,NPP,stdev,1.4397541284561157
GFNMS,1991,NPP,mean,42.74599075317383
GFNMS,1991,NPP,stdev,1.694175124168396
GFNMS,1992,NPP,mean,43.315914154052734
GFNMS,1992,NPP,stdev,1.7685792446136475
GFNMS,1993,NPP,mean,44.1705207824707
GFNMS,1993,NPP,stdev,2.0753214359283447
GFNMS,1994,NPP,mean,44.29308319091797
GFNMS,1994,NPP,stdev,1.9713821411132812
GFNMS,1995,NPP,mean,45.384708404541016
GFNMS,1995,NPP,stdev,1.6693320274353027
GFNMS,1996,NPP,mean,44.803646087646484
GFNMS,1996,NPP,stdev,2.1353774070739746
GFNMS,1997,NPP,mean,44.21928787231445
GFNMS,1997,NPP,stdev,1.8367502689361572
GFNMS,1998,NPP,mean,43.64948654174805
GFNMS,1998,NPP,stdev,1.7641022205352783
GFNMS,1999,NPP,mean,44.766326904296875
GFNMS,1999,NPP,stdev,1.7149358987808228
GFNMS,2000,NPP,mean,44.89445877075195
GFNMS,2000,NPP,stdev,1.5717965364456177
GFNMS,2001,NPP,mean,44.021541595458984
GFNMS,2001,NPP,stdev,1.7461751699447632
GFNMS,2002,NPP,mean,43.77647399902344
GFNMS,2002,NPP,stdev,1.6232839822769165
GFNMS,2003,NPP,mean,44.415191650390625
GFNMS,2003,NPP,stdev,1.8204309940338135
GFNMS,2004,NPP,mean,44.45405578613281
GFNMS,2004,NPP,stdev,1.7506953477859497
GFNMS,2005,NPP,mean,44.673458099365234
GFNMS,2005,NPP,stdev,1.8454097509384155
GFNMS,2006,NPP,mean,44.98368453979492
GFNMS,2006,NPP,stdev,1.8071588277816772
GFNMS,2007,NPP,mean,44.85810470581055
GFNMS,2007,NPP,stdev,1.6866964101791382
GFNMS,2008,NPP,mean,44.4431037902832
GFNMS,2008,NPP,stdev,1.7155466079711914
GFNMS,2009,NPP,mean,44.55882263183594
GFNMS,2009,NPP,stdev,1.9142283201217651
GFNMS,2010,NPP,mean,44.9376220703125
GFNMS,2010,NPP,stdev,1.533128023147583
GFNMS,2011,NPP,mean,44.53386688232422
GFNMS,2011,NPP,stdev,1.6092652082443237
GFNMS,2012,NPP,mean,44.321205139160156
GFNMS,2012,NPP,stdev,2.0696442127227783
GFNMS,2013,NPP,mean,44.96390914916992
GFNMS,2013,NPP,stdev,2.0110204219818115
GFNMS,2014,NPP,mean,44.539390563964844
GFNMS,2014,NPP,stdev,1.4978845119476318
GFNMS,2015,NPP,mean,45.07655715942383
GFNMS,2015,NPP,stdev,1.6714152097702026
GFNMS,2016,NPP,mean,44.81693649291992
GFNMS,2016,NPP,stdev,1.8315370082855225
GFNMS,2017,NPP,mean,44.39857482910156
GFNMS,2017,NPP,stdev,1.5148652791976929
GFNMS,2018,NPP,mean,45.416194915771484
GFNMS,2018,NPP,stdev,1.992504596710205
GFNMS,2019,NPP,mean,44.28776168823242
GFNMS,2019,NPP,stdev,1.714297890663147
GFNMS,2020,NPP,mean,44.03071975708008
GFNMS,2020,NPP,stdev,1.5094441175460815
GFNMS,2021,NPP,mean,44.477867126464844
GFNMS,2021,NPP,stdev,1.7701016664505005
GFNMS,2022,NPP,mean,44.637847900390625
GFNMS,2022,NPP,stdev,1.6448495388031006
GFNMS,2023,NPP,mean,45.723899841308594
GFNMS,2023,NPP,stdev,1.8075482845306396
GFNMS,2024,NPP,mean,44.992156982421875
GFNMS,2024,NPP,stdev,1.7112864255905151
GFNMS,2025,NPP,mean,44.851497650146484
GFNMS,2025,NPP,stdev,1.5974690914154053
GFNMS,2026,NPP,mean,44.841487884521484
GFNMS,2026,NPP,stdev,1.9474494457244873
GFNMS,2027,NPP,mean,44.841800689697266
GFNMS,2027,NPP,stdev,1.7251087427139282
GFNMS,2028,NPP,mean,44.58207321166992
GFNMS,2028,NPP,stdev,1.5522726774215698
GFNMS,2029,NPP,mean,44.56374740600586
GFNMS,2029,NPP,stdev,1.6741193532943726
GFNMS,2030,NPP,mean,44.83200454711914
GFNMS,2030,NPP,stdev,1.5478525161743164
GFNMS,2031,NPP,mean,45.02263259887695
GFNMS,2031,NPP,stdev,1.8244831562042236
GFNMS,2032,NPP,mean,45.09099578857422
GFNMS,2032,NPP,stdev,1.998457431793213
GFNMS,2033,NPP,mean,44.404991149902344
GFNMS,2033,NPP,stdev,1.646934151649475
GFNMS,2034,NPP,mean,44.187374114990234
GFNMS,2034,NPP,stdev,1.881837010383606
GFNMS,2035,NPP,mean,43.969120025634766
GFNMS,2035,NPP,stdev,1.9123754501342773
GFNMS,2036,NPP,mean,43.91428756713867
GFNMS,2036,NPP,stdev,1.3548173904418945
GFNMS,2037,NPP,mean,44.66243362426758
GFNMS,2037,NPP,stdev,1.4514299631118774
GFNMS,2038,NPP,mean,44.90262985229492
GFNMS,2038,NPP,stdev,1.760616660118103
GFNMS,2039,NPP,mean,44.71883773803711
GFNMS,2039,NPP,stdev,1.4552156925201416
GFNMS,2040,NPP,mean,44.2699089050293
GFNMS,2040,NPP,stdev,1.6602118015289307
GFNMS,2041,NPP,mean,43.85700988769531
GFNMS,2041,NPP,stdev,1.4684596061706543
GFNMS,2042,NPP,mean,45.507102966308594
GFNMS,2042,NPP,stdev,1.5305062532424927
GFNMS,2043,NPP,mean,45.349849700927734
GFNMS,2043,NPP,stdev,1.4526824951171875
GFNMS,2044,NPP,mean,43.476478576660156
GFNMS,2044,NPP,stdev,1.5287926197052002
GFNMS,2045,NPP,mean,44.32670211791992
GFNMS,2045,NPP,stdev,1.6235729455947876
GFNMS,2046,NPP,mean,43.96488571166992
GFNMS,2046,NPP,stdev,1.6568379402160645
GFNMS,2047,NPP,mean,44.267208099365234
GFNMS,2047,NPP,stdev,1.4354571104049683
GFNMS,2048,NPP,mean,44.400489807128906
GFNMS,2048,NPP,stdev,1.4440499544143677
GFNMS,2049,NPP,mean,44.56715393066406
GFNMS,2049,NPP,stdev,1.7288304567337036
GFNMS,2050,NPP,mean,44.289581298828125
GFNMS,2050,NPP,stdev,1.6886812448501587
GFNMS,2051,NPP,mean,44.40181350708008
GFNMS,2051,NPP,stdev,1.6074563264846802
GFNMS,2052,NPP,mean,45.0837287902832
GFNMS,2052,NPP,stdev,1.4798794984817505
GFNMS,2053,NPP,mean,44.803253173828125
GFNMS,2053,NPP,stdev,1.6082590818405151
GFNMS,2054,NPP,mean,44.11922073364258
GFNMS,2054,NPP,stdev,1.6484471559524536
GFNMS,2055,NPP,mean,43.819915771484375
GFNMS,2055,NPP,stdev,1.2738311290740967
GFNMS,2056,NPP,mean,44.34294128417969
GFNMS,2056,NPP,stdev,1.7769279479980469
GFNMS,2057,NPP,mean,44.0262565612793
GFNMS,2057,NPP,stdev,1.6734039783477783
GFNMS,2058,NPP,mean,44.835811614990234
GFNMS,2058,NPP,stdev,1.7895393371582031
GFNMS,2059,NPP,mean,44.509639739990234
GFNMS,2059,NPP,stdev,1.5421488285064697
GFNMS,2060,NPP,mean,44.02116775512695
GFNMS,2060,NPP,stdev,1.540184736251831
GFNMS,2061,NPP,mean,43.86612319946289
GFNMS,2061,NPP,stdev,1.3815675973892212
GFNMS,2062,NPP,mean,44.352210998535156
GFNMS,2062,NPP,stdev,1.3269051313400269
GFNMS,2063,NPP,mean,43.786170959472656
GFNMS,2063,NPP,stdev,1.289686918258667
GFNMS,2064,NPP,mean,44.23115921020508
GFNMS,2064,NPP,stdev,1.6250154972076416
GFNMS,2065,NPP,mean,44.415252685546875
GFNMS,2065,NPP,stdev,1.7372725009918213
GFNMS,2066,NPP,mean,43.466697692871094
GFNMS,2066,NPP,stdev,1.3307961225509644
GFNMS,2067,NPP,mean,43.92549133300781
GFNMS,2067,NPP,stdev,1.371529221534729
GFNMS,2068,NPP,mean,43.61389923095703
GFNMS,2068,NPP,stdev,1.5961531400680542
GFNMS,2069,NPP,mean,44.02751159667969
GFNMS,2069,NPP,stdev,1.5867903232574463
GFNMS,2070,NPP,mean,44.36238098144531
GFNMS,2070,NPP,stdev,1.3695590496063232
GFNMS,2071,NPP,mean,43.34975051879883
GFNMS,2071,NPP,stdev,1.5587176084518433
GFNMS,2072,NPP,mean,43.662654876708984
GFNMS,2072,NPP,stdev,1.5286931991577148
GFNMS,2073,NPP,mean,44.0545539855957
GFNMS,2073,NPP,stdev,1.5244553089141846
GFNMS,2074,NPP,mean,43.046810150146484
GFNMS,2074,NPP,stdev,1.510572075843811
GFNMS,2075,NPP,mean,43.04642868041992
GFNMS,2075,NPP,stdev,1.3883168697357178
GFNMS,2076,NPP,mean,43.85393524169922
GFNMS,2076,NPP,stdev,1.5446783304214478
GFNMS,2077,NPP,mean,43.807403564453125
GFNMS,2077,NPP,stdev,1.4303990602493286
GFNMS,2078,NPP,mean,43.72015380859375
GFNMS,2078,NPP,stdev,1.500920057296753
GFNMS,2079,NPP,mean,43.88374710083008
GFNMS,2079,NPP,stdev,1.5953930616378784
GFNMS,2080,NPP,mean,44.0753173828125
GFNMS,2080,NPP,stdev,1.4000701904296875
GFNMS,2081,NPP,mean,43.655269622802734
GFNMS,2081,NPP,stdev,1.689310908317566
GFNMS,2082,NPP,mean,42.16460037231445
GFNMS,2082,NPP,stdev,1.4028438329696655
GFNMS,2083,NPP,mean,43.134307861328125
GFNMS,2083,NPP,stdev,1.6837149858474731
GFNMS,2084,NPP,mean,43.667701721191406
GFNMS,2084,NPP,stdev,1.5191971063613892
GFNMS,2085,NPP,mean,42.47126007080078
GFNMS,2085,NPP,stdev,1.620955228805542
GFNMS,2086,NPP,mean,43.742069244384766
GFNMS,2086,NPP,stdev,1.6030893325805664
GFNMS,2087,NPP,mean,43.14952087402344
GFNMS,2087,NPP,stdev,1.4679946899414062
GFNMS,2088,NPP,mean,43.466148376464844
GFNMS,2088,NPP,stdev,1.5923558473587036
GFNMS,2089,NPP,mean,43.44956588745117
GFNMS,2089,NPP,stdev,1.6450906991958618
GFNMS,2090,NPP,mean,43.06683349609375
GFNMS,2090,NPP,stdev,1.4815411567687988
GFNMS,2091,NPP,mean,42.87894058227539
GFNMS,2091,NPP,stdev,1.4718551635742188
GFNMS,2092,NPP,mean,43.07421112060547
GFNMS,2092,NPP,stdev,1.6177078485488892
GFNMS,2093,NPP,mean,43.228851318359375
GFNMS,2093,NPP,stdev,1.6331638097763062
GFNMS,2094,NPP,mean,43.25039291381836
GFNMS,2094,NPP,stdev,1.460708498954773
GFNMS,2095,NPP,mean,43.399314880371094
GFNMS,2095,NPP,stdev,1.2073503732681274
GFNMS,2096,NPP,mean,43.075191497802734
GFNMS,2096,NPP,stdev,1.5451226234436035
GFNMS,2097,NPP,mean,42.31580352783203
GFNMS,2097,NPP,stdev,1.4632097482681274
GFNMS,2098,NPP,mean,42.056976318359375
GFNMS,2098,NPP,stdev,1.6548835039138794
GFNMS,2099,NPP,mean,43.30177688598633
GFNMS,2099,NPP,stdev,1.5623966455459595
GFNMS,2100,NPP,mean,42.259925842285156
GFNMS,2100,NPP,stdev,1.706626534461975
GRNMS,1990,NPP,mean,26.546411514282227
GRNMS,1990,NPP,stdev,0
GRNMS,1991,NPP,mean,26.128902435302734
GRNMS,1991,NPP,stdev,0
GRNMS,1992,NPP,mean,26.696136474609375
GRNMS,1992,NPP,stdev,0
GRNMS,1993,NPP,mean,26.59809684753418
GRNMS,1993,NPP,stdev,0
GRNMS,1994,NPP,mean,26.719816207885742
GRNMS,1994,NPP,stdev,0
GRNMS,1995,NPP,mean,26.70252799987793
GRNMS,1995,NPP,stdev,0
GRNMS,1996,NPP,mean,26.37482261657715
GRNMS,1996,NPP,stdev,0
GRNMS,1997,NPP,mean,26.30974769592285
GRNMS,1997,NPP,stdev,0
GRNMS,1998,NPP,mean,26.30052947998047
GRNMS,1998,NPP,stdev,0
GRNMS,1999,NPP,mean,25.854585647583008
GRNMS,1999,NPP,stdev,0
GRNMS,2000,NPP,mean,25.972524642944336
GRNMS,2000,NPP,stdev,0
GRNMS,2001,NPP,mean,26.111894607543945
GRNMS,2001,NPP,stdev,0
GRNMS,2002,NPP,mean,25.722230911254883
GRNMS,2002,NPP,stdev,0
GRNMS,2003,NPP,mean,25.947479248046875
GRNMS,2003,NPP,stdev,0
GRNMS,2004,NPP,mean,25.824974060058594
GRNMS,2004,NPP,stdev,0
GRNMS,2005,NPP,mean,26.119356155395508
GRNMS,2005,NPP,stdev,0
GRNMS,2006,NPP,mean,25.740568161010742
GRNMS,2006,NPP,stdev,0
GRNMS,2007,NPP,mean,25.856828689575195
GRNMS,2007,NPP,stdev,0
GRNMS,2008,NPP,mean,25.91652488708496
GRNMS,2008,NPP,stdev,0
GRNMS,2009,NPP,mean,25.823781967163086
GRNMS,2009,NPP,stdev,0
GRNMS,2010,NPP,mean,26.087646484375
GRNMS,2010,NPP,stdev,0
GRNMS,2011,NPP,mean,25.842910766601562
GRNMS,2011,NPP,stdev,0
GRNMS,2012,NPP,mean,25.871578216552734
GRNMS,2012,NPP,stdev,0
GRNMS,2013,NPP,mean,25.698081970214844
GRNMS,2013,NPP,stdev,0
GRNMS,2014,NPP,mean,25.754560470581055
GRNMS,2014,NPP,stdev,0
GRNMS,2015,NPP,mean,25.5256290435791
GRNMS,2015,NPP,stdev,0
GRNMS,2016,NPP,mean,25.602069854736328
GRNMS,2016,NPP,stdev,0
GRNMS,2017,NPP,mean,25.512863159179688
GRNMS,2017,NPP,stdev,0
GRNMS,2018,NPP,mean,25.447635650634766
GRNMS,2018,NPP,stdev,0
GRNMS,2019,NPP,mean,25.56715965270996
GRNMS,2019,NPP,stdev,0
GRNMS,2020,NPP,mean,25.447877883911133
GRNMS,2020,NPP,stdev,0
GRNMS,2021,NPP,mean,25.48262596130371
GRNMS,2021,NPP,stdev,0
GRNMS,2022,NPP,mean,25.610780715942383
GRNMS,2022,NPP,stdev,0
GRNMS,2023,NPP,mean,25.318635940551758
GRNMS,2023,NPP,stdev,0
GRNMS,2024,NPP,mean,25.81831932067871
GRNMS,2024,NPP,stdev,0
GRNMS,2025,NPP,mean,25.899946212768555
GRNMS,2025,NPP,stdev,0
GRNMS,2026,NPP,mean,25.76974105834961
GRNMS,2026,NPP,stdev,0
GRNMS,2027,NPP,mean,25.64251136779785
GRNMS,2027,NPP,stdev,0
GRNMS,2028,NPP,mean,25.90434455871582
GRNMS,2028,NPP,stdev,0
GRNMS,2029,NPP,mean,25.894615173339844
GRNMS,2029,NPP,stdev,0
GRNMS,2030,NPP,mean,25.78278923034668
GRNMS,2030,NPP,stdev,0
GRNMS,2031,NPP,mean,25.427717208862305
GRNMS,2031,NPP,stdev,0
GRNMS,2032,NPP,mean,25.527992248535156
GRNMS,2032,NPP,stdev,0
GRNMS,2033,NPP,mean,25.18758773803711
GRNMS,2033,NPP,stdev,0
GRNMS,2034,NPP,mean,25.652734756469727
GRNMS,2034,NPP,stdev,0
GRNMS,2035,NPP,mean,25.24867057800293
GRNMS,2035,NPP,stdev,0
GRNMS,2036,NPP,mean,25.145259857177734
GRNMS,2036,NPP,stdev,0
GRNMS,2037,NPP,mean,25.173290252685547
GRNMS,2037,NPP,stdev,0
GRNMS,2038,NPP,mean,25.307586669921875
GRNMS,2038,NPP,stdev,0
GRNMS,2039,NPP,mean,25.290531158447266
GRNMS,2039,NPP,stdev,0
GRNMS,2040,NPP,mean,25.43440055847168
GRNMS,2040,NPP,stdev,0
GRNMS,2041,NPP,mean,25.449310302734375
GRNMS,2041,NPP,stdev,0
GRNMS,2042,NPP,mean,24.981351852416992
GRNMS,2042,NPP,stdev,0
GRNMS,2043,NPP,mean,25.27353286743164
GRNMS,2043,NPP,stdev,0
GRNMS,2044,NPP,mean,25.813819885253906
GRNMS,2044,NPP,stdev,0
GRNMS,2045,NPP,mean,25.74073600769043
GRNMS,2045,NPP,stdev,0
GRNMS,2046,NPP,mean,25.37147331237793
GRNMS,2046,NPP,stdev,0
GRNMS,2047,NPP,mean,25.034427642822266
GRNMS,2047,NPP,stdev,0
GRNMS,2048,NPP,mean,25.4702091217041
GRNMS,2048,NPP,stdev,0
GRNMS,2049,NPP,mean,25.309680938720703
GRNMS,2049,NPP,stdev,0
GRNMS,2050,NPP,mean,25.30422019958496
GRNMS,2050,NPP,stdev,0
GRNMS,2051,NPP,mean,25.19849967956543
GRNMS,2051,NPP,stdev,0
GRNMS,2052,NPP,mean,25.18190574645996
GRNMS,2052,NPP,stdev,0
GRNMS,2053,NPP,mean,25.46065330505371
GRNMS,2053,NPP,stdev,0
GRNMS,2054,NPP,mean,25.160507202148438
GRNMS,2054,NPP,stdev,0
GRNMS,2055,NPP,mean,25.560134887695312
GRNMS,2055,NPP,stdev,0
GRNMS,2056,NPP,mean,25.26654815673828
GRNMS,2056,NPP,stdev,0
GRNMS,2057,NPP,mean,25.454540252685547
GRNMS,2057,NPP,stdev,0
GRNMS,2058,NPP,mean,25.22964096069336
GRNMS,2058,NPP,stdev,0
GRNMS,2059,NPP,mean,25.169233322143555
GRNMS,2059,NPP,stdev,0
GRNMS,2060,NPP,mean,24.97307777404785
GRNMS,2060,NPP,stdev,0
GRNMS,2061,NPP,mean,25.325735092163086
GRNMS,2061,NPP,stdev,0
GRNMS,2062,NPP,mean,25.049388885498047
GRNMS,2062,NPP,stdev,0
GRNMS,2063,NPP,mean,24.9757022857666
GRNMS,2063,NPP,stdev,0
GRNMS,2064,NPP,mean,24.733570098876953
GRNMS,2064,NPP,stdev,0
GRNMS,2065,NPP,mean,24.672836303710938
GRNMS,2065,NPP,stdev,0
GRNMS,2066,NPP,mean,25.07129669189453
GRNMS,2066,NPP,stdev,0
GRNMS,2067,NPP,mean,24.895530700683594
GRNMS,2067,NPP,stdev,0
GRNMS,2068,NPP,mean,24.947845458984375
GRNMS,2068,NPP,stdev,0
GRNMS,2069,NPP,mean,24.835323333740234
GRNMS,2069,NPP,stdev,0
GRNMS,2070,NPP,mean,24.222015380859375
GRNMS,2070,NPP,stdev,0
GRNMS,2071,NPP,mean,24.4854679107666
GRNMS,2071,NPP,stdev,0
GRNMS,2072,NPP,mean,24.76140785217285
GRNMS,2072,NPP,stdev,0
GRNMS,2073,NPP,mean,24.099071502685547
GRNMS,2073,NPP,stdev,0
GRNMS,2074,NPP,mean,24.33985137939453
GRNMS,2074,NPP,stdev,0
GRNMS,2075,NPP,mean,24.840572357177734
GRNMS,2075,NPP,stdev,0
GRNMS,2076,NPP,mean,24.036195755004883
GRNMS,2076,NPP,stdev,0
GRNMS,2077,NPP,mean,24.569974899291992
GRNMS,2077,NPP,stdev,0
GRNMS,2078,NPP,mean,23.514265060424805
GRNMS,2078,NPP,stdev,0
GRNMS,2079,NPP,mean,24.187416076660156
GRNMS,2079,NPP,stdev,0
GRNMS,2080,NPP,mean,24.820524215698242
GRNMS,2080,NPP,stdev,0
GRNMS,2081,NPP,mean,23.787220001220703
GRNMS,2081,NPP,stdev,0
GRNMS,2082,NPP,mean,24.060293197631836
GRNMS,2082,NPP,stdev,0
GRNMS,2083,NPP,mean,24.659236907958984
GRNMS,2083,NPP,stdev,0
GRNMS,2084,NPP,mean,23.71343231201172
GRNMS,2084,NPP,stdev,0
GRNMS,2085,NPP,mean,24.192943572998047
GRNMS,2085,NPP,stdev,0
GRNMS,2086,NPP,mean,23.46335220336914
GRNMS,2086,NPP,stdev,0
GRNMS,2087,NPP,mean,23.924205780029297
GRNMS,2087,NPP,stdev,0
GRNMS,2088,NPP,mean,24.48740005493164
GRNMS,2088,NPP,stdev,0
GRNMS,2089,NPP,mean,23.287357330322266
GRNMS,2089,NPP,stdev,0
GRNMS,2090,NPP,mean,23.405832290649414
GRNMS,2090,NPP,stdev,0
GRNMS,2091,NPP,mean,23.475379943847656
GRNMS,2091,NPP,stdev,0
GRNMS,2092,NPP,mean,23.727968215942383
GRNMS,2092,NPP,stdev,0
GRNMS,2093,NPP,mean,23.463153839111328
GRNMS,2093,NPP,stdev,0
GRNMS,2094,NPP,mean,23.245840072631836
GRNMS,2094,NPP,stdev,0
GRNMS,2095,NPP,mean,23.20766258239746
GRNMS,2095,NPP,stdev,0
GRNMS,2096,NPP,mean,22.929105758666992
GRNMS,2096,NPP,stdev,0
GRNMS,2097,NPP,mean,23.21356773376465
GRNMS,2097,NPP,stdev,0
GRNMS,2098,NPP,mean,23.469377517700195
GRNMS,2098,NPP,stdev,0
GRNMS,2099,NPP,mean,22.91657829284668
GRNMS,2099,NPP,stdev,0
GRNMS,2100,NPP,mean,22.97221565246582
GRNMS,2100,NPP,stdev,0
HIHWNMS,1990,NPP,mean,29.019161224365234
HIHWNMS,1990,NPP,stdev,0.19301094114780426
HIHWNMS,1991,NPP,mean,28.66352081298828
HIHWNMS,1991,NPP,stdev,0.159298837184906
HIHWNMS,1992,NPP,mean,28.732330322265625
HIHWNMS,1992,NPP,stdev,0.1330348551273346
HIHWNMS,1993,NPP,mean,28.971834182739258
HIHWNMS,1993,NPP,stdev,0.12792295217514038
HIHWNMS,1994,NPP,mean,28.710201263427734
HIHWNMS,1994,NPP,stdev,0.12585404515266418
HIHWNMS,1995,NPP,mean,28.922853469848633
HIHWNMS,1995,NPP,stdev,0.1353849619626999
HIHWNMS,1996,NPP,mean,28.591632843017578
HIHWNMS,1996,NPP,stdev,0.1254526972770691
HIHWNMS,1997,NPP,mean,28.889657974243164
HIHWNMS,1997,NPP,stdev,0.12979044020175934
HIHWNMS,1998,NPP,mean,28.68168067932129
HIHWNMS,1998,NPP,stdev,0.14077019691467285
HIHWNMS,1999,NPP,mean,28.793701171875
HIHWNMS,1999,NPP,stdev,0.12231115996837616
HIHWNMS,2000,NPP,mean,29.049102783203125
HIHWNMS,2000,NPP,stdev,0.13473035395145416
HIHWNMS,2001,NPP,mean,28.890310287475586
HIHWNMS,2001,NPP,stdev,0.1391216218471527
HIHWNMS,2002,NPP,mean,28.9761905670166
HIHWNMS,2002,NPP,stdev,0.15314500033855438
HIHWNMS,2003,NPP,mean,28.907787322998047
HIHWNMS,2003,NPP,stdev,0.16672421991825104
HIHWNMS,2004,NPP,mean,28.94228744506836
HIHWNMS,2004,NPP,stdev,0.15426847338676453
HIHWNMS,2005,NPP,mean,29.186166763305664
HIHWNMS,2005,NPP,stdev,0.17950908839702606
HIHWNMS,2006,NPP,mean,29.136014938354492
HIHWNMS,2006,NPP,stdev,0.1737746000289917
HIHWNMS,2007,NPP,mean,29.045635223388672
HIHWNMS,2007,NPP,stdev,0.16318365931510925
HIHWNMS,2008,NPP,mean,29.07520294189453
HIHWNMS,2008,NPP,stdev,0.1589103490114212
HIHWNMS,2009,NPP,mean,28.799654006958008
HIHWNMS,2009,NPP,stdev,0.12979798018932343
HIHWNMS,2010,NPP,mean,29.13665771484375
HIHWNMS,2010,NPP,stdev,0.17256379127502441
HIHWNMS,2011,NPP,mean,29.13315200805664
HIHWNMS,2011,NPP,stdev,0.16016370058059692
HIHWNMS,2012,NPP,mean,28.717723846435547
HIHWNMS,2012,NPP,stdev,0.1322653591632843
HIHWNMS,2013,NPP,mean,28.92270278930664
HIHWNMS,2013,NPP,stdev,0.1511259824037552
HIHWNMS,2014,NPP,mean,29.24267578125
HIHWNMS,2014,NPP,stdev,0.19422121345996857
HIHWNMS,2015,NPP,mean,29.11292266845703
HIHWNMS,2015,NPP,stdev,0.19496789574623108
HIHWNMS,2016,NPP,mean,29.161170959472656
HIHWNMS,2016,NPP,stdev,0.16652214527130127
HIHWNMS,2017,NPP,mean,29.03923988342285
HIHWNMS,2017,NPP,stdev,0.17155975103378296
HIHWNMS,2018,NPP,mean,28.989696502685547
HIHWNMS,2018,NPP,stdev,0.13971172273159027
HIHWNMS,2019,NPP,mean,28.908491134643555
HIHWNMS,2019,NPP,stdev,0.13893663883209229
HIHWNMS,2020,NPP,mean,29.022083282470703
HIHWNMS,2020,NPP,stdev,0.14752885699272156
HIHWNMS,2021,NPP,mean,28.901824951171875
HIHWNMS,2021,NPP,stdev,0.14313097298145294
HIHWNMS,2022,NPP,mean,28.96207618713379
HIHWNMS,2022,NPP,stdev,0.16611021757125854
HIHWNMS,2023,NPP,mean,29.132761001586914
HIHWNMS,2023,NPP,stdev,0.157772958278656
HIHWNMS,2024,NPP,mean,29.175399780273438
HIHWNMS,2024,NPP,stdev,0.176409512758255
HIHWNMS,2025,NPP,mean,29.35576820373535
HIHWNMS,2025,NPP,stdev,0.18045306205749512
HIHWNMS,2026,NPP,mean,29.138580322265625
HIHWNMS,2026,NPP,stdev,0.15485523641109467
HIHWNMS,2027,NPP,mean,29.20909881591797
HIHWNMS,2027,NPP,stdev,0.18552516400814056
HIHWNMS,2028,NPP,mean,29.25096893310547
HIHWNMS,2028,NPP,stdev,0.18310463428497314
HIHWNMS,2029,NPP,mean,29.11944580078125
HIHWNMS,2029,NPP,stdev,0.14812740683555603
HIHWNMS,2030,NPP,mean,29.300006866455078
HIHWNMS,2030,NPP,stdev,0.18521550297737122
HIHWNMS,2031,NPP,mean,29.152690887451172
HIHWNMS,2031,NPP,stdev,0.17099128663539886
HIHWNMS,2032,NPP,mean,29.069746017456055
HIHWNMS,2032,NPP,stdev,0.14675164222717285
HIHWNMS,2033,NPP,mean,29.26605224609375
HIHWNMS,2033,NPP,stdev,0.2067737579345703
HIHWNMS,2034,NPP,mean,29.16259765625
HIHWNMS,2034,NPP,stdev,0.16910068690776825
HIHWNMS,2035,NPP,mean,29.455291748046875
HIHWNMS,2035,NPP,stdev,0.166235089302063
HIHWNMS,2036,NPP,mean,29.322832107543945
HIHWNMS,2036,NPP,stdev,0.16592757403850555
HIHWNMS,2037,NPP,mean,29.06167984008789
HIHWNMS,2037,NPP,stdev,0.1481257975101471
HIHWNMS,2038,NPP,mean,29.132883071899414
HIHWNMS,2038,NPP,stdev,0.1645876169204712
HIHWNMS,2039,NPP,mean,29.281063079833984
HIHWNMS,2039,NPP,stdev,0.16342462599277496
HIHWNMS,2040,NPP,mean,29.487916946411133
HIHWNMS,2040,NPP,stdev,0.1868133395910263
HIHWNMS,2041,NPP,mean,29.30646324157715
HIHWNMS,2041,NPP,stdev,0.17513532936573029
HIHWNMS,2042,NPP,mean,29.384300231933594
HIHWNMS,2042,NPP,stdev,0.15389665961265564
HIHWNMS,2043,NPP,mean,28.982891082763672
HIHWNMS,2043,NPP,stdev,0.15364733338356018
HIHWNMS,2044,NPP,mean,29.219959259033203
HIHWNMS,2044,NPP,stdev,0.17576861381530762
HIHWNMS,2045,NPP,mean,29.35284996032715
HIHWNMS,2045,NPP,stdev,0.17390118539333344
HIHWNMS,2046,NPP,mean,29.398818969726562
HIHWNMS,2046,NPP,stdev,0.1485072374343872
HIHWNMS,2047,NPP,mean,29.365121841430664
HIHWNMS,2047,NPP,stdev,0.16373996436595917
HIHWNMS,2048,NPP,mean,29.71677589416504
HIHWNMS,2048,NPP,stdev,0.20420975983142853
HIHWNMS,2049,NPP,mean,29.416147232055664
HIHWNMS,2049,NPP,stdev,0.16222423315048218
HIHWNMS,2050,NPP,mean,29.489742279052734
HIHWNMS,2050,NPP,stdev,0.18389593064785004
HIHWNMS,2051,NPP,mean,29.573392868041992
HIHWNMS,2051,NPP,stdev,0.19059744477272034
HIHWNMS,2052,NPP,mean,29.565834045410156
HIHWNMS,2052,NPP,stdev,0.19093023240566254
HIHWNMS,2053,NPP,mean,29.445762634277344
HIHWNMS,2053,NPP,stdev,0.17640377581119537
HIHWNMS,2054,NPP,mean,29.418354034423828
HIHWNMS,2054,NPP,stdev,0.18755704164505005
HIHWNMS,2055,NPP,mean,29.569316864013672
HIHWNMS,2055,NPP,stdev,0.18550802767276764
HIHWNMS,2056,NPP,mean,29.79926300048828
HIHWNMS,2056,NPP,stdev,0.18838787078857422
HIHWNMS,2057,NPP,mean,29.711177825927734
HIHWNMS,2057,NPP,stdev,0.19402378797531128
HIHWNMS,2058,NPP,mean,29.81072235107422
HIHWNMS,2058,NPP,stdev,0.17225566506385803
HIHWNMS,2059,NPP,mean,29.958484649658203
HIHWNMS,2059,NPP,stdev,0.19582025706768036
HIHWNMS,2060,NPP,mean,29.714574813842773
HIHWNMS,2060,NPP,stdev,0.17941653728485107
HIHWNMS,2061,NPP,mean,29.567243576049805
HIHWNMS,2061,NPP,stdev,0.1767677217721939
HIHWNMS,2062,NPP,mean,29.648983001708984
HIHWNMS,2062,NPP,stdev,0.15119239687919617
HIHWNMS,2063,NPP,mean,29.841842651367188
HIHWNMS,2063,NPP,stdev,0.18135984241962433
HIHWNMS,2064,NPP,mean,29.846715927124023
HIHWNMS,2064,NPP,stdev,0.16883425414562225
HIHWNMS,2065,NPP,mean,29.957901000976562
HIHWNMS,2065,NPP,stdev,0.1735832542181015
HIHWNMS,2066,NPP,mean,29.96733283996582
HIHWNMS,2066,NPP,stdev,0.1957341581583023
HIHWNMS,2067,NPP,mean,29.747791290283203
HIHWNMS,2067,NPP,stdev,0.1661062389612198
HIHWNMS,2068,NPP,mean,29.727415084838867
HIHWNMS,2068,NPP,stdev,0.16617554426193237
HIHWNMS,2069,NPP,mean,30.202865600585938
HIHWNMS,2069,NPP,stdev,0.2378062903881073
HIHWNMS,2070,NPP,mean,29.892057418823242
HIHWNMS,2070,NPP,stdev,0.1875455528497696
HIHWNMS,2071,NPP,mean,30.08020782470703
HIHWNMS,2071,NPP,stdev,0.19207428395748138
HIHWNMS,2072,NPP,mean,29.99439239501953
HIHWNMS,2072,NPP,stdev,0.20255322754383087
HIHWNMS,2073,NPP,mean,30.118846893310547
HIHWNMS,2073,NPP,stdev,0.16904570162296295
HIHWNMS,2074,NPP,mean,29.869461059570312
HIHWNMS,2074,NPP,stdev,0.1645427793264389
HIHWNMS,2075,NPP,mean,30.399200439453125
HIHWNMS,2075,NPP,stdev,0.2329014241695404
HIHWNMS,2076,NPP,mean,30.024274826049805
HIHWNMS,2076,NPP,stdev,0.1723232865333557
HIHWNMS,2077,NPP,mean,30.352384567260742
HIHWNMS,2077,NPP,stdev,0.1937195509672165
HIHWNMS,2078,NPP,mean,30.087501525878906
HIHWNMS,2078,NPP,stdev,0.1892063021659851
HIHWNMS,2079,NPP,mean,30.1550235748291
HIHWNMS,2079,NPP,stdev,0.168699711561203
HIHWNMS,2080,NPP,mean,30.23275375366211
HIHWNMS,2080,NPP,stdev,0.16626451909542084
HIHWNMS,2081,NPP,mean,30.07526397705078
HIHWNMS,2081,NPP,stdev,0.16013900935649872
HIHWNMS,2082,NPP,mean,30.197284698486328
HIHWNMS,2082,NPP,stdev,0.165115624666214
HIHWNMS,2083,NPP,mean,30.533164978027344
HIHWNMS,2083,NPP,stdev,0.24089714884757996
HIHWNMS,2084,NPP,mean,30.27559471130371
HIHWNMS,2084,NPP,stdev,0.169097438454628
HIHWNMS,2085,NPP,mean,30.544984817504883
HIHWNMS,2085,NPP,stdev,0.20792560279369354
HIHWNMS,2086,NPP,mean,30.674793243408203
HIHWNMS,2086,NPP,stdev,0.22650115191936493
HIHWNMS,2087,NPP,mean,30.45694923400879
HIHWNMS,2087,NPP,stdev,0.1901421993970871
HIHWNMS,2088,NPP,mean,30.479904174804688
HIHWNMS,2088,NPP,stdev,0.21657459437847137
HIHWNMS,2089,NPP,mean,30.18756675720215
HIHWNMS,2089,NPP,stdev,0.16602522134780884
HIHWNMS,2090,NPP,mean,30.40502166748047
HIHWNMS,2090,NPP,stdev,0.1763615757226944
HIHWNMS,2091,NPP,mean,30.250131607055664
HIHWNMS,2091,NPP,stdev,0.1746915727853775
HIHWNMS,2092,NPP,mean,30.481962203979492
HIHWNMS,2092,NPP,stdev,0.16986128687858582
HIHWNMS,2093,NPP,mean,30.56705093383789
HIHWNMS,2093,NPP,stdev,0.19903695583343506
HIHWNMS,2094,NPP,mean,30.635046005249023
HIHWNMS,2094,NPP,stdev,0.19679464399814606
HIHWNMS,2095,NPP,mean,30.724506378173828
HIHWNMS,2095,NPP,stdev,0.19286830723285675
HIHWNMS,2096,NPP,mean,30.681499481201172
HIHWNMS,2096,NPP,stdev,0.18884049355983734
HIHWNMS,2097,NPP,mean,30.711524963378906
HIHWNMS,2097,NPP,stdev,0.19818748533725739
HIHWNMS,2098,NPP,mean,30.56937026977539
HIHWNMS,2098,NPP,stdev,0.16883239150047302
HIHWNMS,2099,NPP,mean,30.582826614379883
HIHWNMS,2099,NPP,stdev,0.21935635805130005
HIHWNMS,2100,NPP,mean,30.919313430786133
HIHWNMS,2100,NPP,stdev,0.20119649171829224
MBNMS,1990,NPP,mean,39.25080108642578
MBNMS,1990,NPP,stdev,3.054316759109497
MBNMS,1991,NPP,mean,38.93434524536133
MBNMS,1991,NPP,stdev,3.0056381225585938
MBNMS,1992,NPP,mean,39.90254592895508
MBNMS,1992,NPP,stdev,3.119163990020752
MBNMS,1993,NPP,mean,39.943973541259766
MBNMS,1993,NPP,stdev,3.2682182788848877
MBNMS,1994,NPP,mean,40.111175537109375
MBNMS,1994,NPP,stdev,3.2853710651397705
MBNMS,1995,NPP,mean,40.45671463012695
MBNMS,1995,NPP,stdev,3.3333611488342285
MBNMS,1996,NPP,mean,40.69327163696289
MBNMS,1996,NPP,stdev,3.3891236782073975
MBNMS,1997,NPP,mean,40.00518035888672
MBNMS,1997,NPP,stdev,3.267063617706299
MBNMS,1998,NPP,mean,39.216407775878906
MBNMS,1998,NPP,stdev,3.175130605697632
MBNMS,1999,NPP,mean,39.811336517333984
MBNMS,1999,NPP,stdev,3.398754596710205
MBNMS,2000,NPP,mean,40.07019805908203
MBNMS,2000,NPP,stdev,3.299118757247925
MBNMS,2001,NPP,mean,39.81486129760742
MBNMS,2001,NPP,stdev,3.102431297302246
MBNMS,2002,NPP,mean,39.32566452026367
MBNMS,2002,NPP,stdev,3.134276866912842
MBNMS,2003,NPP,mean,39.92152786254883
MBNMS,2003,NPP,stdev,3.233307123184204
MBNMS,2004,NPP,mean,39.98634338378906
MBNMS,2004,NPP,stdev,3.1731035709381104
MBNMS,2005,NPP,mean,39.7736701965332
MBNMS,2005,NPP,stdev,3.321568489074707
MBNMS,2006,NPP,mean,40.40938949584961
MBNMS,2006,NPP,stdev,3.366389513015747
MBNMS,2007,NPP,mean,40.38539123535156
MBNMS,2007,NPP,stdev,3.194615364074707
MBNMS,2008,NPP,mean,39.66196060180664
MBNMS,2008,NPP,stdev,3.3305797576904297
MBNMS,2009,NPP,mean,40.21211624145508
MBNMS,2009,NPP,stdev,3.2785873413085938
MBNMS,2010,NPP,mean,40.506019592285156
MBNMS,2010,NPP,stdev,3.145673990249634
MBNMS,2011,NPP,mean,40.07932662963867
MBNMS,2011,NPP,stdev,3.1058552265167236
MBNMS,2012,NPP,mean,40.320980072021484
MBNMS,2012,NPP,stdev,3.356346845626831
MBNMS,2013,NPP,mean,40.36079788208008
MBNMS,2013,NPP,stdev,3.486947774887085
MBNMS,2014,NPP,mean,40.044681549072266
MBNMS,2014,NPP,stdev,3.1375741958618164
MBNMS,2015,NPP,mean,40.17472457885742
MBNMS,2015,NPP,stdev,3.332796573638916
MBNMS,2016,NPP,mean,40.24432373046875
MBNMS,2016,NPP,stdev,3.383699893951416
MBNMS,2017,NPP,mean,39.72047805786133
MBNMS,2017,NPP,stdev,3.1737518310546875
MBNMS,2018,NPP,mean,40.728702545166016
MBNMS,2018,NPP,stdev,3.429852247238159
MBNMS,2019,NPP,mean,39.505916595458984
MBNMS,2019,NPP,stdev,3.2941408157348633
MBNMS,2020,NPP,mean,39.33013153076172
MBNMS,2020,NPP,stdev,3.185096263885498
MBNMS,2021,NPP,mean,39.826995849609375
MBNMS,2021,NPP,stdev,3.270085573196411
MBNMS,2022,NPP,mean,39.84785079956055
MBNMS,2022,NPP,stdev,3.1728267669677734
MBNMS,2023,NPP,mean,40.73915481567383
MBNMS,2023,NPP,stdev,3.469295024871826
MBNMS,2024,NPP,mean,40.13469314575195
MBNMS,2024,NPP,stdev,3.302509307861328
MBNMS,2025,NPP,mean,40.00341796875
MBNMS,2025,NPP,stdev,3.338961362838745
MBNMS,2026,NPP,mean,40.33574676513672
MBNMS,2026,NPP,stdev,3.3506031036376953
MBNMS,2027,NPP,mean,40.12192916870117
MBNMS,2027,NPP,stdev,3.2718145847320557
MBNMS,2028,NPP,mean,39.74604797363281
MBNMS,2028,NPP,stdev,3.216979742050171
MBNMS,2029,NPP,mean,39.88913345336914
MBNMS,2029,NPP,stdev,3.2254772186279297
MBNMS,2030,NPP,mean,39.969505310058594
MBNMS,2030,NPP,stdev,3.1997056007385254
MBNMS,2031,NPP,mean,40.254547119140625
MBNMS,2031,NPP,stdev,3.2363317012786865
MBNMS,2032,NPP,mean,40.09164810180664
MBNMS,2032,NPP,stdev,3.4909284114837646
MBNMS,2033,NPP,mean,40.093387603759766
MBNMS,2033,NPP,stdev,3.2111260890960693
MBNMS,2034,NPP,mean,39.76045608520508
MBNMS,2034,NPP,stdev,3.2599751949310303
MBNMS,2035,NPP,mean,39.80281448364258
MBNMS,2035,NPP,stdev,3.1965692043304443
MBNMS,2036,NPP,mean,39.0750732421875
MBNMS,2036,NPP,stdev,3.1165499687194824
MBNMS,2037,NPP,mean,39.44330978393555
MBNMS,2037,NPP,stdev,3.293989658355713
MBNMS,2038,NPP,mean,40.24665451049805
MBNMS,2038,NPP,stdev,3.2902920246124268
MBNMS,2039,NPP,mean,39.916282653808594
MBNMS,2039,NPP,stdev,3.1151018142700195
MBNMS,2040,NPP,mean,39.66727828979492
MBNMS,2040,NPP,stdev,3.1597836017608643
MBNMS,2041,NPP,mean,39.03330993652344
MBNMS,2041,NPP,stdev,3.1406891345977783
MBNMS,2042,NPP,mean,40.43843078613281
MBNMS,2042,NPP,stdev,3.2721221446990967
MBNMS,2043,NPP,mean,40.24815368652344
MBNMS,2043,NPP,stdev,3.2409169673919678
MBNMS,2044,NPP,mean,38.68281936645508
MBNMS,2044,NPP,stdev,2.989680528640747
MBNMS,2045,NPP,mean,39.433502197265625
MBNMS,2045,NPP,stdev,3.1299352645874023
MBNMS,2046,NPP,mean,39.271644592285156
MBNMS,2046,NPP,stdev,3.155076742172241
MBNMS,2047,NPP,mean,39.41481399536133
MBNMS,2047,NPP,stdev,3.1301674842834473
MBNMS,2048,NPP,mean,39.60658645629883
MBNMS,2048,NPP,stdev,3.051222562789917
MBNMS,2049,NPP,mean,39.805477142333984
MBNMS,2049,NPP,stdev,3.240936040878296
MBNMS,2050,NPP,mean,40.00069046020508
MBNMS,2050,NPP,stdev,3.148040771484375
MBNMS,2051,NPP,mean,39.58800506591797
MBNMS,2051,NPP,stdev,3.2121689319610596
MBNMS,2052,NPP,mean,39.90339279174805
MBNMS,2052,NPP,stdev,3.162343740463257
MBNMS,2053,NPP,mean,40.01579284667969
MBNMS,2053,NPP,stdev,3.073814630508423
MBNMS,2054,NPP,mean,39.47303771972656
MBNMS,2054,NPP,stdev,3.086855411529541
MBNMS,2055,NPP,mean,38.92997360229492
MBNMS,2055,NPP,stdev,2.950615406036377
MBNMS,2056,NPP,mean,39.42750930786133
MBNMS,2056,NPP,stdev,3.2558202743530273
MBNMS,2057,NPP,mean,39.60557174682617
MBNMS,2057,NPP,stdev,3.131948471069336
MBNMS,2058,NPP,mean,40.05684280395508
MBNMS,2058,NPP,stdev,3.207787036895752
MBNMS,2059,NPP,mean,39.6036262512207
MBNMS,2059,NPP,stdev,3.146649122238159
MBNMS,2060,NPP,mean,39.2575569152832
MBNMS,2060,NPP,stdev,2.9796578884124756
MBNMS,2061,NPP,mean,39.15544509887695
MBNMS,2061,NPP,stdev,3.030073404312134
MBNMS,2062,NPP,mean,39.38688659667969
MBNMS,2062,NPP,stdev,3.0065484046936035
MBNMS,2063,NPP,mean,38.92988586425781
MBNMS,2063,NPP,stdev,2.8554697036743164
MBNMS,2064,NPP,mean,39.62076187133789
MBNMS,2064,NPP,stdev,3.1032040119171143
MBNMS,2065,NPP,mean,39.786834716796875
MBNMS,2065,NPP,stdev,3.1750028133392334
MBNMS,2066,NPP,mean,39.154876708984375
MBNMS,2066,NPP,stdev,2.796445608139038
MBNMS,2067,NPP,mean,38.85950469970703
MBNMS,2067,NPP,stdev,3.051435947418213
MBNMS,2068,NPP,mean,39.25504684448242
MBNMS,2068,NPP,stdev,2.969142198562622
MBNMS,2069,NPP,mean,39.27214431762695
MBNMS,2069,NPP,stdev,2.9900853633880615
MBNMS,2070,NPP,mean,39.34619903564453
MBNMS,2070,NPP,stdev,3.059203624725342
MBNMS,2071,NPP,mean,38.77193832397461
MBNMS,2071,NPP,stdev,2.9213414192199707
MBNMS,2072,NPP,mean,39.092994689941406
MBNMS,2072,NPP,stdev,2.9909796714782715
MBNMS,2073,NPP,mean,39.24606704711914
MBNMS,2073,NPP,stdev,3.0137710571289062
MBNMS,2074,NPP,mean,38.75360107421875
MBNMS,2074,NPP,stdev,2.8925962448120117
MBNMS,2075,NPP,mean,38.53694534301758
MBNMS,2075,NPP,stdev,2.9272327423095703
MBNMS,2076,NPP,mean,39.60847091674805
MBNMS,2076,NPP,stdev,2.8964502811431885
MBNMS,2077,NPP,mean,39.1245231628418
MBNMS,2077,NPP,stdev,2.953386068344116
MBNMS,2078,NPP,mean,39.02467727661133
MBNMS,2078,NPP,stdev,2.8966076374053955
MBNMS,2079,NPP,mean,39.22197723388672
MBNMS,2079,NPP,stdev,2.9441423416137695
MBNMS,2080,NPP,mean,39.18453598022461
MBNMS,2080,NPP,stdev,2.956315755844116
MBNMS,2081,NPP,mean,39.1143798828125
MBNMS,2081,NPP,stdev,2.998887777328491
MBNMS,2082,NPP,mean,37.890769958496094
MBNMS,2082,NPP,stdev,2.7015628814697266
MBNMS,2083,NPP,mean,38.995933532714844
MBNMS,2083,NPP,stdev,2.964311122894287
MBNMS,2084,NPP,mean,39.118804931640625
MBNMS,2084,NPP,stdev,2.9825098514556885
MBNMS,2085,NPP,mean,38.23612594604492
MBNMS,2085,NPP,stdev,2.8792779445648193
MBNMS,2086,NPP,mean,39.11621856689453
MBNMS,2086,NPP,stdev,2.8994736671447754
MBNMS,2087,NPP,mean,38.58850860595703
MBNMS,2087,NPP,stdev,2.7703418731689453
MBNMS,2088,NPP,mean,39.227542877197266
MBNMS,2088,NPP,stdev,2.916926383972168
MBNMS,2089,NPP,mean,39.12757110595703
MBNMS,2089,NPP,stdev,2.932445526123047
MBNMS,2090,NPP,mean,38.870391845703125
MBNMS,2090,NPP,stdev,2.81080961227417
MBNMS,2091,NPP,mean,38.40574645996094
MBNMS,2091,NPP,stdev,2.8416526317596436
MBNMS,2092,NPP,mean,38.8181037902832
MBNMS,2092,NPP,stdev,2.866854667663574
MBNMS,2093,NPP,mean,39.14739990234375
MBNMS,2093,NPP,stdev,2.8275067806243896
MBNMS,2094,NPP,mean,38.61336898803711
MBNMS,2094,NPP,stdev,2.8876917362213135
MBNMS,2095,NPP,mean,38.65186309814453
MBNMS,2095,NPP,stdev,2.792768955230713
MBNMS,2096,NPP,mean,38.89350128173828
MBNMS,2096,NPP,stdev,2.8383138179779053
MBNMS,2097,NPP,mean,38.30352020263672
MBNMS,2097,NPP,stdev,2.6828534603118896
MBNMS,2098,NPP,mean,38.30843734741211
MBNMS,2098,NPP,stdev,2.7188994884490967
MBNMS,2099,NPP,mean,38.877376556396484
MBNMS,2099,NPP,stdev,2.829860210418701
MBNMS,2100,NPP,mean,38.30183410644531
MBNMS,2100,NPP,stdev,2.7205276489257812
MBNMS-david,1990,NPP,mean,32.894287109375
MBNMS-david,1990,NPP,stdev,0.8776735067367554
MBNMS-david,1991,NPP,mean,32.799747467041016
MBNMS-david,1991,NPP,stdev,0.8347147703170776
MBNMS-david,1992,NPP,mean,33.294281005859375
MBNMS-david,1992,NPP,stdev,0.8898506760597229
MBNMS-david,1993,NPP,mean,33.44121551513672
MBNMS-david,1993,NPP,stdev,0.8288699388504028
MBNMS-david,1994,NPP,mean,33.50965118408203
MBNMS-david,1994,NPP,stdev,0.8472356200218201
MBNMS-david,1995,NPP,mean,33.796138763427734
MBNMS-david,1995,NPP,stdev,0.8618585467338562
MBNMS-david,1996,NPP,mean,33.79044723510742
MBNMS-david,1996,NPP,stdev,0.8792536854743958
MBNMS-david,1997,NPP,mean,33.40315628051758
MBNMS-david,1997,NPP,stdev,0.9684954285621643
MBNMS-david,1998,NPP,mean,32.87427520751953
MBNMS-david,1998,NPP,stdev,0.7951781749725342
MBNMS-david,1999,NPP,mean,33.08415603637695
MBNMS-david,1999,NPP,stdev,0.9283620715141296
MBNMS-david,2000,NPP,mean,33.37504959106445
MBNMS-david,2000,NPP,stdev,0.8777468204498291
MBNMS-david,2001,NPP,mean,33.507198333740234
MBNMS-david,2001,NPP,stdev,0.8862977623939514
MBNMS-david,2002,NPP,mean,32.91568374633789
MBNMS-david,2002,NPP,stdev,0.7446736097335815
MBNMS-david,2003,NPP,mean,33.41824722290039
MBNMS-david,2003,NPP,stdev,0.8698961734771729
MBNMS-david,2004,NPP,mean,33.63344955444336
MBNMS-david,2004,NPP,stdev,0.8090779185295105
MBNMS-david,2005,NPP,mean,33.39082717895508
MBNMS-david,2005,NPP,stdev,0.7848199009895325
MBNMS-david,2006,NPP,mean,33.61579513549805
MBNMS-david,2006,NPP,stdev,0.8959687352180481
MBNMS-david,2007,NPP,mean,33.96039581298828
MBNMS-david,2007,NPP,stdev,0.8458452224731445
MBNMS-david,2008,NPP,mean,33.00246047973633
MBNMS-david,2008,NPP,stdev,0.818580687046051
MBNMS-david,2009,NPP,mean,33.599178314208984
MBNMS-david,2009,NPP,stdev,0.796354353427887
MBNMS-david,2010,NPP,mean,34.07766342163086
MBNMS-david,2010,NPP,stdev,0.7260692715644836
MBNMS-david,2011,NPP,mean,33.77692413330078
MBNMS-david,2011,NPP,stdev,0.7958956956863403
MBNMS-david,2012,NPP,mean,33.490779876708984
MBNMS-david,2012,NPP,stdev,0.8169846534729004
MBNMS-david,2013,NPP,mean,33.39881134033203
MBNMS-david,2013,NPP,stdev,0.9035447835922241
MBNMS-david,2014,NPP,mean,33.5911865234375
MBNMS-david,2014,NPP,stdev,0.822293221950531
MBNMS-david,2015,NPP,mean,33.46903610229492
MBNMS-david,2015,NPP,stdev,0.8231185078620911
MBNMS-david,2016,NPP,mean,33.467369079589844
MBNMS-david,2016,NPP,stdev,0.9590487480163574
MBNMS-david,2017,NPP,mean,33.26915740966797
MBNMS-david,2017,NPP,stdev,0.7459547519683838
MBNMS-david,2018,NPP,mean,33.93009948730469
MBNMS-david,2018,NPP,stdev,0.8643748164176941
MBNMS-david,2019,NPP,mean,32.93291091918945
MBNMS-david,2019,NPP,stdev,0.8402893543243408
MBNMS-david,2020,NPP,mean,32.85981750488281
MBNMS-david,2020,NPP,stdev,0.764733076095581
MBNMS-david,2021,NPP,mean,33.3232307434082
MBNMS-david,2021,NPP,stdev,0.8339196443557739
MBNMS-david,2022,NPP,mean,33.51634216308594
MBNMS-david,2022,NPP,stdev,0.7726758122444153
MBNMS-david,2023,NPP,mean,33.82698059082031
MBNMS-david,2023,NPP,stdev,0.871208906173706
MBNMS-david,2024,NPP,mean,33.482826232910156
MBNMS-david,2024,NPP,stdev,0.7772927284240723
MBNMS-david,2025,NPP,mean,33.26365661621094
MBNMS-david,2025,NPP,stdev,0.814408004283905
MBNMS-david,2026,NPP,mean,33.5931282043457
MBNMS-david,2026,NPP,stdev,0.8317528367042542
MBNMS-david,2027,NPP,mean,33.5595588684082
MBNMS-david,2027,NPP,stdev,0.8285421133041382
MBNMS-david,2028,NPP,mean,33.33814239501953
MBNMS-david,2028,NPP,stdev,0.790283739566803
MBNMS-david,2029,NPP,mean,33.473663330078125
MBNMS-david,2029,NPP,stdev,0.7931608557701111
MBNMS-david,2030,NPP,mean,33.569400787353516
MBNMS-david,2030,NPP,stdev,0.7389883399009705
MBNMS-david,2031,NPP,mean,33.92317199707031
MBNMS-david,2031,NPP,stdev,0.7632434964179993
MBNMS-david,2032,NPP,mean,33.36307144165039
MBNMS-david,2032,NPP,stdev,0.8849993348121643
MBNMS-david,2033,NPP,mean,33.42605209350586
MBNMS-david,2033,NPP,stdev,0.8612172603607178
MBNMS-david,2034,NPP,mean,33.223548889160156
MBNMS-david,2034,NPP,stdev,0.7097424268722534
MBNMS-david,2035,NPP,mean,33.38795852661133
MBNMS-david,2035,NPP,stdev,0.6959089040756226
MBNMS-david,2036,NPP,mean,32.765037536621094
MBNMS-david,2036,NPP,stdev,0.8238949775695801
MBNMS-david,2037,NPP,mean,32.90834045410156
MBNMS-david,2037,NPP,stdev,0.7868803143501282
MBNMS-david,2038,NPP,mean,33.69746017456055
MBNMS-david,2038,NPP,stdev,0.8777180910110474
MBNMS-david,2039,NPP,mean,33.559547424316406
MBNMS-david,2039,NPP,stdev,0.8347665667533875
MBNMS-david,2040,NPP,mean,33.253929138183594
MBNMS-david,2040,NPP,stdev,0.7657755613327026
MBNMS-david,2041,NPP,mean,32.678470611572266
MBNMS-david,2041,NPP,stdev,0.8154317736625671
MBNMS-david,2042,NPP,mean,33.93075942993164
MBNMS-david,2042,NPP,stdev,0.8546851277351379
MBNMS-david,2043,NPP,mean,33.71179962158203
MBNMS-david,2043,NPP,stdev,0.8270237445831299
MBNMS-david,2044,NPP,mean,32.87971115112305
MBNMS-david,2044,NPP,stdev,0.6529185175895691
MBNMS-david,2045,NPP,mean,33.26675796508789
MBNMS-david,2045,NPP,stdev,0.7593626976013184
MBNMS-david,2046,NPP,mean,33.028465270996094
MBNMS-david,2046,NPP,stdev,0.6648009419441223
MBNMS-david,2047,NPP,mean,33.122108459472656
MBNMS-david,2047,NPP,stdev,0.8327305316925049
MBNMS-david,2048,NPP,mean,33.473297119140625
MBNMS-david,2048,NPP,stdev,0.7432789206504822
MBNMS-david,2049,NPP,mean,33.39755630493164
MBNMS-david,2049,NPP,stdev,0.7683607935905457
MBNMS-david,2050,NPP,mean,33.608768463134766
MBNMS-david,2050,NPP,stdev,0.8155626058578491
MBNMS-david,2051,NPP,mean,33.12242126464844
MBNMS-david,2051,NPP,stdev,0.7360062599182129
MBNMS-david,2052,NPP,mean,33.67502975463867
MBNMS-david,2052,NPP,stdev,0.7280089259147644
MBNMS-david,2053,NPP,mean,33.945308685302734
MBNMS-david,2053,NPP,stdev,0.7296552658081055
MBNMS-david,2054,NPP,mean,33.34260559082031
MBNMS-david,2054,NPP,stdev,0.6472721099853516
MBNMS-david,2055,NPP,mean,33.004207611083984
MBNMS-david,2055,NPP,stdev,0.6447802782058716
MBNMS-david,2056,NPP,mean,33.09190368652344
MBNMS-david,2056,NPP,stdev,0.7839557528495789
MBNMS-david,2057,NPP,mean,33.311763763427734
MBNMS-david,2057,NPP,stdev,0.7103362679481506
MBNMS-david,2058,NPP,mean,33.809295654296875
MBNMS-david,2058,NPP,stdev,0.7931493520736694
MBNMS-david,2059,NPP,mean,33.355403900146484
MBNMS-david,2059,NPP,stdev,0.7269233465194702
MBNMS-david,2060,NPP,mean,33.4283447265625
MBNMS-david,2060,NPP,stdev,0.6912071108818054
MBNMS-david,2061,NPP,mean,33.03550720214844
MBNMS-david,2061,NPP,stdev,0.6837403178215027
MBNMS-david,2062,NPP,mean,33.399654388427734
MBNMS-david,2062,NPP,stdev,0.7314856648445129
MBNMS-david,2063,NPP,mean,33.29814910888672
MBNMS-david,2063,NPP,stdev,0.6714826226234436
MBNMS-david,2064,NPP,mean,33.4282112121582
MBNMS-david,2064,NPP,stdev,0.7206111550331116
MBNMS-david,2065,NPP,mean,33.461936950683594
MBNMS-david,2065,NPP,stdev,0.8066795468330383
MBNMS-david,2066,NPP,mean,33.4776496887207
MBNMS-david,2066,NPP,stdev,0.6348059177398682
MBNMS-david,2067,NPP,mean,32.86705017089844
MBNMS-david,2067,NPP,stdev,0.6171203255653381
MBNMS-david,2068,NPP,mean,33.28643798828125
MBNMS-david,2068,NPP,stdev,0.735019862651825
MBNMS-david,2069,NPP,mean,33.43944549560547
MBNMS-david,2069,NPP,stdev,0.648229718208313
MBNMS-david,2070,NPP,mean,33.29041290283203
MBNMS-david,2070,NPP,stdev,0.6656593680381775
MBNMS-david,2071,NPP,mean,33.04121780395508
MBNMS-david,2071,NPP,stdev,0.646919846534729
MBNMS-david,2072,NPP,mean,33.13703536987305
MBNMS-david,2072,NPP,stdev,0.6751002669334412
MBNMS-david,2073,NPP,mean,33.3089714050293
MBNMS-david,2073,NPP,stdev,0.6944624185562134
MBNMS-david,2074,NPP,mean,32.985511779785156
MBNMS-david,2074,NPP,stdev,0.6063148975372314
MBNMS-david,2075,NPP,mean,32.67982482910156
MBNMS-david,2075,NPP,stdev,0.6472246646881104
MBNMS-david,2076,NPP,mean,33.76940155029297
MBNMS-david,2076,NPP,stdev,0.6676090955734253
MBNMS-david,2077,NPP,mean,33.30679702758789
MBNMS-david,2077,NPP,stdev,0.6604068875312805
MBNMS-david,2078,NPP,mean,33.3813591003418
MBNMS-david,2078,NPP,stdev,0.6444078683853149
MBNMS-david,2079,NPP,mean,33.47245788574219
MBNMS-david,2079,NPP,stdev,0.699582576751709
MBNMS-david,2080,NPP,mean,33.3129768371582
MBNMS-david,2080,NPP,stdev,0.6600704193115234
MBNMS-david,2081,NPP,mean,33.233917236328125
MBNMS-david,2081,NPP,stdev,0.6803858280181885
MBNMS-david,2082,NPP,mean,32.5233154296875
MBNMS-david,2082,NPP,stdev,0.5455771088600159
MBNMS-david,2083,NPP,mean,32.99895095825195
MBNMS-david,2083,NPP,stdev,0.6056592464447021
MBNMS-david,2084,NPP,mean,33.14849853515625
MBNMS-david,2084,NPP,stdev,0.6246762275695801
MBNMS-david,2085,NPP,mean,32.54313659667969
MBNMS-david,2085,NPP,stdev,0.6805483102798462
MBNMS-david,2086,NPP,mean,33.529354095458984
MBNMS-david,2086,NPP,stdev,0.5703455805778503
MBNMS-david,2087,NPP,mean,33.24770736694336
MBNMS-david,2087,NPP,stdev,0.6166703104972839
MBNMS-david,2088,NPP,mean,33.358543395996094
MBNMS-david,2088,NPP,stdev,0.6745495796203613
MBNMS-david,2089,NPP,mean,33.26072692871094
MBNMS-david,2089,NPP,stdev,0.7020240426063538
MBNMS-david,2090,NPP,mean,33.220558166503906
MBNMS-david,2090,NPP,stdev,0.6410045027732849
MBNMS-david,2091,NPP,mean,32.8538703918457
MBNMS-david,2091,NPP,stdev,0.5688904523849487
MBNMS-david,2092,NPP,mean,33.104454040527344
MBNMS-david,2092,NPP,stdev,0.6356585621833801
MBNMS-david,2093,NPP,mean,33.445308685302734
MBNMS-david,2093,NPP,stdev,0.6433884501457214
MBNMS-david,2094,NPP,mean,32.953372955322266
MBNMS-david,2094,NPP,stdev,0.6332271695137024
MBNMS-david,2095,NPP,mean,33.09492111206055
MBNMS-david,2095,NPP,stdev,0.588578999042511
MBNMS-david,2096,NPP,mean,33.2682991027832
MBNMS-david,2096,NPP,stdev,0.6091733574867249
MBNMS-david,2097,NPP,mean,32.895450592041016
MBNMS-david,2097,NPP,stdev,0.5808073878288269
MBNMS-david,2098,NPP,mean,32.85366439819336
MBNMS-david,2098,NPP,stdev,0.5473198294639587
MBNMS-david,2099,NPP,mean,33.329830169677734
MBNMS-david,2099,NPP,stdev,0.6479982137680054
MBNMS-david,2100,NPP,mean,32.97308349609375
MBNMS-david,2100,NPP,stdev,0.5696237683296204
MBNMS-main,1990,NPP,mean,40.226470947265625
MBNMS-main,1990,NPP,stdev,1.8677793741226196
MBNMS-main,1991,NPP,mean,39.87594985961914
MBNMS-main,1991,NPP,stdev,1.9106141328811646
MBNMS-main,1992,NPP,mean,40.91683578491211
MBNMS-main,1992,NPP,stdev,1.83551025390625
MBNMS-main,1993,NPP,mean,40.942115783691406
MBNMS-main,1993,NPP,stdev,2.1745173931121826
MBNMS-main,1994,NPP,mean,41.12446212768555
MBNMS-main,1994,NPP,stdev,2.1504130363464355
MBNMS-main,1995,NPP,mean,41.47905731201172
MBNMS-main,1995,NPP,stdev,2.20185923576355
MBNMS-main,1996,NPP,mean,41.7528076171875
MBNMS-main,1996,NPP,stdev,2.1666007041931152
MBNMS-main,1997,NPP,mean,41.018558502197266
MBNMS-main,1997,NPP,stdev,2.1097257137298584
MBNMS-main,1998,NPP,mean,40.18987274169922
MBNMS-main,1998,NPP,stdev,2.1000800132751465
MBNMS-main,1999,NPP,mean,40.843936920166016
MBNMS-main,1999,NPP,stdev,2.2759382724761963
MBNMS-main,2000,NPP,mean,41.09784698486328
MBNMS-main,2000,NPP,stdev,2.121361255645752
MBNMS-main,2001,NPP,mean,40.78305435180664
MBNMS-main,2001,NPP,stdev,1.984329342842102
MBNMS-main,2002,NPP,mean,40.309539794921875
MBNMS-main,2002,NPP,stdev,1.992909550666809
MBNMS-main,2003,NPP,mean,40.91974639892578
MBNMS-main,2003,NPP,stdev,2.110638380050659
MBNMS-main,2004,NPP,mean,40.961483001708984
MBNMS-main,2004,NPP,stdev,2.0899507999420166
MBNMS-main,2005,NPP,mean,40.75341796875
MBNMS-main,2005,NPP,stdev,2.327800750732422
MBNMS-main,2006,NPP,mean,41.45217514038086
MBNMS-main,2006,NPP,stdev,2.185718297958374
MBNMS-main,2007,NPP,mean,41.371585845947266
MBNMS-main,2007,NPP,stdev,2.086487054824829
MBNMS-main,2008,NPP,mean,40.68414306640625
MBNMS-main,2008,NPP,stdev,2.2001144886016846
MBNMS-main,2009,NPP,mean,41.227142333984375
MBNMS-main,2009,NPP,stdev,2.135188579559326
MBNMS-main,2010,NPP,mean,41.49269104003906
MBNMS-main,2010,NPP,stdev,2.0041584968566895
MBNMS-main,2011,NPP,mean,41.04670715332031
MBNMS-main,2011,NPP,stdev,1.9992930889129639
MBNMS-main,2012,NPP,mean,41.36935043334961
MBNMS-main,2012,NPP,stdev,2.152182102203369
MBNMS-main,2013,NPP,mean,41.42942428588867
MBNMS-main,2013,NPP,stdev,2.3061277866363525
MBNMS-main,2014,NPP,mean,41.03521728515625
MBNMS-main,2014,NPP,stdev,1.9691965579986572
MBNMS-main,2015,NPP,mean,41.204017639160156
MBNMS-main,2015,NPP,stdev,2.178785562515259
MBNMS-main,2016,NPP,mean,41.28456115722656
MBNMS-main,2016,NPP,stdev,2.2213056087493896
MBNMS-main,2017,NPP,mean,40.710693359375
MBNMS-main,2017,NPP,stdev,2.0407114028930664
MBNMS-main,2018,NPP,mean,41.77226638793945
MBNMS-main,2018,NPP,stdev,2.29595685005188
MBNMS-main,2019,NPP,mean,40.514835357666016
MBNMS-main,2019,NPP,stdev,2.181558132171631
MBNMS-main,2020,NPP,mean,40.323280334472656
MBNMS-main,2020,NPP,stdev,2.0493717193603516
MBNMS-main,2021,NPP,mean,40.82529067993164
MBNMS-main,2021,NPP,stdev,2.1769275665283203
MBNMS-main,2022,NPP,mean,40.819698333740234
MBNMS-main,2022,NPP,stdev,2.1030309200286865
MBNMS-main,2023,NPP,mean,41.800132751464844
MBNMS-main,2023,NPP,stdev,2.3038594722747803
MBNMS-main,2024,NPP,mean,41.15572738647461
MBNMS-main,2024,NPP,stdev,2.1572742462158203
MBNMS-main,2025,NPP,mean,41.03791427612305
MBNMS-main,2025,NPP,stdev,2.1715428829193115
MBNMS-main,2026,NPP,mean,41.370689392089844
MBNMS-main,2026,NPP,stdev,2.1895761489868164
MBNMS-main,2027,NPP,mean,41.12920379638672
MBNMS-main,2027,NPP,stdev,2.148911237716675
MBNMS-main,2028,NPP,mean,40.7296257019043
MBNMS-main,2028,NPP,stdev,2.138138771057129
MBNMS-main,2029,NPP,mean,40.873870849609375
MBNMS-main,2029,NPP,stdev,2.1486997604370117
MBNMS-main,2030,NPP,mean,40.951881408691406
MBNMS-main,2030,NPP,stdev,2.115067958831787
MBNMS-main,2031,NPP,mean,41.226375579833984
MBNMS-main,2031,NPP,stdev,2.2124183177948
MBNMS-main,2032,NPP,mean,41.124481201171875
MBNMS-main,2032,NPP,stdev,2.433363676071167
MBNMS-main,2033,NPP,mean,41.11674499511719
MBNMS-main,2033,NPP,stdev,1.9772478342056274
MBNMS-main,2034,NPP,mean,40.76381301879883
MBNMS-main,2034,NPP,stdev,2.1484196186065674
MBNMS-main,2035,NPP,mean,40.787445068359375
MBNMS-main,2035,NPP,stdev,2.1038897037506104
MBNMS-main,2036,NPP,mean,40.043609619140625
MBNMS-main,2036,NPP,stdev,2.0124409198760986
MBNMS-main,2037,NPP,mean,40.44639587402344
MBNMS-main,2037,NPP,stdev,2.2044661045074463
MBNMS-main,2038,NPP,mean,41.251914978027344
MBNMS-main,2038,NPP,stdev,2.185271978378296
MBNMS-main,2039,NPP,mean,40.891998291015625
MBNMS-main,2039,NPP,stdev,1.9829251766204834
MBNMS-main,2040,NPP,mean,40.651676177978516
MBNMS-main,2040,NPP,stdev,2.0357697010040283
MBNMS-main,2041,NPP,mean,40.00873947143555
MBNMS-main,2041,NPP,stdev,2.0312135219573975
MBNMS-main,2042,NPP,mean,41.43730545043945
MBNMS-main,2042,NPP,stdev,2.1771481037139893
MBNMS-main,2043,NPP,mean,41.25144958496094
MBNMS-main,2043,NPP,stdev,2.1086554527282715
MBNMS-main,2044,NPP,mean,39.573577880859375
MBNMS-main,2044,NPP,stdev,2.0693914890289307
MBNMS-main,2045,NPP,mean,40.38007354736328
MBNMS-main,2045,NPP,stdev,2.1162874698638916
MBNMS-main,2046,NPP,mean,40.229923248291016
MBNMS-main,2046,NPP,stdev,2.124532699584961
MBNMS-main,2047,NPP,mean,40.38069534301758
MBNMS-main,2047,NPP,stdev,2.0456035137176514
MBNMS-main,2048,NPP,mean,40.54798889160156
MBNMS-main,2048,NPP,stdev,1.998486042022705
MBNMS-main,2049,NPP,mean,40.789039611816406
MBNMS-main,2049,NPP,stdev,2.1806678771972656
MBNMS-main,2050,NPP,mean,40.981773376464844
MBNMS-main,2050,NPP,stdev,2.0237016677856445
MBNMS-main,2051,NPP,mean,40.580413818359375
MBNMS-main,2051,NPP,stdev,2.1017041206359863
MBNMS-main,2052,NPP,mean,40.859405517578125
MBNMS-main,2052,NPP,stdev,2.1414544582366943
MBNMS-main,2053,NPP,mean,40.94756317138672
MBNMS-main,2053,NPP,stdev,2.0718095302581787
MBNMS-main,2054,NPP,mean,40.41401672363281
MBNMS-main,2054,NPP,stdev,2.0671184062957764
MBNMS-main,2055,NPP,mean,39.839500427246094
MBNMS-main,2055,NPP,stdev,1.9394557476043701
MBNMS-main,2056,NPP,mean,40.4000129699707
MBNMS-main,2056,NPP,stdev,2.241957187652588
MBNMS-main,2057,NPP,mean,40.57160186767578
MBNMS-main,2057,NPP,stdev,2.055206298828125
MBNMS-main,2058,NPP,mean,41.01580047607422
MBNMS-main,2058,NPP,stdev,2.2050347328186035
MBNMS-main,2059,NPP,mean,40.56268310546875
MBNMS-main,2059,NPP,stdev,2.1042699813842773
MBNMS-main,2060,NPP,mean,40.15229415893555
MBNMS-main,2060,NPP,stdev,2.0375635623931885
MBNMS-main,2061,NPP,mean,40.09477996826172
MBNMS-main,2061,NPP,stdev,1.971690058708191
MBNMS-main,2062,NPP,mean,40.30588912963867
MBNMS-main,2062,NPP,stdev,1.9994816780090332
MBNMS-main,2063,NPP,mean,39.794315338134766
MBNMS-main,2063,NPP,stdev,1.9288898706436157
MBNMS-main,2064,NPP,mean,40.571250915527344
MBNMS-main,2064,NPP,stdev,2.058820962905884
MBNMS-main,2065,NPP,mean,40.75766372680664
MBNMS-main,2065,NPP,stdev,2.1083765029907227
MBNMS-main,2066,NPP,mean,40.0262565612793
MBNMS-main,2066,NPP,stdev,1.8033262491226196
MBNMS-main,2067,NPP,mean,39.77927780151367
MBNMS-main,2067,NPP,stdev,2.07947039604187
MBNMS-main,2068,NPP,mean,40.17118835449219
MBNMS-main,2068,NPP,stdev,1.9438844919204712
MBNMS-main,2069,NPP,mean,40.16743087768555
MBNMS-main,2069,NPP,stdev,2.055513381958008
MBNMS-main,2070,NPP,mean,40.27572250366211
MBNMS-main,2070,NPP,stdev,2.057744026184082
MBNMS-main,2071,NPP,mean,39.65155792236328
MBNMS-main,2071,NPP,stdev,1.991330862045288
MBNMS-main,2072,NPP,mean,40.00718688964844
MBNMS-main,2072,NPP,stdev,1.9921143054962158
MBNMS-main,2073,NPP,mean,40.15736770629883
MBNMS-main,2073,NPP,stdev,2.040112018585205
MBNMS-main,2074,NPP,mean,39.638938903808594
MBNMS-main,2074,NPP,stdev,1.9246548414230347
MBNMS-main,2075,NPP,mean,39.43595504760742
MBNMS-main,2075,NPP,stdev,1.9353833198547363
MBNMS-main,2076,NPP,mean,40.50468826293945
MBNMS-main,2076,NPP,stdev,1.8900047540664673
MBNMS-main,2077,NPP,mean,40.01747512817383
MBNMS-main,2077,NPP,stdev,2.000473737716675
MBNMS-main,2078,NPP,mean,39.8908805847168
MBNMS-main,2078,NPP,stdev,1.9939730167388916
MBNMS-main,2079,NPP,mean,40.1044921875
MBNMS-main,2079,NPP,stdev,2.0175678730010986
MBNMS-main,2080,NPP,mean,40.08577346801758
MBNMS-main,2080,NPP,stdev,1.977509617805481
MBNMS-main,2081,NPP,mean,40.016990661621094
MBNMS-main,2081,NPP,stdev,2.044581413269043
MBNMS-main,2082,NPP,mean,38.7146110534668
MBNMS-main,2082,NPP,stdev,1.8089284896850586
MBNMS-main,2083,NPP,mean,39.916404724121094
MBNMS-main,2083,NPP,stdev,1.9266773462295532
MBNMS-main,2084,NPP,mean,40.035194396972656
MBNMS-main,2084,NPP,stdev,1.9722859859466553
MBNMS-main,2085,NPP,mean,39.10997009277344
MBNMS-main,2085,NPP,stdev,1.9373708963394165
MBNMS-main,2086,NPP,mean,39.973758697509766
MBNMS-main,2086,NPP,stdev,2.03006649017334
MBNMS-main,2087,NPP,mean,39.40827178955078
MBNMS-main,2087,NPP,stdev,1.9350095987319946
MBNMS-main,2088,NPP,mean,40.128360748291016
MBNMS-main,2088,NPP,stdev,1.9094442129135132
MBNMS-main,2089,NPP,mean,40.02808380126953
MBNMS-main,2089,NPP,stdev,1.9363371133804321
MBNMS-main,2090,NPP,mean,39.73756408691406
MBNMS-main,2090,NPP,stdev,1.8435347080230713
MBNMS-main,2091,NPP,mean,39.25790023803711
MBNMS-main,2091,NPP,stdev,1.9512757062911987
MBNMS-main,2092,NPP,mean,39.69508743286133
MBNMS-main,2092,NPP,stdev,1.9074485301971436
MBNMS-main,2093,NPP,mean,40.02261734008789
MBNMS-main,2093,NPP,stdev,1.8443807363510132
MBNMS-main,2094,NPP,mean,39.482139587402344
MBNMS-main,2094,NPP,stdev,1.9711016416549683
MBNMS-main,2095,NPP,mean,39.504798889160156
MBNMS-main,2095,NPP,stdev,1.8644765615463257
MBNMS-main,2096,NPP,mean,39.75691604614258
MBNMS-main,2096,NPP,stdev,1.9060918092727661
MBNMS-main,2097,NPP,mean,39.13359069824219
MBNMS-main,2097,NPP,stdev,1.7528254985809326
MBNMS-main,2098,NPP,mean,39.14567565917969
MBNMS-main,2098,NPP,stdev,1.7924764156341553
MBNMS-main,2099,NPP,mean,39.72887420654297
MBNMS-main,2099,NPP,stdev,1.9297815561294556
MBNMS-main,2100,NPP,mean,39.119747161865234
MBNMS-main,2100,NPP,stdev,1.860122799873352
MNMS,1990,NPP,mean,33.786678314208984
MNMS,1990,NPP,stdev,0
MNMS,1991,NPP,mean,33.32954406738281
MNMS,1991,NPP,stdev,0
MNMS,1992,NPP,mean,33.567543029785156
MNMS,1992,NPP,stdev,0
MNMS,1993,NPP,mean,33.65932846069336
MNMS,1993,NPP,stdev,0
MNMS,1994,NPP,mean,33.858154296875
MNMS,1994,NPP,stdev,0
MNMS,1995,NPP,mean,33.73789978027344
MNMS,1995,NPP,stdev,0
MNMS,1996,NPP,mean,33.731475830078125
MNMS,1996,NPP,stdev,0
MNMS,1997,NPP,mean,33.528255462646484
MNMS,1997,NPP,stdev,0
MNMS,1998,NPP,mean,33.464683532714844
MNMS,1998,NPP,stdev,0
MNMS,1999,NPP,mean,33.577232360839844
MNMS,1999,NPP,stdev,0
MNMS,2000,NPP,mean,34.157466888427734
MNMS,2000,NPP,stdev,0
MNMS,2001,NPP,mean,33.925689697265625
MNMS,2001,NPP,stdev,0
MNMS,2002,NPP,mean,33.84758377075195
MNMS,2002,NPP,stdev,0
MNMS,2003,NPP,mean,33.6096305847168
MNMS,2003,NPP,stdev,0
MNMS,2004,NPP,mean,33.746177673339844
MNMS,2004,NPP,stdev,0
MNMS,2005,NPP,mean,33.793357849121094
MNMS,2005,NPP,stdev,0
MNMS,2006,NPP,mean,33.76385498046875
MNMS,2006,NPP,stdev,0
MNMS,2007,NPP,mean,33.638736724853516
MNMS,2007,NPP,stdev,0
MNMS,2008,NPP,mean,33.8225212097168
MNMS,2008,NPP,stdev,0
MNMS,2009,NPP,mean,34.0017204284668
MNMS,2009,NPP,stdev,0
MNMS,2010,NPP,mean,34.06583786010742
MNMS,2010,NPP,stdev,0
MNMS,2011,NPP,mean,34.07590103149414
MNMS,2011,NPP,stdev,0
MNMS,2012,NPP,mean,34.314422607421875
MNMS,2012,NPP,stdev,0
MNMS,2013,NPP,mean,34.176639556884766
MNMS,2013,NPP,stdev,0
MNMS,2014,NPP,mean,34.233333587646484
MNMS,2014,NPP,stdev,0
MNMS,2015,NPP,mean,34.44169616699219
MNMS,2015,NPP,stdev,0
MNMS,2016,NPP,mean,34.45477294921875
MNMS,2016,NPP,stdev,0
MNMS,2017,NPP,mean,34.25471496582031
MNMS,2017,NPP,stdev,0
MNMS,2018,NPP,mean,34.46628189086914
MNMS,2018,NPP,stdev,0
MNMS,2019,NPP,mean,34.49092102050781
MNMS,2019,NPP,stdev,0
MNMS,2020,NPP,mean,34.480796813964844
MNMS,2020,NPP,stdev,0
MNMS,2021,NPP,mean,34.43465042114258
MNMS,2021,NPP,stdev,0
MNMS,2022,NPP,mean,34.457454681396484
MNMS,2022,NPP,stdev,0
MNMS,2023,NPP,mean,34.230140686035156
MNMS,2023,NPP,stdev,0
MNMS,2024,NPP,mean,34.46229553222656
MNMS,2024,NPP,stdev,0
MNMS,2025,NPP,mean,34.7181510925293
MNMS,2025,NPP,stdev,0
MNMS,2026,NPP,mean,34.71518325805664
MNMS,2026,NPP,stdev,0
MNMS,2027,NPP,mean,34.493629455566406
MNMS,2027,NPP,stdev,0
MNMS,2028,NPP,mean,34.7458381652832
MNMS,2028,NPP,stdev,0
MNMS,2029,NPP,mean,34.71240234375
MNMS,2029,NPP,stdev,0
MNMS,2030,NPP,mean,34.86347961425781
MNMS,2030,NPP,stdev,0
MNMS,2031,NPP,mean,34.64303970336914
MNMS,2031,NPP,stdev,0
MNMS,2032,NPP,mean,34.64316940307617
MNMS,2032,NPP,stdev,0
MNMS,2033,NPP,mean,34.608612060546875
MNMS,2033,NPP,stdev,0
MNMS,2034,NPP,mean,34.98981475830078
MNMS,2034,NPP,stdev,0
MNMS,2035,NPP,mean,34.471580505371094
MNMS,2035,NPP,stdev,0
MNMS,2036,NPP,mean,34.37818908691406
MNMS,2036,NPP,stdev,0
MNMS,2037,NPP,mean,34.48194122314453
MNMS,2037,NPP,stdev,0
MNMS,2038,NPP,mean,34.86442184448242
MNMS,2038,NPP,stdev,0
MNMS,2039,NPP,mean,34.93031692504883
MNMS,2039,NPP,stdev,0
MNMS,2040,NPP,mean,34.957340240478516
MNMS,2040,NPP,stdev,0
MNMS,2041,NPP,mean,35.05427551269531
MNMS,2041,NPP,stdev,0
MNMS,2042,NPP,mean,34.81819534301758
MNMS,2042,NPP,stdev,0
MNMS,2043,NPP,mean,34.97170639038086
MNMS,2043,NPP,stdev,0
MNMS,2044,NPP,mean,35.279335021972656
MNMS,2044,NPP,stdev,0
MNMS,2045,NPP,mean,35.55794906616211
MNMS,2045,NPP,stdev,0
MNMS,2046,NPP,mean,35.1392936706543
MNMS,2046,NPP,stdev,0
MNMS,2047,NPP,mean,34.602439880371094
MNMS,2047,NPP,stdev,0
MNMS,2048,NPP,mean,35.16884994506836
MNMS,2048,NPP,stdev,0
MNMS,2049,NPP,mean,35.07599639892578
MNMS,2049,NPP,stdev,0
MNMS,2050,NPP,mean,35.07594299316406
MNMS,2050,NPP,stdev,0
MNMS,2051,NPP,mean,34.99770736694336
MNMS,2051,NPP,stdev,0
MNMS,2052,NPP,mean,35.21786880493164
MNMS,2052,NPP,stdev,0
MNMS,2053,NPP,mean,35.288883209228516
MNMS,2053,NPP,stdev,0
MNMS,2054,NPP,mean,34.96512985229492
MNMS,2054,NPP,stdev,0
MNMS,2055,NPP,mean,35.34262466430664
MNMS,2055,NPP,stdev,0
MNMS,2056,NPP,mean,34.973228454589844
MNMS,2056,NPP,stdev,0
MNMS,2057,NPP,mean,35.183387756347656
MNMS,2057,NPP,stdev,0
MNMS,2058,NPP,mean,35.18104553222656
MNMS,2058,NPP,stdev,0
MNMS,2059,NPP,mean,35.00516891479492
MNMS,2059,NPP,stdev,0
MNMS,2060,NPP,mean,35.07621383666992
MNMS,2060,NPP,stdev,0
MNMS,2061,NPP,mean,35.16580581665039
MNMS,2061,NPP,stdev,0
MNMS,2062,NPP,mean,34.983280181884766
MNMS,2062,NPP,stdev,0
MNMS,2063,NPP,mean,35.09922409057617
MNMS,2063,NPP,stdev,0
MNMS,2064,NPP,mean,34.64820098876953
MNMS,2064,NPP,stdev,0
MNMS,2065,NPP,mean,34.62998580932617
MNMS,2065,NPP,stdev,0
MNMS,2066,NPP,mean,35.037471771240234
MNMS,2066,NPP,stdev,0
MNMS,2067,NPP,mean,34.796485900878906
MNMS,2067,NPP,stdev,0
MNMS,2068,NPP,mean,35.0084342956543
MNMS,2068,NPP,stdev,0
MNMS,2069,NPP,mean,35.135833740234375
MNMS,2069,NPP,stdev,0
MNMS,2070,NPP,mean,34.306007385253906
MNMS,2070,NPP,stdev,0
MNMS,2071,NPP,mean,34.77412414550781
MNMS,2071,NPP,stdev,0
MNMS,2072,NPP,mean,34.548927307128906
MNMS,2072,NPP,stdev,0
MNMS,2073,NPP,mean,33.82564163208008
MNMS,2073,NPP,stdev,0
MNMS,2074,NPP,mean,34.32588577270508
MNMS,2074,NPP,stdev,0
MNMS,2075,NPP,mean,34.63999557495117
MNMS,2075,NPP,stdev,0
MNMS,2076,NPP,mean,34.166717529296875
MNMS,2076,NPP,stdev,0
MNMS,2077,NPP,mean,34.678279876708984
MNMS,2077,NPP,stdev,0
MNMS,2078,NPP,mean,33.736549377441406
MNMS,2078,NPP,stdev,0
MNMS,2079,NPP,mean,34.21998977661133
MNMS,2079,NPP,stdev,0
MNMS,2080,NPP,mean,35.13990020751953
MNMS,2080,NPP,stdev,0
MNMS,2081,NPP,mean,33.980567932128906
MNMS,2081,NPP,stdev,0
MNMS,2082,NPP,mean,34.414878845214844
MNMS,2082,NPP,stdev,0
MNMS,2083,NPP,mean,34.568115234375
MNMS,2083,NPP,stdev,0
MNMS,2084,NPP,mean,34.01028060913086
MNMS,2084,NPP,stdev,0
MNMS,2085,NPP,mean,34.64314651489258
MNMS,2085,NPP,stdev,0
MNMS,2086,NPP,mean,33.94826126098633
MNMS,2086,NPP,stdev,0
MNMS,2087,NPP,mean,34.21820068359375
MNMS,2087,NPP,stdev,0
MNMS,2088,NPP,mean,34.81667709350586
MNMS,2088,NPP,stdev,0
MNMS,2089,NPP,mean,33.551719665527344
MNMS,2089,NPP,stdev,0
MNMS,2090,NPP,mean,34.08707809448242
MNMS,2090,NPP,stdev,0
MNMS,2091,NPP,mean,33.839534759521484
MNMS,2091,NPP,stdev,0
MNMS,2092,NPP,mean,34.14019012451172
MNMS,2092,NPP,stdev,0
MNMS,2093,NPP,mean,34.11252212524414
MNMS,2093,NPP,stdev,0
MNMS,2094,NPP,mean,33.76479721069336
MNMS,2094,NPP,stdev,0
MNMS,2095,NPP,mean,34.372955322265625
MNMS,2095,NPP,stdev,0
MNMS,2096,NPP,mean,34.054569244384766
MNMS,2096,NPP,stdev,0
MNMS,2097,NPP,mean,34.08045196533203
MNMS,2097,NPP,stdev,0
MNMS,2098,NPP,mean,34.90204620361328
MNMS,2098,NPP,stdev,0
MNMS,2099,NPP,mean,33.9984016418457
MNMS,2099,NPP,stdev,0
MNMS,2100,NPP,mean,34.217369079589844
MNMS,2100,NPP,stdev,0
NMSAS,1990,NPP,mean,27.588836669921875
NMSAS,1990,NPP,stdev,0.5439474582672119
NMSAS,1991,NPP,mean,27.07293701171875
NMSAS,1991,NPP,stdev,0.6456418633460999
NMSAS,1992,NPP,mean,27.27228355407715
NMSAS,1992,NPP,stdev,0.6476281881332397
NMSAS,1993,NPP,mean,27.283035278320312
NMSAS,1993,NPP,stdev,0.648783266544342
NMSAS,1994,NPP,mean,26.908836364746094
NMSAS,1994,NPP,stdev,0.5895243287086487
NMSAS,1995,NPP,mean,27.194883346557617
NMSAS,1995,NPP,stdev,0.6599790453910828
NMSAS,1996,NPP,mean,27.01454734802246
NMSAS,1996,NPP,stdev,0.6368786692619324
NMSAS,1997,NPP,mean,27.22752571105957
NMSAS,1997,NPP,stdev,0.6857502460479736
NMSAS,1998,NPP,mean,26.911584854125977
NMSAS,1998,NPP,stdev,0.5911371111869812
NMSAS,1999,NPP,mean,26.862462997436523
NMSAS,1999,NPP,stdev,0.6932905316352844
NMSAS,2000,NPP,mean,27.384780883789062
NMSAS,2000,NPP,stdev,0.7017082571983337
NMSAS,2001,NPP,mean,27.49918556213379
NMSAS,2001,NPP,stdev,0.6095084547996521
NMSAS,2002,NPP,mean,27.177814483642578
NMSAS,2002,NPP,stdev,0.5872588157653809
NMSAS,2003,NPP,mean,27.302579879760742
NMSAS,2003,NPP,stdev,0.6487473249435425
NMSAS,2004,NPP,mean,27.152015686035156
NMSAS,2004,NPP,stdev,0.6797345876693726
NMSAS,2005,NPP,mean,27.37261390686035
NMSAS,2005,NPP,stdev,0.6293078660964966
NMSAS,2006,NPP,mean,27.39470863342285
NMSAS,2006,NPP,stdev,0.5828290581703186
NMSAS,2007,NPP,mean,27.13805389404297
NMSAS,2007,NPP,stdev,0.5766205191612244
NMSAS,2008,NPP,mean,27.41000747680664
NMSAS,2008,NPP,stdev,0.6020714044570923
NMSAS,2009,NPP,mean,26.891557693481445
NMSAS,2009,NPP,stdev,0.5669915676116943
NMSAS,2010,NPP,mean,27.042980194091797
NMSAS,2010,NPP,stdev,0.6455456614494324
NMSAS,2011,NPP,mean,26.78856086730957
NMSAS,2011,NPP,stdev,0.5426434874534607
NMSAS,2012,NPP,mean,27.457740783691406
NMSAS,2012,NPP,stdev,0.5881174206733704
NMSAS,2013,NPP,mean,27.36805534362793
NMSAS,2013,NPP,stdev,0.5628753304481506
NMSAS,2014,NPP,mean,27.63998794555664
NMSAS,2014,NPP,stdev,0.6144705414772034
NMSAS,2015,NPP,mean,27.1140193939209
NMSAS,2015,NPP,stdev,0.5935948491096497
NMSAS,2016,NPP,mean,27.364063262939453
NMSAS,2016,NPP,stdev,0.6321223974227905
NMSAS,2017,NPP,mean,27.467510223388672
NMSAS,2017,NPP,stdev,0.5838321447372437
NMSAS,2018,NPP,mean,26.869077682495117
NMSAS,2018,NPP,stdev,0.6161583662033081
NMSAS,2019,NPP,mean,27.32705307006836
NMSAS,2019,NPP,stdev,0.5186958909034729
NMSAS,2020,NPP,mean,27.27120018005371
NMSAS,2020,NPP,stdev,0.5656085014343262
NMSAS,2021,NPP,mean,27.215505599975586
NMSAS,2021,NPP,stdev,0.6218657493591309
NMSAS,2022,NPP,mean,27.107969284057617
NMSAS,2022,NPP,stdev,0.6206138134002686
NMSAS,2023,NPP,mean,26.920143127441406
NMSAS,2023,NPP,stdev,0.5782623887062073
NMSAS,2024,NPP,mean,27.068605422973633
NMSAS,2024,NPP,stdev,0.5361800193786621
NMSAS,2025,NPP,mean,27.234519958496094
NMSAS,2025,NPP,stdev,0.5877036452293396
NMSAS,2026,NPP,mean,26.783464431762695
NMSAS,2026,NPP,stdev,0.601671040058136
NMSAS,2027,NPP,mean,27.74167823791504
NMSAS,2027,NPP,stdev,0.5522562861442566
NMSAS,2028,NPP,mean,27.293928146362305
NMSAS,2028,NPP,stdev,0.5380306243896484
NMSAS,2029,NPP,mean,27.65022850036621
NMSAS,2029,NPP,stdev,0.5913341641426086
NMSAS,2030,NPP,mean,27.182430267333984
NMSAS,2030,NPP,stdev,0.5374096632003784
NMSAS,2031,NPP,mean,27.443960189819336
NMSAS,2031,NPP,stdev,0.4749840497970581
NMSAS,2032,NPP,mean,27.359291076660156
NMSAS,2032,NPP,stdev,0.5062142014503479
NMSAS,2033,NPP,mean,27.492740631103516
NMSAS,2033,NPP,stdev,0.5811832547187805
NMSAS,2034,NPP,mean,27.179155349731445
NMSAS,2034,NPP,stdev,0.5835022926330566
NMSAS,2035,NPP,mean,27.28986167907715
NMSAS,2035,NPP,stdev,0.5069119930267334
NMSAS,2036,NPP,mean,27.27473258972168
NMSAS,2036,NPP,stdev,0.5069379210472107
NMSAS,2037,NPP,mean,27.662418365478516
NMSAS,2037,NPP,stdev,0.5102373957633972
NMSAS,2038,NPP,mean,27.4554386138916
NMSAS,2038,NPP,stdev,0.5343477725982666
NMSAS,2039,NPP,mean,26.93631362915039
NMSAS,2039,NPP,stdev,0.43826431035995483
NMSAS,2040,NPP,mean,26.860641479492188
NMSAS,2040,NPP,stdev,0.5325981974601746
NMSAS,2041,NPP,mean,27.656400680541992
NMSAS,2041,NPP,stdev,0.4938594698905945
NMSAS,2042,NPP,mean,27.029212951660156
NMSAS,2042,NPP,stdev,0.46580490469932556
NMSAS,2043,NPP,mean,27.207340240478516
NMSAS,2043,NPP,stdev,0.47688961029052734
NMSAS,2044,NPP,mean,27.623374938964844
NMSAS,2044,NPP,stdev,0.4366706609725952
NMSAS,2045,NPP,mean,27.095596313476562
NMSAS,2045,NPP,stdev,0.48000839352607727
NMSAS,2046,NPP,mean,27.451711654663086
NMSAS,2046,NPP,stdev,0.46629825234413147
NMSAS,2047,NPP,mean,27.06942367553711
NMSAS,2047,NPP,stdev,0.4433448612689972
NMSAS,2048,NPP,mean,27.62578010559082
NMSAS,2048,NPP,stdev,0.4717014729976654
NMSAS,2049,NPP,mean,27.54705047607422
NMSAS,2049,NPP,stdev,0.46458715200424194
NMSAS,2050,NPP,mean,27.382278442382812
NMSAS,2050,NPP,stdev,0.4336220920085907
NMSAS,2051,NPP,mean,27.323518753051758
NMSAS,2051,NPP,stdev,0.4442821145057678
NMSAS,2052,NPP,mean,27.090831756591797
NMSAS,2052,NPP,stdev,0.4905531704425812
NMSAS,2053,NPP,mean,27.392980575561523
NMSAS,2053,NPP,stdev,0.4835638999938965
NMSAS,2054,NPP,mean,27.048019409179688
NMSAS,2054,NPP,stdev,0.4080045223236084
NMSAS,2055,NPP,mean,27.134756088256836
NMSAS,2055,NPP,stdev,0.46403634548187256
NMSAS,2056,NPP,mean,26.954954147338867
NMSAS,2056,NPP,stdev,0.4309077560901642
NMSAS,2057,NPP,mean,27.601247787475586
NMSAS,2057,NPP,stdev,0.4495851397514343
NMSAS,2058,NPP,mean,26.813941955566406
NMSAS,2058,NPP,stdev,0.4154559075832367
NMSAS,2059,NPP,mean,27.21422576904297
NMSAS,2059,NPP,stdev,0.442831426858902
NMSAS,2060,NPP,mean,27.2408390045166
NMSAS,2060,NPP,stdev,0.3547722101211548
NMSAS,2061,NPP,mean,27.319778442382812
NMSAS,2061,NPP,stdev,0.342511922121048
NMSAS,2062,NPP,mean,27.6068058013916
NMSAS,2062,NPP,stdev,0.42194968461990356
NMSAS,2063,NPP,mean,28.125696182250977
NMSAS,2063,NPP,stdev,0.37971439957618713
NMSAS,2064,NPP,mean,27.19822120666504
NMSAS,2064,NPP,stdev,0.39587676525115967
NMSAS,2065,NPP,mean,27.35272216796875
NMSAS,2065,NPP,stdev,0.3407787084579468
NMSAS,2066,NPP,mean,27.320560455322266
NMSAS,2066,NPP,stdev,0.36805012822151184
NMSAS,2067,NPP,mean,27.302026748657227
NMSAS,2067,NPP,stdev,0.4422997534275055
NMSAS,2068,NPP,mean,27.737323760986328
NMSAS,2068,NPP,stdev,0.4195585548877716
NMSAS,2069,NPP,mean,28.061229705810547
NMSAS,2069,NPP,stdev,0.39952707290649414
NMSAS,2070,NPP,mean,27.47500228881836
NMSAS,2070,NPP,stdev,0.4436511993408203
NMSAS,2071,NPP,mean,28.50090789794922
NMSAS,2071,NPP,stdev,0.46219319105148315
NMSAS,2072,NPP,mean,27.93334197998047
NMSAS,2072,NPP,stdev,0.44484943151474
NMSAS,2073,NPP,mean,28.391380310058594
NMSAS,2073,NPP,stdev,0.402824729681015
NMSAS,2074,NPP,mean,27.59075927734375
NMSAS,2074,NPP,stdev,0.4118882417678833
NMSAS,2075,NPP,mean,28.346954345703125
NMSAS,2075,NPP,stdev,0.42236167192459106
NMSAS,2076,NPP,mean,27.288124084472656
NMSAS,2076,NPP,stdev,0.39402997493743896
NMSAS,2077,NPP,mean,28.545026779174805
NMSAS,2077,NPP,stdev,0.39471322298049927
NMSAS,2078,NPP,mean,27.598281860351562
NMSAS,2078,NPP,stdev,0.394283652305603
NMSAS,2079,NPP,mean,28.051647186279297
NMSAS,2079,NPP,stdev,0.4064631164073944
NMSAS,2080,NPP,mean,27.7635555267334
NMSAS,2080,NPP,stdev,0.4390987455844879
NMSAS,2081,NPP,mean,27.939409255981445
NMSAS,2081,NPP,stdev,0.40920230746269226
NMSAS,2082,NPP,mean,27.981996536254883
NMSAS,2082,NPP,stdev,0.3412144184112549
NMSAS,2083,NPP,mean,28.050474166870117
NMSAS,2083,NPP,stdev,0.4101516604423523
NMSAS,2084,NPP,mean,27.76027488708496
NMSAS,2084,NPP,stdev,0.3905183970928192
NMSAS,2085,NPP,mean,28.466360092163086
NMSAS,2085,NPP,stdev,0.45183002948760986
NMSAS,2086,NPP,mean,27.972047805786133
NMSAS,2086,NPP,stdev,0.38001200556755066
NMSAS,2087,NPP,mean,28.263608932495117
NMSAS,2087,NPP,stdev,0.4201650321483612
NMSAS,2088,NPP,mean,28.094633102416992
NMSAS,2088,NPP,stdev,0.41688600182533264
NMSAS,2089,NPP,mean,28.603713989257812
NMSAS,2089,NPP,stdev,0.3588593006134033
NMSAS,2090,NPP,mean,28.280546188354492
NMSAS,2090,NPP,stdev,0.37158769369125366
NMSAS,2091,NPP,mean,27.90439796447754
NMSAS,2091,NPP,stdev,0.3915288746356964
NMSAS,2092,NPP,mean,27.8291072845459
NMSAS,2092,NPP,stdev,0.382907509803772
NMSAS,2093,NPP,mean,28.068004608154297
NMSAS,2093,NPP,stdev,0.3578280508518219
NMSAS,2094,NPP,mean,28.018245697021484
NMSAS,2094,NPP,stdev,0.37971898913383484
NMSAS,2095,NPP,mean,28.24203109741211
NMSAS,2095,NPP,stdev,0.3637322783470154
NMSAS,2096,NPP,mean,27.59767723083496
NMSAS,2096,NPP,stdev,0.34576216340065
NMSAS,2097,NPP,mean,28.191696166992188
NMSAS,2097,NPP,stdev,0.364709734916687
NMSAS,2098,NPP,mean,28.428800582885742
NMSAS,2098,NPP,stdev,0.4545116126537323
NMSAS,2099,NPP,mean,27.943288803100586
NMSAS,2099,NPP,stdev,0.3696424067020416
NMSAS,2100,NPP,mean,27.98501968383789
NMSAS,2100,NPP,stdev,0.40342774987220764
OCNMS,1990,NPP,mean,35.18313980102539
OCNMS,1990,NPP,stdev,1.2008004188537598
OCNMS,1991,NPP,mean,34.240291595458984
OCNMS,1991,NPP,stdev,1.121907114982605
OCNMS,1992,NPP,mean,33.94516372680664
OCNMS,1992,NPP,stdev,1.046191930770874
OCNMS,1993,NPP,mean,34.18275833129883
OCNMS,1993,NPP,stdev,1.0975133180618286
OCNMS,1994,NPP,mean,34.83606719970703
OCNMS,1994,NPP,stdev,1.2651633024215698
OCNMS,1995,NPP,mean,35.66648483276367
OCNMS,1995,NPP,stdev,1.3226007223129272
OCNMS,1996,NPP,mean,35.41484069824219
OCNMS,1996,NPP,stdev,1.3608484268188477
OCNMS,1997,NPP,mean,35.4457893371582
OCNMS,1997,NPP,stdev,1.3929502964019775
OCNMS,1998,NPP,mean,34.932762145996094
OCNMS,1998,NPP,stdev,1.4035444259643555
OCNMS,1999,NPP,mean,35.61788558959961
OCNMS,1999,NPP,stdev,1.2116668224334717
OCNMS,2000,NPP,mean,36.03834915161133
OCNMS,2000,NPP,stdev,1.3946605920791626
OCNMS,2001,NPP,mean,35.18138122558594
OCNMS,2001,NPP,stdev,1.304942011833191
OCNMS,2002,NPP,mean,35.157657623291016
OCNMS,2002,NPP,stdev,1.3732130527496338
OCNMS,2003,NPP,mean,35.254878997802734
OCNMS,2003,NPP,stdev,1.4178886413574219
OCNMS,2004,NPP,mean,35.315425872802734
OCNMS,2004,NPP,stdev,1.3059786558151245
OCNMS,2005,NPP,mean,35.75299072265625
OCNMS,2005,NPP,stdev,1.3834549188613892
OCNMS,2006,NPP,mean,35.58088302612305
OCNMS,2006,NPP,stdev,1.2698769569396973
OCNMS,2007,NPP,mean,36.17197036743164
OCNMS,2007,NPP,stdev,1.2402483224868774
OCNMS,2008,NPP,mean,35.717567443847656
OCNMS,2008,NPP,stdev,1.4302774667739868
OCNMS,2009,NPP,mean,36.01934814453125
OCNMS,2009,NPP,stdev,1.5051441192626953
OCNMS,2010,NPP,mean,35.935020446777344
OCNMS,2010,NPP,stdev,1.2467520236968994
OCNMS,2011,NPP,mean,35.848995208740234
OCNMS,2011,NPP,stdev,1.419633388519287
OCNMS,2012,NPP,mean,34.87873840332031
OCNMS,2012,NPP,stdev,1.365079402923584
OCNMS,2013,NPP,mean,36.091064453125
OCNMS,2013,NPP,stdev,1.4940630197525024
OCNMS,2014,NPP,mean,35.761863708496094
OCNMS,2014,NPP,stdev,1.2848165035247803
OCNMS,2015,NPP,mean,36.20191192626953
OCNMS,2015,NPP,stdev,1.4057064056396484
OCNMS,2016,NPP,mean,35.99811935424805
OCNMS,2016,NPP,stdev,1.264320969581604
OCNMS,2017,NPP,mean,35.91466522216797
OCNMS,2017,NPP,stdev,1.372645378112793
OCNMS,2018,NPP,mean,36.190547943115234
OCNMS,2018,NPP,stdev,1.3941575288772583
OCNMS,2019,NPP,mean,35.5473518371582
OCNMS,2019,NPP,stdev,1.3200349807739258
OCNMS,2020,NPP,mean,35.789981842041016
OCNMS,2020,NPP,stdev,1.3282607793807983
OCNMS,2021,NPP,mean,36.066062927246094
OCNMS,2021,NPP,stdev,1.4245390892028809
OCNMS,2022,NPP,mean,35.635555267333984
OCNMS,2022,NPP,stdev,1.2711058855056763
OCNMS,2023,NPP,mean,35.91294479370117
OCNMS,2023,NPP,stdev,1.4172297716140747
OCNMS,2024,NPP,mean,35.94670867919922
OCNMS,2024,NPP,stdev,1.4565194845199585
OCNMS,2025,NPP,mean,36.468013763427734
OCNMS,2025,NPP,stdev,1.456870198249817
OCNMS,2026,NPP,mean,36.01541519165039
OCNMS,2026,NPP,stdev,1.4524649381637573
OCNMS,2027,NPP,mean,36.13472366333008
OCNMS,2027,NPP,stdev,1.3848917484283447
OCNMS,2028,NPP,mean,35.73259353637695
OCNMS,2028,NPP,stdev,1.4141395092010498
OCNMS,2029,NPP,mean,35.83960723876953
OCNMS,2029,NPP,stdev,1.465399146080017
OCNMS,2030,NPP,mean,36.30293273925781
OCNMS,2030,NPP,stdev,1.425933599472046
OCNMS,2031,NPP,mean,35.944007873535156
OCNMS,2031,NPP,stdev,1.4376697540283203
OCNMS,2032,NPP,mean,36.10890579223633
OCNMS,2032,NPP,stdev,1.404399037361145
OCNMS,2033,NPP,mean,36.367942810058594
OCNMS,2033,NPP,stdev,1.3333320617675781
OCNMS,2034,NPP,mean,36.09727096557617
OCNMS,2034,NPP,stdev,1.4471557140350342
OCNMS,2035,NPP,mean,35.49760437011719
OCNMS,2035,NPP,stdev,1.4243003129959106
OCNMS,2036,NPP,mean,36.07302474975586
OCNMS,2036,NPP,stdev,1.494403600692749
OCNMS,2037,NPP,mean,36.26108169555664
OCNMS,2037,NPP,stdev,1.4856356382369995
OCNMS,2038,NPP,mean,35.99918746948242
OCNMS,2038,NPP,stdev,1.4481964111328125
OCNMS,2039,NPP,mean,36.453895568847656
OCNMS,2039,NPP,stdev,1.5133388042449951
OCNMS,2040,NPP,mean,35.92164611816406
OCNMS,2040,NPP,stdev,1.4480699300765991
OCNMS,2041,NPP,mean,35.75300598144531
OCNMS,2041,NPP,stdev,1.4715144634246826
OCNMS,2042,NPP,mean,35.972015380859375
OCNMS,2042,NPP,stdev,1.4493745565414429
OCNMS,2043,NPP,mean,36.6326904296875
OCNMS,2043,NPP,stdev,1.575842022895813
OCNMS,2044,NPP,mean,35.54148483276367
OCNMS,2044,NPP,stdev,1.4327508211135864
OCNMS,2045,NPP,mean,35.71857833862305
OCNMS,2045,NPP,stdev,1.4920897483825684
OCNMS,2046,NPP,mean,35.61076354980469
OCNMS,2046,NPP,stdev,1.5542727708816528
OCNMS,2047,NPP,mean,36.08021926879883
OCNMS,2047,NPP,stdev,1.5362612009048462
OCNMS,2048,NPP,mean,35.4754638671875
OCNMS,2048,NPP,stdev,1.3943274021148682
OCNMS,2049,NPP,mean,35.870235443115234
OCNMS,2049,NPP,stdev,1.582675576210022
OCNMS,2050,NPP,mean,35.810821533203125
OCNMS,2050,NPP,stdev,1.487722635269165
OCNMS,2051,NPP,mean,35.888999938964844
OCNMS,2051,NPP,stdev,1.5582585334777832
OCNMS,2052,NPP,mean,36.082637786865234
OCNMS,2052,NPP,stdev,1.5159659385681152
OCNMS,2053,NPP,mean,35.7194709777832
OCNMS,2053,NPP,stdev,1.4588563442230225
OCNMS,2054,NPP,mean,35.92393112182617
OCNMS,2054,NPP,stdev,1.5341733694076538
OCNMS,2055,NPP,mean,35.772850036621094
OCNMS,2055,NPP,stdev,1.4824841022491455
OCNMS,2056,NPP,mean,36.25054931640625
OCNMS,2056,NPP,stdev,1.4883396625518799
OCNMS,2057,NPP,mean,35.95935821533203
OCNMS,2057,NPP,stdev,1.580391526222229
OCNMS,2058,NPP,mean,36.3439826965332
OCNMS,2058,NPP,stdev,1.4974055290222168
OCNMS,2059,NPP,mean,35.94783020019531
OCNMS,2059,NPP,stdev,1.4475679397583008
OCNMS,2060,NPP,mean,36.052162170410156
OCNMS,2060,NPP,stdev,1.5144106149673462
OCNMS,2061,NPP,mean,35.324127197265625
OCNMS,2061,NPP,stdev,1.4945321083068848
OCNMS,2062,NPP,mean,35.500186920166016
OCNMS,2062,NPP,stdev,1.5445284843444824
OCNMS,2063,NPP,mean,35.23435592651367
OCNMS,2063,NPP,stdev,1.3964781761169434
OCNMS,2064,NPP,mean,35.54414749145508
OCNMS,2064,NPP,stdev,1.5479586124420166
OCNMS,2065,NPP,mean,36.071712493896484
OCNMS,2065,NPP,stdev,1.4655495882034302
OCNMS,2066,NPP,mean,35.83278274536133
OCNMS,2066,NPP,stdev,1.5123059749603271
OCNMS,2067,NPP,mean,35.83909225463867
OCNMS,2067,NPP,stdev,1.5783532857894897
OCNMS,2068,NPP,mean,35.67979049682617
OCNMS,2068,NPP,stdev,1.5657881498336792
OCNMS,2069,NPP,mean,35.104400634765625
OCNMS,2069,NPP,stdev,1.5264850854873657
OCNMS,2070,NPP,mean,35.345882415771484
OCNMS,2070,NPP,stdev,1.4574333429336548
OCNMS,2071,NPP,mean,35.07427215576172
OCNMS,2071,NPP,stdev,1.4512584209442139
OCNMS,2072,NPP,mean,35.71915817260742
OCNMS,2072,NPP,stdev,1.454869031906128
OCNMS,2073,NPP,mean,35.589778900146484
OCNMS,2073,NPP,stdev,1.4770071506500244
OCNMS,2074,NPP,mean,35.32534408569336
OCNMS,2074,NPP,stdev,1.674667477607727
OCNMS,2075,NPP,mean,35.218021392822266
OCNMS,2075,NPP,stdev,1.527364730834961
OCNMS,2076,NPP,mean,35.50482177734375
OCNMS,2076,NPP,stdev,1.6118167638778687
OCNMS,2077,NPP,mean,35.46683883666992
OCNMS,2077,NPP,stdev,1.5586568117141724
OCNMS,2078,NPP,mean,35.518280029296875
OCNMS,2078,NPP,stdev,1.6278489828109741
OCNMS,2079,NPP,mean,35.7048454284668
OCNMS,2079,NPP,stdev,1.495719075202942
OCNMS,2080,NPP,mean,35.20392608642578
OCNMS,2080,NPP,stdev,1.5967906713485718
OCNMS,2081,NPP,mean,35.34254837036133
OCNMS,2081,NPP,stdev,1.5216190814971924
OCNMS,2082,NPP,mean,35.568660736083984
OCNMS,2082,NPP,stdev,1.6080859899520874
OCNMS,2083,NPP,mean,34.76565933227539
OCNMS,2083,NPP,stdev,1.4542512893676758
OCNMS,2084,NPP,mean,35.21455383300781
OCNMS,2084,NPP,stdev,1.5641648769378662
OCNMS,2085,NPP,mean,34.589881896972656
OCNMS,2085,NPP,stdev,1.5137896537780762
OCNMS,2086,NPP,mean,35.227516174316406
OCNMS,2086,NPP,stdev,1.4732428789138794
OCNMS,2087,NPP,mean,34.67337417602539
OCNMS,2087,NPP,stdev,1.5576915740966797
OCNMS,2088,NPP,mean,34.70380401611328
OCNMS,2088,NPP,stdev,1.5813419818878174
OCNMS,2089,NPP,mean,34.94487380981445
OCNMS,2089,NPP,stdev,1.6457805633544922
OCNMS,2090,NPP,mean,35.08157730102539
OCNMS,2090,NPP,stdev,1.5682682991027832
OCNMS,2091,NPP,mean,34.92185592651367
OCNMS,2091,NPP,stdev,1.6849780082702637
OCNMS,2092,NPP,mean,34.669620513916016
OCNMS,2092,NPP,stdev,1.6214078664779663
OCNMS,2093,NPP,mean,34.86489486694336
OCNMS,2093,NPP,stdev,1.5651661157608032
OCNMS,2094,NPP,mean,35.406558990478516
OCNMS,2094,NPP,stdev,1.6216881275177002
OCNMS,2095,NPP,mean,35.340091705322266
OCNMS,2095,NPP,stdev,1.7785663604736328
OCNMS,2096,NPP,mean,34.95264434814453
OCNMS,2096,NPP,stdev,1.6259729862213135
OCNMS,2097,NPP,mean,34.592063903808594
OCNMS,2097,NPP,stdev,1.6510637998580933
OCNMS,2098,NPP,mean,34.74574661254883
OCNMS,2098,NPP,stdev,1.53342866897583
OCNMS,2099,NPP,mean,34.691741943359375
OCNMS,2099,NPP,stdev,1.5711641311645508
OCNMS,2100,NPP,mean,34.13078308105469
OCNMS,2100,NPP,stdev,1.580962061882019
SBNMS,1990,NPP,mean,40.58982467651367
SBNMS,1990,NPP,stdev,0.8423266410827637
SBNMS,1991,NPP,mean,39.882301330566406
SBNMS,1991,NPP,stdev,0.842452347278595
SBNMS,1992,NPP,mean,40.29531478881836
SBNMS,1992,NPP,stdev,0.939665675163269
SBNMS,1993,NPP,mean,40.665504455566406
SBNMS,1993,NPP,stdev,0.8957157731056213
SBNMS,1994,NPP,mean,40.93947219848633
SBNMS,1994,NPP,stdev,0.7601136565208435
SBNMS,1995,NPP,mean,41.14971160888672
SBNMS,1995,NPP,stdev,0.8016665577888489
SBNMS,1996,NPP,mean,40.889015197753906
SBNMS,1996,NPP,stdev,0.970507025718689
SBNMS,1997,NPP,mean,40.693511962890625
SBNMS,1997,NPP,stdev,0.8482164740562439
SBNMS,1998,NPP,mean,39.9898681640625
SBNMS,1998,NPP,stdev,0.8804346919059753
SBNMS,1999,NPP,mean,41.18589782714844
SBNMS,1999,NPP,stdev,0.7670618295669556
SBNMS,2000,NPP,mean,41.110538482666016
SBNMS,2000,NPP,stdev,0.794884443283081
SBNMS,2001,NPP,mean,41.42107391357422
SBNMS,2001,NPP,stdev,0.8627910614013672
SBNMS,2002,NPP,mean,40.91292190551758
SBNMS,2002,NPP,stdev,0.7279401421546936
SBNMS,2003,NPP,mean,41.134071350097656
SBNMS,2003,NPP,stdev,0.7702687978744507
SBNMS,2004,NPP,mean,40.78901290893555
SBNMS,2004,NPP,stdev,0.7161820530891418
SBNMS,2005,NPP,mean,40.81477355957031
SBNMS,2005,NPP,stdev,0.7095112204551697
SBNMS,2006,NPP,mean,41.4624137878418
SBNMS,2006,NPP,stdev,0.6568503379821777
SBNMS,2007,NPP,mean,41.92949295043945
SBNMS,2007,NPP,stdev,0.6098705530166626
SBNMS,2008,NPP,mean,41.84392547607422
SBNMS,2008,NPP,stdev,0.7445265650749207
SBNMS,2009,NPP,mean,41.79416275024414
SBNMS,2009,NPP,stdev,0.7279381155967712
SBNMS,2010,NPP,mean,41.089141845703125
SBNMS,2010,NPP,stdev,0.6581783294677734
SBNMS,2011,NPP,mean,41.76847839355469
SBNMS,2011,NPP,stdev,0.6869861483573914
SBNMS,2012,NPP,mean,42.1019401550293
SBNMS,2012,NPP,stdev,0.6445528864860535
SBNMS,2013,NPP,mean,41.80461502075195
SBNMS,2013,NPP,stdev,0.5967310667037964
SBNMS,2014,NPP,mean,42.145477294921875
SBNMS,2014,NPP,stdev,0.5095586776733398
SBNMS,2015,NPP,mean,42.30817794799805
SBNMS,2015,NPP,stdev,0.5607621073722839
SBNMS,2016,NPP,mean,41.99661636352539
SBNMS,2016,NPP,stdev,0.7006665468215942
SBNMS,2017,NPP,mean,42.156044006347656
SBNMS,2017,NPP,stdev,0.6210793852806091
SBNMS,2018,NPP,mean,42.902530670166016
SBNMS,2018,NPP,stdev,0.5775748491287231
SBNMS,2019,NPP,mean,42.72623825073242
SBNMS,2019,NPP,stdev,0.648321807384491
SBNMS,2020,NPP,mean,42.859336853027344
SBNMS,2020,NPP,stdev,0.47078630328178406
SBNMS,2021,NPP,mean,42.35881805419922
SBNMS,2021,NPP,stdev,0.6019728183746338
SBNMS,2022,NPP,mean,42.58467483520508
SBNMS,2022,NPP,stdev,0.6311161518096924
SBNMS,2023,NPP,mean,42.4157829284668
SBNMS,2023,NPP,stdev,0.5439726114273071
SBNMS,2024,NPP,mean,42.456485748291016
SBNMS,2024,NPP,stdev,0.5341662764549255
SBNMS,2025,NPP,mean,42.46478271484375
SBNMS,2025,NPP,stdev,0.6629705429077148
SBNMS,2026,NPP,mean,43.02495574951172
SBNMS,2026,NPP,stdev,0.6175908446311951
SBNMS,2027,NPP,mean,42.85071563720703
SBNMS,2027,NPP,stdev,0.6707858443260193
SBNMS,2028,NPP,mean,43.16304016113281
SBNMS,2028,NPP,stdev,0.4827537536621094
SBNMS,2029,NPP,mean,43.29633331298828
SBNMS,2029,NPP,stdev,0.51775062084198
SBNMS,2030,NPP,mean,42.95152282714844
SBNMS,2030,NPP,stdev,0.5591514110565186
SBNMS,2031,NPP,mean,42.62989044189453
SBNMS,2031,NPP,stdev,0.4390341639518738
SBNMS,2032,NPP,mean,43.364810943603516
SBNMS,2032,NPP,stdev,0.5681552290916443
SBNMS,2033,NPP,mean,43.35039520263672
SBNMS,2033,NPP,stdev,0.4875689148902893
SBNMS,2034,NPP,mean,43.11162185668945
SBNMS,2034,NPP,stdev,0.6285473108291626
SBNMS,2035,NPP,mean,44.07096862792969
SBNMS,2035,NPP,stdev,0.5149106383323669
SBNMS,2036,NPP,mean,43.4090690612793
SBNMS,2036,NPP,stdev,0.47358962893486023
SBNMS,2037,NPP,mean,43.32599639892578
SBNMS,2037,NPP,stdev,0.39580363035202026
SBNMS,2038,NPP,mean,43.36412048339844
SBNMS,2038,NPP,stdev,0.595150887966156
SBNMS,2039,NPP,mean,43.623050689697266
SBNMS,2039,NPP,stdev,0.5290510654449463
SBNMS,2040,NPP,mean,44.09978103637695
SBNMS,2040,NPP,stdev,0.6175764799118042
SBNMS,2041,NPP,mean,43.80874252319336
SBNMS,2041,NPP,stdev,0.31148743629455566
SBNMS,2042,NPP,mean,43.80049133300781
SBNMS,2042,NPP,stdev,0.5139706134796143
SBNMS,2043,NPP,mean,43.68806838989258
SBNMS,2043,NPP,stdev,0.6688462495803833
SBNMS,2044,NPP,mean,44.05251693725586
SBNMS,2044,NPP,stdev,0.652737557888031
SBNMS,2045,NPP,mean,43.974822998046875
SBNMS,2045,NPP,stdev,0.6799453496932983
SBNMS,2046,NPP,mean,44.367733001708984
SBNMS,2046,NPP,stdev,0.6083560585975647
SBNMS,2047,NPP,mean,43.603363037109375
SBNMS,2047,NPP,stdev,0.5146299600601196
SBNMS,2048,NPP,mean,44.00557327270508
SBNMS,2048,NPP,stdev,0.6329079270362854
SBNMS,2049,NPP,mean,44.10376739501953
SBNMS,2049,NPP,stdev,0.6634649634361267
SBNMS,2050,NPP,mean,44.28042221069336
SBNMS,2050,NPP,stdev,0.7147040367126465
SBNMS,2051,NPP,mean,44.99184036254883
SBNMS,2051,NPP,stdev,0.7845447063446045
SBNMS,2052,NPP,mean,44.74980926513672
SBNMS,2052,NPP,stdev,0.8247186541557312
SBNMS,2053,NPP,mean,44.8646240234375
SBNMS,2053,NPP,stdev,0.8262087106704712
SBNMS,2054,NPP,mean,44.68778991699219
SBNMS,2054,NPP,stdev,0.8852368593215942
SBNMS,2055,NPP,mean,44.58046340942383
SBNMS,2055,NPP,stdev,0.9473914504051208
SBNMS,2056,NPP,mean,44.388816833496094
SBNMS,2056,NPP,stdev,0.8763893842697144
SBNMS,2057,NPP,mean,44.65585708618164
SBNMS,2057,NPP,stdev,0.7478481531143188
SBNMS,2058,NPP,mean,44.87322998046875
SBNMS,2058,NPP,stdev,1.0119335651397705
SBNMS,2059,NPP,mean,44.5215950012207
SBNMS,2059,NPP,stdev,1.0054211616516113
SBNMS,2060,NPP,mean,44.59538269042969
SBNMS,2060,NPP,stdev,1.09223473072052
SBNMS,2061,NPP,mean,44.95168685913086
SBNMS,2061,NPP,stdev,1.1852197647094727
SBNMS,2062,NPP,mean,44.34817886352539
SBNMS,2062,NPP,stdev,1.1295344829559326
SBNMS,2063,NPP,mean,44.647064208984375
SBNMS,2063,NPP,stdev,1.0010756254196167
SBNMS,2064,NPP,mean,44.522369384765625
SBNMS,2064,NPP,stdev,1.2048505544662476
SBNMS,2065,NPP,mean,44.882511138916016
SBNMS,2065,NPP,stdev,1.2479010820388794
SBNMS,2066,NPP,mean,44.6840934753418
SBNMS,2066,NPP,stdev,1.2800980806350708
SBNMS,2067,NPP,mean,44.424072265625
SBNMS,2067,NPP,stdev,1.2650996446609497
SBNMS,2068,NPP,mean,43.83036804199219
SBNMS,2068,NPP,stdev,1.2185322046279907
SBNMS,2069,NPP,mean,44.443565368652344
SBNMS,2069,NPP,stdev,1.2609386444091797
SBNMS,2070,NPP,mean,44.90094757080078
SBNMS,2070,NPP,stdev,1.1833819150924683
SBNMS,2071,NPP,mean,44.01383590698242
SBNMS,2071,NPP,stdev,1.2187060117721558
SBNMS,2072,NPP,mean,43.99351501464844
SBNMS,2072,NPP,stdev,1.161245584487915
SBNMS,2073,NPP,mean,44.34919738769531
SBNMS,2073,NPP,stdev,1.3076921701431274
SBNMS,2074,NPP,mean,44.22184371948242
SBNMS,2074,NPP,stdev,1.2590563297271729
SBNMS,2075,NPP,mean,44.48564147949219
SBNMS,2075,NPP,stdev,1.2695997953414917
SBNMS,2076,NPP,mean,44.2625732421875
SBNMS,2076,NPP,stdev,1.3629510402679443
SBNMS,2077,NPP,mean,43.50653076171875
SBNMS,2077,NPP,stdev,1.2435302734375
SBNMS,2078,NPP,mean,43.86458206176758
SBNMS,2078,NPP,stdev,1.3479350805282593
SBNMS,2079,NPP,mean,43.18227767944336
SBNMS,2079,NPP,stdev,1.3742223978042603
SBNMS,2080,NPP,mean,42.91471481323242
SBNMS,2080,NPP,stdev,1.3231265544891357
SBNMS,2081,NPP,mean,42.96907424926758
SBNMS,2081,NPP,stdev,1.4397257566452026
SBNMS,2082,NPP,mean,42.800926208496094
SBNMS,2082,NPP,stdev,1.347586989402771
SBNMS,2083,NPP,mean,42.59748458862305
SBNMS,2083,NPP,stdev,1.4601705074310303
SBNMS,2084,NPP,mean,42.64077377319336
SBNMS,2084,NPP,stdev,1.2966986894607544
SBNMS,2085,NPP,mean,42.70461654663086
SBNMS,2085,NPP,stdev,1.3407633304595947
SBNMS,2086,NPP,mean,42.330928802490234
SBNMS,2086,NPP,stdev,1.3375908136367798
SBNMS,2087,NPP,mean,42.774085998535156
SBNMS,2087,NPP,stdev,1.3934446573257446
SBNMS,2088,NPP,mean,41.70769500732422
SBNMS,2088,NPP,stdev,1.4133318662643433
SBNMS,2089,NPP,mean,41.36409378051758
SBNMS,2089,NPP,stdev,1.2056360244750977
SBNMS,2090,NPP,mean,41.51223373413086
SBNMS,2090,NPP,stdev,1.4577876329421997
SBNMS,2091,NPP,mean,40.83909225463867
SBNMS,2091,NPP,stdev,1.2852548360824585
SBNMS,2092,NPP,mean,41.014225006103516
SBNMS,2092,NPP,stdev,1.3477261066436768
SBNMS,2093,NPP,mean,40.73286819458008
SBNMS,2093,NPP,stdev,1.0747852325439453
SBNMS,2094,NPP,mean,41.06557083129883
SBNMS,2094,NPP,stdev,1.37616765499115
SBNMS,2095,NPP,mean,39.78514862060547
SBNMS,2095,NPP,stdev,1.374597191810608
SBNMS,2096,NPP,mean,39.268943786621094
SBNMS,2096,NPP,stdev,0.9881633520126343
SBNMS,2097,NPP,mean,39.55223083496094
SBNMS,2097,NPP,stdev,1.3103444576263428
SBNMS,2098,NPP,mean,38.330440521240234
SBNMS,2098,NPP,stdev,1.181998610496521
SBNMS,2099,NPP,mean,38.40992736816406
SBNMS,2099,NPP,stdev,1.3521572351455688
SBNMS,2100,NPP,mean,37.68517303466797
SBNMS,2100,NPP,stdev,1.0034962892532349
TBNMS,1990,NPP,mean,NA
TBNMS,1990,NPP,stdev,NA
TBNMS,1991,NPP,mean,NA
TBNMS,1991,NPP,stdev,NA
TBNMS,1992,NPP,mean,NA
TBNMS,1992,NPP,stdev,NA
TBNMS,1993,NPP,mean,NA
TBNMS,1993,NPP,stdev,NA
TBNMS,1994,NPP,mean,NA
TBNMS,1994,NPP,stdev,NA
TBNMS,1995,NPP,mean,NA
TBNMS,1995,NPP,stdev,NA
TBNMS,1996,NPP,mean,NA
TBNMS,1996,NPP,stdev,NA
TBNMS,1997,NPP,mean,NA
TBNMS,1997,NPP,stdev,NA
TBNMS,1998,NPP,mean,NA
TBNMS,1998,NPP,stdev,NA
TBNMS,1999,NPP,mean,NA
TBNMS,1999,NPP,stdev,NA
TBNMS,2000,NPP,mean,NA
TBNMS,2000,NPP,stdev,NA
TBNMS,2001,NPP,mean,NA
TBNMS,2001,NPP,stdev,NA
TBNMS,2002,NPP,mean,NA
TBNMS,2002,NPP,stdev,NA
TBNMS,2003,NPP,mean,NA
TBNMS,2003,NPP,stdev,NA
TBNMS,2004,NPP,mean,NA
TBNMS,2004,NPP,stdev,NA
TBNMS,2005,NPP,mean,NA
TBNMS,2005,NPP,stdev,NA
TBNMS,2006,NPP,mean,NA
TBNMS,2006,NPP,stdev,NA
TBNMS,2007,NPP,mean,NA
TBNMS,2007,NPP,stdev,NA
TBNMS,2008,NPP,mean,NA
TBNMS,2008,NPP,stdev,NA
TBNMS,2009,NPP,mean,NA
TBNMS,2009,NPP,stdev,NA
TBNMS,2010,NPP,mean,NA
TBNMS,2010,NPP,stdev,NA
TBNMS,2011,NPP,mean,NA
TBNMS,2011,NPP,stdev,NA
TBNMS,2012,NPP,mean,NA
TBNMS,2012,NPP,stdev,NA
TBNMS,2013,NPP,mean,NA
TBNMS,2013,NPP,stdev,NA
TBNMS,2014,NPP,mean,NA
TBNMS,2014,NPP,stdev,NA
TBNMS,2015,NPP,mean,NA
TBNMS,2015,NPP,stdev,NA
TBNMS,2016,NPP,mean,NA
TBNMS,2016,NPP,stdev,NA
TBNMS,2017,NPP,mean,NA
TBNMS,2017,NPP,stdev,NA
TBNMS,2018,NPP,mean,NA
TBNMS,2018,NPP,stdev,NA
TBNMS,2019,NPP,mean,NA
TBNMS,2019,NPP,stdev,NA
TBNMS,2020,NPP,mean,NA
TBNMS,2020,NPP,stdev,NA
TBNMS,2021,NPP,mean,NA
TBNMS,2021,NPP,stdev,NA
TBNMS,2022,NPP,mean,NA
TBNMS,2022,NPP,stdev,NA
TBNMS,2023,NPP,mean,NA
TBNMS,2023,NPP,stdev,NA
TBNMS,2024,NPP,mean,NA
TBNMS,2024,NPP,stdev,NA
TBNMS,2025,NPP,mean,NA
TBNMS,2025,NPP,stdev,NA
TBNMS,2026,NPP,mean,NA
TBNMS,2026,NPP,stdev,NA
TBNMS,2027,NPP,mean,NA
TBNMS,2027,NPP,stdev,NA
TBNMS,2028,NPP,mean,NA
TBNMS,2028,NPP,stdev,NA
TBNMS,2029,NPP,mean,NA
TBNMS,2029,NPP,stdev,NA
TBNMS,2030,NPP,mean,NA
TBNMS,2030,NPP,stdev,NA
TBNMS,2031,NPP,mean,NA
TBNMS,2031,NPP,stdev,NA
TBNMS,2032,NPP,mean,NA
TBNMS,2032,NPP,stdev,NA
TBNMS,2033,NPP,mean,NA
TBNMS,2033,NPP,stdev,NA
TBNMS,2034,NPP,mean,NA
TBNMS,2034,NPP,stdev,NA
TBNMS,2035,NPP,mean,NA
TBNMS,2035,NPP,stdev,NA
TBNMS,2036,NPP,mean,NA
TBNMS,2036,NPP,stdev,NA
TBNMS,2037,NPP,mean,NA
TBNMS,2037,NPP,stdev,NA
TBNMS,2038,NPP,mean,NA
TBNMS,2038,NPP,stdev,NA
TBNMS,2039,NPP,mean,NA
TBNMS,2039,NPP,stdev,NA
TBNMS,2040,NPP,mean,NA
TBNMS,2040,NPP,stdev,NA
TBNMS,2041,NPP,mean,NA
TBNMS,2041,NPP,stdev,NA
TBNMS,2042,NPP,mean,NA
TBNMS,2042,NPP,stdev,NA
TBNMS,2043,NPP,mean,NA
TBNMS,2043,NPP,stdev,NA
TBNMS,2044,NPP,mean,NA
TBNMS,2044,NPP,stdev,NA
TBNMS,2045,NPP,mean,NA
TBNMS,2045,NPP,stdev,NA
TBNMS,2046,NPP,mean,NA
TBNMS,2046,NPP,stdev,NA
TBNMS,2047,NPP,mean,NA
TBNMS,2047,NPP,stdev,NA
TBNMS,2048,NPP,mean,NA
TBNMS,2048,NPP,stdev,NA
TBNMS,2049,NPP,mean,NA
TBNMS,2049,NPP,stdev,NA
TBNMS,2050,NPP,mean,NA
TBNMS,2050,NPP,stdev,NA
TBNMS,2051,NPP,mean,NA
TBNMS,2051,NPP,stdev,NA
TBNMS,2052,NPP,mean,NA
TBNMS,2052,NPP,stdev,NA
TBNMS,2053,NPP,mean,NA
TBNMS,2053,NPP,stdev,NA
TBNMS,2054,NPP,mean,NA
TBNMS,2054,NPP,stdev,NA
TBNMS,2055,NPP,mean,NA
TBNMS,2055,NPP,stdev,NA
TBNMS,2056,NPP,mean,NA
TBNMS,2056,NPP,stdev,NA
TBNMS,2057,NPP,mean,NA
TBNMS,2057,NPP,stdev,NA
TBNMS,2058,NPP,mean,NA
TBNMS,2058,NPP,stdev,NA
TBNMS,2059,NPP,mean,NA
TBNMS,2059,NPP,stdev,NA
TBNMS,2060,NPP,mean,NA
TBNMS,2060,NPP,stdev,NA
TBNMS,2061,NPP,mean,NA
TBNMS,2061,NPP,stdev,NA
TBNMS,2062,NPP,mean,NA
TBNMS,2062,NPP,stdev,NA
TBNMS,2063,NPP,mean,NA
TBNMS,2063,NPP,stdev,NA
TBNMS,2064,NPP,mean,NA
TBNMS,2064,NPP,stdev,NA
TBNMS,2065,NPP,mean,NA
TBNMS,2065,NPP,stdev,NA
TBNMS,2066,NPP,mean,NA
TBNMS,2066,NPP,stdev,NA
TBNMS,2067,NPP,mean,NA
TBNMS,2067,NPP,stdev,NA
TBNMS,2068,NPP,mean,NA
TBNMS,2068,NPP,stdev,NA
TBNMS,2069,NPP,mean,NA
TBNMS,2069,NPP,stdev,NA
TBNMS,2070,NPP,mean,NA
TBNMS,2070,NPP,stdev,NA
TBNMS,2071,NPP,mean,NA
TBNMS,2071,NPP,stdev,NA
TBNMS,2072,NPP,mean,NA
TBNMS,2072,NPP,stdev,NA
TBNMS,2073,NPP,mean,NA
TBNMS,2073,NPP,stdev,NA
TBNMS,2074,NPP,mean,NA
TBNMS,2074,NPP,stdev,NA
TBNMS,2075,NPP,mean,NA
TBNMS,2075,NPP,stdev,NA
TBNMS,2076,NPP,mean,NA
TBNMS,2076,NPP,stdev,NA
TBNMS,2077,NPP,mean,NA
TBNMS,2077,NPP,stdev,NA
TBNMS,2078,NPP,mean,NA
TBNMS,2078,NPP,stdev,NA
TBNMS,2079,NPP,mean,NA
TBNMS,2079,NPP,stdev,NA
TBNMS,2080,NPP,mean,NA
TBNMS,2080,NPP,stdev,NA
TBNMS,2081,NPP,mean,NA
TBNMS,2081,NPP,stdev,NA
TBNMS,2082,NPP,mean,NA
TBNMS,2082,NPP,stdev,NA
TBNMS,2083,NPP,mean,NA
TBNMS,2083,NPP,stdev,NA
TBNMS,2084,NPP,mean,NA
TBNMS,2084,NPP,stdev,NA
TBNMS,2085,NPP,mean,NA
TBNMS,2085,NPP,stdev,NA
TBNMS,2086,NPP,mean,NA
TBNMS,2086,NPP,stdev,NA
TBNMS,2087,NPP,mean,NA
TBNMS,2087,NPP,stdev,NA
TBNMS,2088,NPP,mean,NA
TBNMS,2088,NPP,stdev,NA
TBNMS,2089,NPP,mean,NA
TBNMS,2089,NPP,stdev,NA
TBNMS,2090,NPP,mean,NA
TBNMS,2090,NPP,stdev,NA
TBNMS,2091,NPP,mean,NA
TBNMS,2091,NPP,stdev,NA
TBNMS,2092,NPP,mean,NA
TBNMS,2092,NPP,stdev,NA
TBNMS,2093,NPP,mean,NA
TBNMS,2093,NPP,stdev,NA
TBNMS,2094,NPP,mean,NA
TBNMS,2094,NPP,stdev,NA
TBNMS,2095,NPP,mean,NA
TBNMS,2095,NPP,stdev,NA
TBNMS,2096,NPP,mean,NA
TBNMS,2096,NPP,stdev,NA
TBNMS,2097,NPP,mean,NA
TBNMS,2097,NPP,stdev,NA
TBNMS,2098,NPP,mean,NA
TBNMS,2098,NPP,stdev,NA
TBNMS,2099,NPP,mean,NA
TBNMS,2099,NPP,stdev,NA
TBNMS,2100,NPP,mean,NA
TBNMS,2100,NPP,stdev,NA
CBNMS,1990,PH,mean,8.080270767211914
CBNMS,1990,PH,stdev,7.021233905106783e-4
CBNMS,1991,PH,mean,8.079673767089844
CBNMS,1991,PH,stdev,0.001131824916228652
CBNMS,1992,PH,mean,8.0791015625
CBNMS,1992,PH,stdev,0.0012272433377802372
CBNMS,1993,PH,mean,8.07789134979248
CBNMS,1993,PH,stdev,0.0014209605287760496
CBNMS,1994,PH,mean,8.075334548950195
CBNMS,1994,PH,stdev,0.0013672133209183812
CBNMS,1995,PH,mean,8.07465934753418
CBNMS,1995,PH,stdev,0.0011943717254325747
CBNMS,1996,PH,mean,8.0728302001953125
CBNMS,1996,PH,stdev,0.0013826965587213635
CBNMS,1997,PH,mean,8.07082748413086
CBNMS,1997,PH,stdev,0.001221180660650134
CBNMS,1998,PH,mean,8.069112777709961
CBNMS,1998,PH,stdev,0.0012132665142416954
CBNMS,1999,PH,mean,8.067084312438965
CBNMS,1999,PH,stdev,0.001048810314387083
CBNMS,2000,PH,mean,8.065033912658691
CBNMS,2000,PH,stdev,0.0010470208944752812
CBNMS,2001,PH,mean,8.062376022338867
CBNMS,2001,PH,stdev,7.534846081398427e-4
CBNMS,2002,PH,mean,8.061100006103516
CBNMS,2002,PH,stdev,8.114418596960604e-4
CBNMS,2003,PH,mean,8.060274124145508
CBNMS,2003,PH,stdev,0.0011091305641457438
CBNMS,2004,PH,mean,8.057896614074707
CBNMS,2004,PH,stdev,9.202841320075095e-4
CBNMS,2005,PH,mean,8.056013107299805
CBNMS,2005,PH,stdev,0.001212380826473236
CBNMS,2006,PH,mean,8.054991722106934
CBNMS,2006,PH,stdev,0.0011621604207903147
CBNMS,2007,PH,mean,8.053239822387695
CBNMS,2007,PH,stdev,0.0011593603994697332
CBNMS,2008,PH,mean,8.050923347473145
CBNMS,2008,PH,stdev,8.851547027006745e-4
CBNMS,2009,PH,mean,8.049056053161621
CBNMS,2009,PH,stdev,0.001226141583174467
CBNMS,2010,PH,mean,8.047240257263184
CBNMS,2010,PH,stdev,9.719592053443193e-4
CBNMS,2011,PH,mean,8.045268058776855
CBNMS,2011,PH,stdev,8.272232953459024e-4
CBNMS,2012,PH,mean,8.043736457824707
CBNMS,2012,PH,stdev,0.0010946989059448242
CBNMS,2013,PH,mean,8.041845321655273
CBNMS,2013,PH,stdev,0.0013830498792231083
CBNMS,2014,PH,mean,8.039285659790039
CBNMS,2014,PH,stdev,9.022120502777398e-4
CBNMS,2015,PH,mean,8.037610054016113
CBNMS,2015,PH,stdev,0.0010078129125759006
CBNMS,2016,PH,mean,8.03513240814209
CBNMS,2016,PH,stdev,0.0011862156679853797
CBNMS,2017,PH,mean,8.03270149230957
CBNMS,2017,PH,stdev,0.0010318527929484844
CBNMS,2018,PH,mean,8.030426025390625
CBNMS,2018,PH,stdev,0.0011167589109390974
CBNMS,2019,PH,mean,8.027281761169434
CBNMS,2019,PH,stdev,0.0011753952130675316
CBNMS,2020,PH,mean,8.025793075561523
CBNMS,2020,PH,stdev,0.001279856893233955
CBNMS,2021,PH,mean,8.023395538330078
CBNMS,2021,PH,stdev,0.001258584437891841
CBNMS,2022,PH,mean,8.01956558227539
CBNMS,2022,PH,stdev,0.0011485444847494364
CBNMS,2023,PH,mean,8.017096519470215
CBNMS,2023,PH,stdev,0.0013696692185476422
CBNMS,2024,PH,mean,8.013141632080078
CBNMS,2024,PH,stdev,0.0012057400308549404
CBNMS,2025,PH,mean,8.01026439666748
CBNMS,2025,PH,stdev,0.0011198822176083922
CBNMS,2026,PH,mean,8.006587028503418
CBNMS,2026,PH,stdev,0.0010738176060840487
CBNMS,2027,PH,mean,8.004587173461914
CBNMS,2027,PH,stdev,0.001217672135680914
CBNMS,2028,PH,mean,8.00164794921875
CBNMS,2028,PH,stdev,0.001269641099497676
CBNMS,2029,PH,mean,7.997851848602295
CBNMS,2029,PH,stdev,0.0012625071685761213
CBNMS,2030,PH,mean,7.995193958282471
CBNMS,2030,PH,stdev,0.0012832158245146275
CBNMS,2031,PH,mean,7.992112636566162
CBNMS,2031,PH,stdev,0.00135034357663244
CBNMS,2032,PH,mean,7.988885879516602
CBNMS,2032,PH,stdev,0.001548031927086413
CBNMS,2033,PH,mean,7.98563289642334
CBNMS,2033,PH,stdev,0.0013045043451711535
CBNMS,2034,PH,mean,7.982588291168213
CBNMS,2034,PH,stdev,0.0014190177898854017
CBNMS,2035,PH,mean,7.97897481918335
CBNMS,2035,PH,stdev,0.0013570182491093874
CBNMS,2036,PH,mean,7.975770473480225
CBNMS,2036,PH,stdev,0.0014447537250816822
CBNMS,2037,PH,mean,7.972681045532227
CBNMS,2037,PH,stdev,0.0012898242566734552
CBNMS,2038,PH,mean,7.969328880310059
CBNMS,2038,PH,stdev,0.001561980345286429
CBNMS,2039,PH,mean,7.965391635894775
CBNMS,2039,PH,stdev,0.0013599996455013752
CBNMS,2040,PH,mean,7.962404727935791
CBNMS,2040,PH,stdev,0.001214586547575891
CBNMS,2041,PH,mean,7.958708763122559
CBNMS,2041,PH,stdev,0.0013915101299062371
CBNMS,2042,PH,mean,7.955452919006348
CBNMS,2042,PH,stdev,0.0012885523028671741
CBNMS,2043,PH,mean,7.952019691467285
CBNMS,2043,PH,stdev,0.0012596618616953492
CBNMS,2044,PH,mean,7.948231220245361
CBNMS,2044,PH,stdev,0.0011483264388516545
CBNMS,2045,PH,mean,7.9453535079956055
CBNMS,2045,PH,stdev,0.0013683204306289554
CBNMS,2046,PH,mean,7.941765785217285
CBNMS,2046,PH,stdev,0.0015596766024827957
CBNMS,2047,PH,mean,7.938446998596191
CBNMS,2047,PH,stdev,0.001474014250561595
CBNMS,2048,PH,mean,7.934834003448486
CBNMS,2048,PH,stdev,0.0012812565546482801
CBNMS,2049,PH,mean,7.93107271194458
CBNMS,2049,PH,stdev,0.0012822470162063837
CBNMS,2050,PH,mean,7.927882194519043
CBNMS,2050,PH,stdev,0.0014609863283112645
CBNMS,2051,PH,mean,7.924335479736328
CBNMS,2051,PH,stdev,0.001384281786158681
CBNMS,2052,PH,mean,7.921026229858398
CBNMS,2052,PH,stdev,0.0013018520548939705
CBNMS,2053,PH,mean,7.916795253753662
CBNMS,2053,PH,stdev,0.0010884377406910062
CBNMS,2054,PH,mean,7.914261341094971
CBNMS,2054,PH,stdev,0.0015616660239174962
CBNMS,2055,PH,mean,7.910017013549805
CBNMS,2055,PH,stdev,0.0010670573683455586
CBNMS,2056,PH,mean,7.9061665534973145
CBNMS,2056,PH,stdev,0.0015289216535165906
CBNMS,2057,PH,mean,7.9032063484191895
CBNMS,2057,PH,stdev,0.0015334635972976685
CBNMS,2058,PH,mean,7.900173664093018
CBNMS,2058,PH,stdev,0.0017115016235038638
CBNMS,2059,PH,mean,7.896014213562012
CBNMS,2059,PH,stdev,0.001251127920113504
CBNMS,2060,PH,mean,7.892218589782715
CBNMS,2060,PH,stdev,0.0012503414181992412
CBNMS,2061,PH,mean,7.8890204429626465
CBNMS,2061,PH,stdev,0.001286773243919015
CBNMS,2062,PH,mean,7.885568141937256
CBNMS,2062,PH,stdev,0.0014670969685539603
CBNMS,2063,PH,mean,7.881109714508057
CBNMS,2063,PH,stdev,0.001370481215417385
CBNMS,2064,PH,mean,7.878190994262695
CBNMS,2064,PH,stdev,0.0015742374816909432
CBNMS,2065,PH,mean,7.874687194824219
CBNMS,2065,PH,stdev,0.001537923002615571
CBNMS,2066,PH,mean,7.871368885040283
CBNMS,2066,PH,stdev,0.0013810674427077174
CBNMS,2067,PH,mean,7.867654800415039
CBNMS,2067,PH,stdev,0.0015383873833343387
CBNMS,2068,PH,mean,7.863678932189941
CBNMS,2068,PH,stdev,0.0015526979696005583
CBNMS,2069,PH,mean,7.860116004943848
CBNMS,2069,PH,stdev,0.001604439690709114
CBNMS,2070,PH,mean,7.856441020965576
CBNMS,2070,PH,stdev,0.0013377945870161057
CBNMS,2071,PH,mean,7.852061748504639
CBNMS,2071,PH,stdev,0.00148846919182688
CBNMS,2072,PH,mean,7.848965167999268
CBNMS,2072,PH,stdev,0.001549026696011424
CBNMS,2073,PH,mean,7.845205307006836
CBNMS,2073,PH,stdev,0.0014128811890259385
CBNMS,2074,PH,mean,7.841507911682129
CBNMS,2074,PH,stdev,0.0015826774761080742
CBNMS,2075,PH,mean,7.837707996368408
CBNMS,2075,PH,stdev,0.0016373083926737309
CBNMS,2076,PH,mean,7.833858489990234
CBNMS,2076,PH,stdev,0.0013025564840063453
CBNMS,2077,PH,mean,7.830512046813965
CBNMS,2077,PH,stdev,0.0015654523158445954
CBNMS,2078,PH,mean,7.8263397216796875
CBNMS,2078,PH,stdev,0.0016063963994383812
CBNMS,2079,PH,mean,7.822575569152832
CBNMS,2079,PH,stdev,0.0016866240184754133
CBNMS,2080,PH,mean,7.819150924682617
CBNMS,2080,PH,stdev,0.0014948883326724172
CBNMS,2081,PH,mean,7.815764904022217
CBNMS,2081,PH,stdev,0.0015236944891512394
CBNMS,2082,PH,mean,7.811470031738281
CBNMS,2082,PH,stdev,0.0014247492654249072
CBNMS,2083,PH,mean,7.80903434753418
CBNMS,2083,PH,stdev,0.0016181502724066377
CBNMS,2084,PH,mean,7.804841041564941
CBNMS,2084,PH,stdev,0.0017854509642347693
CBNMS,2085,PH,mean,7.800471782684326
CBNMS,2085,PH,stdev,0.0016203416744247079
CBNMS,2086,PH,mean,7.797517776489258
CBNMS,2086,PH,stdev,0.001654876279644668
CBNMS,2087,PH,mean,7.793091773986816
CBNMS,2087,PH,stdev,0.0015177205204963684
CBNMS,2088,PH,mean,7.789580821990967
CBNMS,2088,PH,stdev,0.0017365944804623723
CBNMS,2089,PH,mean,7.785783767700195
CBNMS,2089,PH,stdev,0.0016139742219820619
CBNMS,2090,PH,mean,7.781393051147461
CBNMS,2090,PH,stdev,0.0015882208244875073
CBNMS,2091,PH,mean,7.777698040008545
CBNMS,2091,PH,stdev,0.0016445997171103954
CBNMS,2092,PH,mean,7.773823261260986
CBNMS,2092,PH,stdev,0.0015033953823149204
CBNMS,2093,PH,mean,7.7702507972717285
CBNMS,2093,PH,stdev,0.001547092106193304
CBNMS,2094,PH,mean,7.7663493156433105
CBNMS,2094,PH,stdev,0.001541274948976934
CBNMS,2095,PH,mean,7.762470245361328
CBNMS,2095,PH,stdev,0.0014963166322559118
CBNMS,2096,PH,mean,7.759377956390381
CBNMS,2096,PH,stdev,0.0018969756783917546
CBNMS,2097,PH,mean,7.7550201416015625
CBNMS,2097,PH,stdev,0.0014825515681877732
CBNMS,2098,PH,mean,7.750255107879639
CBNMS,2098,PH,stdev,0.0015283599495887756
CBNMS,2099,PH,mean,7.747527122497559
CBNMS,2099,PH,stdev,0.0015775603242218494
CBNMS,2100,PH,mean,7.743361949920654
CBNMS,2100,PH,stdev,0.0015869984636083245
CINMS,1990,PH,mean,8.070028305053711
CINMS,1990,PH,stdev,0.001866013277322054
CINMS,1991,PH,mean,8.069741249084473
CINMS,1991,PH,stdev,0.0017073556082323194
CINMS,1992,PH,mean,8.069294929504395
CINMS,1992,PH,stdev,0.0016889285761862993
CINMS,1993,PH,mean,8.066679954528809
CINMS,1993,PH,stdev,0.0019496259046718478
CINMS,1994,PH,mean,8.064678192138672
CINMS,1994,PH,stdev,0.001954111736267805
CINMS,1995,PH,mean,8.063724517822266
CINMS,1995,PH,stdev,0.0019293936202302575
CINMS,1996,PH,mean,8.06144905090332
CINMS,1996,PH,stdev,0.00203184993006289
CINMS,1997,PH,mean,8.059258460998535
CINMS,1997,PH,stdev,0.002012899611145258
CINMS,1998,PH,mean,8.059002876281738
CINMS,1998,PH,stdev,0.0017763455398380756
CINMS,1999,PH,mean,8.056490898132324
CINMS,1999,PH,stdev,0.0019360743463039398
CINMS,2000,PH,mean,8.054615020751953
CINMS,2000,PH,stdev,0.00196899869479239
CINMS,2001,PH,mean,8.052401542663574
CINMS,2001,PH,stdev,0.001823471044190228
CINMS,2002,PH,mean,8.050711631774902
CINMS,2002,PH,stdev,0.0018922168528661132
CINMS,2003,PH,mean,8.049973487854004
CINMS,2003,PH,stdev,0.0019414410926401615
CINMS,2004,PH,mean,8.047642707824707
CINMS,2004,PH,stdev,0.0018578317249193788
CINMS,2005,PH,mean,8.045742988586426
CINMS,2005,PH,stdev,0.001905549317598343
CINMS,2006,PH,mean,8.045147895812988
CINMS,2006,PH,stdev,0.0018764181295409799
CINMS,2007,PH,mean,8.042731285095215
CINMS,2007,PH,stdev,0.0018916158005595207
CINMS,2008,PH,mean,8.04067325592041
CINMS,2008,PH,stdev,0.0019273599609732628
CINMS,2009,PH,mean,8.03872299194336
CINMS,2009,PH,stdev,0.0019466669764369726
CINMS,2010,PH,mean,8.037243843078613
CINMS,2010,PH,stdev,0.0018719451036304235
CINMS,2011,PH,mean,8.035745620727539
CINMS,2011,PH,stdev,0.0018382287817075849
CINMS,2012,PH,mean,8.03408145904541
CINMS,2012,PH,stdev,0.001828906242735684
CINMS,2013,PH,mean,8.030720710754395
CINMS,2013,PH,stdev,0.0019030057592317462
CINMS,2014,PH,mean,8.0294036865234375
CINMS,2014,PH,stdev,0.001873100409284234
CINMS,2015,PH,mean,8.027700424194336
CINMS,2015,PH,stdev,0.0018620110349729657
CINMS,2016,PH,mean,8.0252685546875
CINMS,2016,PH,stdev,0.0017813561717048287
CINMS,2017,PH,mean,8.023295402526855
CINMS,2017,PH,stdev,0.00172816205304116
CINMS,2018,PH,mean,8.020231246948242
CINMS,2018,PH,stdev,0.0018604692304506898
CINMS,2019,PH,mean,8.017937660217285
CINMS,2019,PH,stdev,0.00179299246519804
CINMS,2020,PH,mean,8.016092300415039
CINMS,2020,PH,stdev,0.001775548211298883
CINMS,2021,PH,mean,8.013279914855957
CINMS,2021,PH,stdev,0.001845276914536953
CINMS,2022,PH,mean,8.010466575622559
CINMS,2022,PH,stdev,0.0016241561388596892
CINMS,2023,PH,mean,8.007210731506348
CINMS,2023,PH,stdev,0.001717840670607984
CINMS,2024,PH,mean,8.004473686218262
CINMS,2024,PH,stdev,0.00166980957146734
CINMS,2025,PH,mean,8.0016937255859375
CINMS,2025,PH,stdev,0.0014932756312191486
CINMS,2026,PH,mean,7.99800968170166
CINMS,2026,PH,stdev,0.0015956880524754524
CINMS,2027,PH,mean,7.995818138122559
CINMS,2027,PH,stdev,0.0015909414505586028
CINMS,2028,PH,mean,7.99286413192749
CINMS,2028,PH,stdev,0.001567924628034234
CINMS,2029,PH,mean,7.989030838012695
CINMS,2029,PH,stdev,0.0016117084305733442
CINMS,2030,PH,mean,7.986969470977783
CINMS,2030,PH,stdev,0.0014593185624107718
CINMS,2031,PH,mean,7.984011650085449
CINMS,2031,PH,stdev,0.0015115395653992891
CINMS,2032,PH,mean,7.980607986450195
CINMS,2032,PH,stdev,0.0014756809687241912
CINMS,2033,PH,mean,7.978165626525879
CINMS,2033,PH,stdev,0.0014387614792212844
CINMS,2034,PH,mean,7.974832057952881
CINMS,2034,PH,stdev,0.0013612053589895368
CINMS,2035,PH,mean,7.971067428588867
CINMS,2035,PH,stdev,0.0013928735861554742
CINMS,2036,PH,mean,7.968107223510742
CINMS,2036,PH,stdev,0.001335439970716834
CINMS,2037,PH,mean,7.965517520904541
CINMS,2037,PH,stdev,0.0012630927376449108
CINMS,2038,PH,mean,7.961658477783203
CINMS,2038,PH,stdev,0.001405963092111051
CINMS,2039,PH,mean,7.958093166351318
CINMS,2039,PH,stdev,0.0014245668426156044
CINMS,2040,PH,mean,7.9549946784973145
CINMS,2040,PH,stdev,0.0014359678607434034
CINMS,2041,PH,mean,7.9521870613098145
CINMS,2041,PH,stdev,0.0012118074810132384
CINMS,2042,PH,mean,7.948554992675781
CINMS,2042,PH,stdev,0.0013413330307230353
CINMS,2043,PH,mean,7.94450569152832
CINMS,2043,PH,stdev,0.0014244014164432883
CINMS,2044,PH,mean,7.942533016204834
CINMS,2044,PH,stdev,0.0011831611627712846
CINMS,2045,PH,mean,7.9389543533325195
CINMS,2045,PH,stdev,0.001090380595996976
CINMS,2046,PH,mean,7.935312747955322
CINMS,2046,PH,stdev,0.001146716414950788
CINMS,2047,PH,mean,7.931858062744141
CINMS,2047,PH,stdev,0.0011282232590019703
CINMS,2048,PH,mean,7.929085731506348
CINMS,2048,PH,stdev,0.0010302868904545903
CINMS,2049,PH,mean,7.924942493438721
CINMS,2049,PH,stdev,0.0012517740251496434
CINMS,2050,PH,mean,7.922532558441162
CINMS,2050,PH,stdev,0.0010556383058428764
CINMS,2051,PH,mean,7.918792724609375
CINMS,2051,PH,stdev,0.0010464598890393972
CINMS,2052,PH,mean,7.915327548980713
CINMS,2052,PH,stdev,0.0010729508940130472
CINMS,2053,PH,mean,7.911423683166504
CINMS,2053,PH,stdev,0.0010692606447264552
CINMS,2054,PH,mean,7.9087090492248535
CINMS,2054,PH,stdev,0.0010482874931767583
CINMS,2055,PH,mean,7.905084609985352
CINMS,2055,PH,stdev,0.001048389938659966
CINMS,2056,PH,mean,7.901148796081543
CINMS,2056,PH,stdev,9.499616571702063e-4
CINMS,2057,PH,mean,7.898472309112549
CINMS,2057,PH,stdev,8.45366099383682e-4
CINMS,2058,PH,mean,7.894484043121338
CINMS,2058,PH,stdev,9.964655619114637e-4
CINMS,2059,PH,mean,7.891066074371338
CINMS,2059,PH,stdev,9.774761274456978e-4
CINMS,2060,PH,mean,7.887643337249756
CINMS,2060,PH,stdev,9.320905082859099e-4
CINMS,2061,PH,mean,7.8845343589782715
CINMS,2061,PH,stdev,8.949290495365858e-4
CINMS,2062,PH,mean,7.881453514099121
CINMS,2062,PH,stdev,7.616752409376204e-4
CINMS,2063,PH,mean,7.87748908996582
CINMS,2063,PH,stdev,7.149578887037933e-4
CINMS,2064,PH,mean,7.874040126800537
CINMS,2064,PH,stdev,8.948633330874145e-4
CINMS,2065,PH,mean,7.870779037475586
CINMS,2065,PH,stdev,8.073599892668426e-4
CINMS,2066,PH,mean,7.867870807647705
CINMS,2066,PH,stdev,7.44165270589292e-4
CINMS,2067,PH,mean,7.864100456237793
CINMS,2067,PH,stdev,6.856322870589793e-4
CINMS,2068,PH,mean,7.860548973083496
CINMS,2068,PH,stdev,6.593583384528756e-4
CINMS,2069,PH,mean,7.857603073120117
CINMS,2069,PH,stdev,6.153418798930943e-4
CINMS,2070,PH,mean,7.853429317474365
CINMS,2070,PH,stdev,6.161841447465122e-4
CINMS,2071,PH,mean,7.849486827850342
CINMS,2071,PH,stdev,6.56139338389039e-4
CINMS,2072,PH,mean,7.846339702606201
CINMS,2072,PH,stdev,5.832819733768702e-4
CINMS,2073,PH,mean,7.842014312744141
CINMS,2073,PH,stdev,6.400461425073445e-4
CINMS,2074,PH,mean,7.839232921600342
CINMS,2074,PH,stdev,5.558120319619775e-4
CINMS,2075,PH,mean,7.8352131843566895
CINMS,2075,PH,stdev,4.1480729123577476e-4
CINMS,2076,PH,mean,7.8314433097839355
CINMS,2076,PH,stdev,5.683474009856582e-4
CINMS,2077,PH,mean,7.828041076660156
CINMS,2077,PH,stdev,5.665823700837791e-4
CINMS,2078,PH,mean,7.824662685394287
CINMS,2078,PH,stdev,5.012329202145338e-4
CINMS,2079,PH,mean,7.820826053619385
CINMS,2079,PH,stdev,5.452914047054946e-4
CINMS,2080,PH,mean,7.817575931549072
CINMS,2080,PH,stdev,4.8040764522738755e-4
CINMS,2081,PH,mean,7.813216686248779
CINMS,2081,PH,stdev,5.556359537877142e-4
CINMS,2082,PH,mean,7.811030864715576
CINMS,2082,PH,stdev,3.481493622530252e-4
CINMS,2083,PH,mean,7.807547569274902
CINMS,2083,PH,stdev,4.15599177358672e-4
CINMS,2084,PH,mean,7.803248882293701
CINMS,2084,PH,stdev,4.7409115359187126e-4
CINMS,2085,PH,mean,7.799739360809326
CINMS,2085,PH,stdev,3.1253500492312014e-4
CINMS,2086,PH,mean,7.796074867248535
CINMS,2086,PH,stdev,3.8030228461138904e-4
CINMS,2087,PH,mean,7.792867660522461
CINMS,2087,PH,stdev,3.071567916776985e-4
CINMS,2088,PH,mean,7.789523124694824
CINMS,2088,PH,stdev,2.8463162016123533e-4
CINMS,2089,PH,mean,7.784817695617676
CINMS,2089,PH,stdev,3.4615423646755517e-4
CINMS,2090,PH,mean,7.781101703643799
CINMS,2090,PH,stdev,2.943687723018229e-4
CINMS,2091,PH,mean,7.777568340301514
CINMS,2091,PH,stdev,4.0309378528036177e-4
CINMS,2092,PH,mean,7.774041175842285
CINMS,2092,PH,stdev,2.6299437740817666e-4
CINMS,2093,PH,mean,7.770393371582031
CINMS,2093,PH,stdev,3.092359402216971e-4
CINMS,2094,PH,mean,7.766781330108643
CINMS,2094,PH,stdev,1.8535988056100905e-4
CINMS,2095,PH,mean,7.76270055770874
CINMS,2095,PH,stdev,2.074221265502274e-4
CINMS,2096,PH,mean,7.759130001068115
CINMS,2096,PH,stdev,2.3089560272637755e-4
CINMS,2097,PH,mean,7.755940914154053
CINMS,2097,PH,stdev,1.8078862922266126e-4
CINMS,2098,PH,mean,7.751453876495361
CINMS,2098,PH,stdev,1.4697205915581435e-4
CINMS,2099,PH,mean,7.747542381286621
CINMS,2099,PH,stdev,2.7108515496365726e-4
CINMS,2100,PH,mean,7.744958877563477
CINMS,2100,PH,stdev,1.8963584443554282e-4
CPNMS,1990,PH,mean,8.073620796203613
CPNMS,1990,PH,stdev,0.001547914813272655
CPNMS,1991,PH,mean,8.07304859161377
CPNMS,1991,PH,stdev,0.0014684457564726472
CPNMS,1992,PH,mean,8.072673797607422
CPNMS,1992,PH,stdev,0.0014195333933457732
CPNMS,1993,PH,mean,8.07062816619873
CPNMS,1993,PH,stdev,0.0015893267700448632
CPNMS,1994,PH,mean,8.068522453308105
CPNMS,1994,PH,stdev,0.0015477576525881886
CPNMS,1995,PH,mean,8.067414283752441
CPNMS,1995,PH,stdev,0.0017308908281847835
CPNMS,1996,PH,mean,8.065577507019043
CPNMS,1996,PH,stdev,0.001710004755295813
CPNMS,1997,PH,mean,8.06336784362793
CPNMS,1997,PH,stdev,0.0016070425044745207
CPNMS,1998,PH,mean,8.062360763549805
CPNMS,1998,PH,stdev,0.001591149135492742
CPNMS,1999,PH,mean,8.060275077819824
CPNMS,1999,PH,stdev,0.0015789292519912124
CPNMS,2000,PH,mean,8.058449745178223
CPNMS,2000,PH,stdev,0.0016031195409595966
CPNMS,2001,PH,mean,8.055924415588379
CPNMS,2001,PH,stdev,0.001523882383480668
CPNMS,2002,PH,mean,8.05423355102539
CPNMS,2002,PH,stdev,0.0016303682932630181
CPNMS,2003,PH,mean,8.053791999816895
CPNMS,2003,PH,stdev,0.0015837876126170158
CPNMS,2004,PH,mean,8.051297187805176
CPNMS,2004,PH,stdev,0.0015831381315365434
CPNMS,2005,PH,mean,8.049421310424805
CPNMS,2005,PH,stdev,0.001467029913328588
CPNMS,2006,PH,mean,8.048759460449219
CPNMS,2006,PH,stdev,0.0014786483952775598
CPNMS,2007,PH,mean,8.046499252319336
CPNMS,2007,PH,stdev,0.001550941844470799
CPNMS,2008,PH,mean,8.044374465942383
CPNMS,2008,PH,stdev,0.0015223518712446094
CPNMS,2009,PH,mean,8.042593002319336
CPNMS,2009,PH,stdev,0.001627833698876202
CPNMS,2010,PH,mean,8.04088306427002
CPNMS,2010,PH,stdev,0.00150971207767725
CPNMS,2011,PH,mean,8.039098739624023
CPNMS,2011,PH,stdev,0.0014258960727602243
CPNMS,2012,PH,mean,8.037372589111328
CPNMS,2012,PH,stdev,0.0014351130230352283
CPNMS,2013,PH,mean,8.034372329711914
CPNMS,2013,PH,stdev,0.0016101119108498096
CPNMS,2014,PH,mean,8.033021926879883
CPNMS,2014,PH,stdev,0.001426700153388083
CPNMS,2015,PH,mean,8.03122615814209
CPNMS,2015,PH,stdev,0.0014833982568234205
CPNMS,2016,PH,mean,8.028555870056152
CPNMS,2016,PH,stdev,0.0015521427849307656
CPNMS,2017,PH,mean,8.0265350341796875
CPNMS,2017,PH,stdev,0.0014276806032285094
CPNMS,2018,PH,mean,8.023712158203125
CPNMS,2018,PH,stdev,0.0016163613181561232
CPNMS,2019,PH,mean,8.021143913269043
CPNMS,2019,PH,stdev,0.001329614664427936
CPNMS,2020,PH,mean,8.019356727600098
CPNMS,2020,PH,stdev,0.0013319094432517886
CPNMS,2021,PH,mean,8.016812324523926
CPNMS,2021,PH,stdev,0.0014625859912484884
CPNMS,2022,PH,mean,8.01339054107666
CPNMS,2022,PH,stdev,0.0013383377809077501
CPNMS,2023,PH,mean,8.010425567626953
CPNMS,2023,PH,stdev,0.0015002399450168014
CPNMS,2024,PH,mean,8.007357597351074
CPNMS,2024,PH,stdev,0.0013749010395258665
CPNMS,2025,PH,mean,8.004199028015137
CPNMS,2025,PH,stdev,0.0013600003439933062
CPNMS,2026,PH,mean,8.000738143920898
CPNMS,2026,PH,stdev,0.0013786294730380177
CPNMS,2027,PH,mean,7.998690128326416
CPNMS,2027,PH,stdev,0.0013047964312136173
CPNMS,2028,PH,mean,7.9957685470581055
CPNMS,2028,PH,stdev,0.0012154154246672988
CPNMS,2029,PH,mean,7.991954326629639
CPNMS,2029,PH,stdev,0.0013872276758775115
CPNMS,2030,PH,mean,7.989401340484619
CPNMS,2030,PH,stdev,0.0012018155539408326
CPNMS,2031,PH,mean,7.986546993255615
CPNMS,2031,PH,stdev,0.0012127963127568364
CPNMS,2032,PH,mean,7.983165740966797
CPNMS,2032,PH,stdev,0.0013160663656890392
CPNMS,2033,PH,mean,7.980490684509277
CPNMS,2033,PH,stdev,0.0011005953419953585
CPNMS,2034,PH,mean,7.9770097732543945
CPNMS,2034,PH,stdev,0.0012287546414881945
CPNMS,2035,PH,mean,7.973516941070557
CPNMS,2035,PH,stdev,0.0011464934796094894
CPNMS,2036,PH,mean,7.970162868499756
CPNMS,2036,PH,stdev,0.00109051913022995
CPNMS,2037,PH,mean,7.967346668243408
CPNMS,2037,PH,stdev,0.0010678409598767757
CPNMS,2038,PH,mean,7.963996887207031
CPNMS,2038,PH,stdev,0.001185875153169036
CPNMS,2039,PH,mean,7.960492134094238
CPNMS,2039,PH,stdev,0.0010801854077726603
CPNMS,2040,PH,mean,7.957335472106934
CPNMS,2040,PH,stdev,0.0011578885605558753
CPNMS,2041,PH,mean,7.9536237716674805
CPNMS,2041,PH,stdev,0.0010515815811231732
CPNMS,2042,PH,mean,7.950436592102051
CPNMS,2042,PH,stdev,0.0011821145890280604
CPNMS,2043,PH,mean,7.946793079376221
CPNMS,2043,PH,stdev,0.0011989111080765724
CPNMS,2044,PH,mean,7.943950653076172
CPNMS,2044,PH,stdev,9.618308977223933e-4
CPNMS,2045,PH,mean,7.940276145935059
CPNMS,2045,PH,stdev,9.977499721571803e-4
CPNMS,2046,PH,mean,7.936856746673584
CPNMS,2046,PH,stdev,0.0010533112799748778
CPNMS,2047,PH,mean,7.9333906173706055
CPNMS,2047,PH,stdev,0.0010109128197655082
CPNMS,2048,PH,mean,7.93009614944458
CPNMS,2048,PH,stdev,0.0010190615430474281
CPNMS,2049,PH,mean,7.926535606384277
CPNMS,2049,PH,stdev,0.0010693594813346863
CPNMS,2050,PH,mean,7.923600196838379
CPNMS,2050,PH,stdev,9.693818283267319e-4
CPNMS,2051,PH,mean,7.919949531555176
CPNMS,2051,PH,stdev,0.0010174809722229838
CPNMS,2052,PH,mean,7.9164910316467285
CPNMS,2052,PH,stdev,0.0010711391223594546
CPNMS,2053,PH,mean,7.912562370300293
CPNMS,2053,PH,stdev,0.001029679086059332
CPNMS,2054,PH,mean,7.909929275512695
CPNMS,2054,PH,stdev,9.295613854192197e-4
CPNMS,2055,PH,mean,7.906132221221924
CPNMS,2055,PH,stdev,9.751334437169135e-4
CPNMS,2056,PH,mean,7.9019694328308105
CPNMS,2056,PH,stdev,9.800185216590762e-4
CPNMS,2057,PH,mean,7.899153709411621
CPNMS,2057,PH,stdev,8.601771551184356e-4
CPNMS,2058,PH,mean,7.895750522613525
CPNMS,2058,PH,stdev,9.774754289537668e-4
CPNMS,2059,PH,mean,7.89201545715332
CPNMS,2059,PH,stdev,9.366438025608659e-4
CPNMS,2060,PH,mean,7.888509273529053
CPNMS,2060,PH,stdev,8.929006289690733e-4
CPNMS,2061,PH,mean,7.885169982910156
CPNMS,2061,PH,stdev,9.166711824946105e-4
CPNMS,2062,PH,mean,7.881858825683594
CPNMS,2062,PH,stdev,8.09676363132894e-4
CPNMS,2063,PH,mean,7.877701759338379
CPNMS,2063,PH,stdev,8.051077020354569e-4
CPNMS,2064,PH,mean,7.8746137619018555
CPNMS,2064,PH,stdev,8.920970722101629e-4
CPNMS,2065,PH,mean,7.871173858642578
CPNMS,2065,PH,stdev,8.462045807391405e-4
CPNMS,2066,PH,mean,7.8681559562683105
CPNMS,2066,PH,stdev,8.416727650910616e-4
CPNMS,2067,PH,mean,7.8641767501831055
CPNMS,2067,PH,stdev,8.163857855834067e-4
CPNMS,2068,PH,mean,7.860711097717285
CPNMS,2068,PH,stdev,7.503855158574879e-4
CPNMS,2069,PH,mean,7.857459545135498
CPNMS,2069,PH,stdev,8.277655579149723e-4
CPNMS,2070,PH,mean,7.853386402130127
CPNMS,2070,PH,stdev,7.759161526337266e-4
CPNMS,2071,PH,mean,7.849470138549805
CPNMS,2071,PH,stdev,8.850537706166506e-4
CPNMS,2072,PH,mean,7.846093654632568
CPNMS,2072,PH,stdev,8.372033480554819e-4
CPNMS,2073,PH,mean,7.84200382232666
CPNMS,2073,PH,stdev,8.221918833442032e-4
CPNMS,2074,PH,mean,7.83880090713501
CPNMS,2074,PH,stdev,8.520258706994355e-4
CPNMS,2075,PH,mean,7.834513187408447
CPNMS,2075,PH,stdev,8.256286382675171e-4
CPNMS,2076,PH,mean,7.831177234649658
CPNMS,2076,PH,stdev,8.459945092909038e-4
CPNMS,2077,PH,mean,7.827645778656006
CPNMS,2077,PH,stdev,8.018599473871291e-4
CPNMS,2078,PH,mean,7.824118614196777
CPNMS,2078,PH,stdev,8.396549383178353e-4
CPNMS,2079,PH,mean,7.820407390594482
CPNMS,2079,PH,stdev,7.828464149497449e-4
CPNMS,2080,PH,mean,7.816949844360352
CPNMS,2080,PH,stdev,8.06402531452477e-4
CPNMS,2081,PH,mean,7.812919616699219
CPNMS,2081,PH,stdev,8.297627209685743e-4
CPNMS,2082,PH,mean,7.809866428375244
CPNMS,2082,PH,stdev,8.932802593335509e-4
CPNMS,2083,PH,mean,7.806634426116943
CPNMS,2083,PH,stdev,8.374537574127316e-4
CPNMS,2084,PH,mean,7.8026227951049805
CPNMS,2084,PH,stdev,7.898742333054543e-4
CPNMS,2085,PH,mean,7.798664093017578
CPNMS,2085,PH,stdev,8.131031645461917e-4
CPNMS,2086,PH,mean,7.795184135437012
CPNMS,2086,PH,stdev,8.530541672371328e-4
CPNMS,2087,PH,mean,7.791591644287109
CPNMS,2087,PH,stdev,0.00087913579773157835
CPNMS,2088,PH,mean,7.788064956665039
CPNMS,2088,PH,stdev,8.981875726021826e-4
CPNMS,2089,PH,mean,7.783675670623779
CPNMS,2089,PH,stdev,8.590411744080484e-4
CPNMS,2090,PH,mean,7.779837608337402
CPNMS,2090,PH,stdev,8.580893045291305e-4
CPNMS,2091,PH,mean,7.7766265869140625
CPNMS,2091,PH,stdev,8.148227352648973e-4
CPNMS,2092,PH,mean,7.772493839263916
CPNMS,2092,PH,stdev,8.942869608290493e-4
CPNMS,2093,PH,mean,7.769118309020996
CPNMS,2093,PH,stdev,9.096183348447084e-4
CPNMS,2094,PH,mean,7.7650556564331055
CPNMS,2094,PH,stdev,9.411970968358219e-4
CPNMS,2095,PH,mean,7.761235237121582
CPNMS,2095,PH,stdev,8.739465265534818e-4
CPNMS,2096,PH,mean,7.757838726043701
CPNMS,2096,PH,stdev,8.119902922771871e-4
CPNMS,2097,PH,mean,7.754234790802002
CPNMS,2097,PH,stdev,8.866646094247699e-4
CPNMS,2098,PH,mean,7.749680519104004
CPNMS,2098,PH,stdev,9.359072428196669e-4
CPNMS,2099,PH,mean,7.746161460876465
CPNMS,2099,PH,stdev,8.789792191237211e-4
CPNMS,2100,PH,mean,7.743021011352539
CPNMS,2100,PH,stdev,9.566424996592104e-4
FGBNMS,1990,PH,mean,8.118216514587402
FGBNMS,1990,PH,stdev,0.0013255259254947305
FGBNMS,1991,PH,mean,8.1181001663208
FGBNMS,1991,PH,stdev,0.0013001360930502415
FGBNMS,1992,PH,mean,8.118436813354492
FGBNMS,1992,PH,stdev,0.0013555361656472087
FGBNMS,1993,PH,mean,8.115470886230469
FGBNMS,1993,PH,stdev,0.0013375085545703769
FGBNMS,1994,PH,mean,8.113530158996582
FGBNMS,1994,PH,stdev,0.0013040263438597322
FGBNMS,1995,PH,mean,8.111783027648926
FGBNMS,1995,PH,stdev,0.0012994421413168311
FGBNMS,1996,PH,mean,8.110025405883789
FGBNMS,1996,PH,stdev,0.0012878996785730124
FGBNMS,1997,PH,mean,8.108323097229004
FGBNMS,1997,PH,stdev,0.0011827144771814346
FGBNMS,1998,PH,mean,8.106953620910645
FGBNMS,1998,PH,stdev,0.0011936832452192903
FGBNMS,1999,PH,mean,8.105074882507324
FGBNMS,1999,PH,stdev,0.0011672817636281252
FGBNMS,2000,PH,mean,8.103029251098633
FGBNMS,2000,PH,stdev,0.0010658371029421687
FGBNMS,2001,PH,mean,8.1011962890625
FGBNMS,2001,PH,stdev,0.0011356519535183907
FGBNMS,2002,PH,mean,8.0996856689453125
FGBNMS,2002,PH,stdev,0.0011414741165935993
FGBNMS,2003,PH,mean,8.09842300415039
FGBNMS,2003,PH,stdev,0.0011195907136425376
FGBNMS,2004,PH,mean,8.096663475036621
FGBNMS,2004,PH,stdev,0.0011487508891150355
FGBNMS,2005,PH,mean,8.096090316772461
FGBNMS,2005,PH,stdev,0.0011251461692154408
FGBNMS,2006,PH,mean,8.093456268310547
FGBNMS,2006,PH,stdev,0.0010773319518193603
FGBNMS,2007,PH,mean,8.091331481933594
FGBNMS,2007,PH,stdev,0.0011079077376052737
FGBNMS,2008,PH,mean,8.089668273925781
FGBNMS,2008,PH,stdev,0.0010481916833668947
FGBNMS,2009,PH,mean,8.088188171386719
FGBNMS,2009,PH,stdev,0.0010847914963960648
FGBNMS,2010,PH,mean,8.086748123168945
FGBNMS,2010,PH,stdev,0.0011466541327536106
FGBNMS,2011,PH,mean,8.084473609924316
FGBNMS,2011,PH,stdev,0.0011194385588169098
FGBNMS,2012,PH,mean,8.082385063171387
FGBNMS,2012,PH,stdev,0.0010343976318836212
FGBNMS,2013,PH,mean,8.080065727233887
FGBNMS,2013,PH,stdev,0.0010403493652120233
FGBNMS,2014,PH,mean,8.07763957977295
FGBNMS,2014,PH,stdev,0.0011036187643185258
FGBNMS,2015,PH,mean,8.076606750488281
FGBNMS,2015,PH,stdev,0.0010893295984715223
FGBNMS,2016,PH,mean,8.07402229309082
FGBNMS,2016,PH,stdev,0.0010660116095095873
FGBNMS,2017,PH,mean,8.072437286376953
FGBNMS,2017,PH,stdev,0.001106764655560255
FGBNMS,2018,PH,mean,8.069672584533691
FGBNMS,2018,PH,stdev,0.001047774450853467
FGBNMS,2019,PH,mean,8.067093849182129
FGBNMS,2019,PH,stdev,0.001117811887525022
FGBNMS,2020,PH,mean,8.065019607543945
FGBNMS,2020,PH,stdev,0.0011055914219468832
FGBNMS,2021,PH,mean,8.061785697937012
FGBNMS,2021,PH,stdev,0.0010418120073154569
FGBNMS,2022,PH,mean,8.059650421142578
FGBNMS,2022,PH,stdev,0.001036165514960885
FGBNMS,2023,PH,mean,8.057008743286133
FGBNMS,2023,PH,stdev,0.0010249611223116517
FGBNMS,2024,PH,mean,8.053729057312012
FGBNMS,2024,PH,stdev,0.001067057834006846
FGBNMS,2025,PH,mean,8.051514625549316
FGBNMS,2025,PH,stdev,0.0010467437095940113
FGBNMS,2026,PH,mean,8.048433303833008
FGBNMS,2026,PH,stdev,9.917329298332334e-4
FGBNMS,2027,PH,mean,8.045510292053223
FGBNMS,2027,PH,stdev,0.00104457454290241
FGBNMS,2028,PH,mean,8.042667388916016
FGBNMS,2028,PH,stdev,0.0010821394389495254
FGBNMS,2029,PH,mean,8.040095329284668
FGBNMS,2029,PH,stdev,9.968989761546254e-4
FGBNMS,2030,PH,mean,8.036686897277832
FGBNMS,2030,PH,stdev,0.00101784139405936
FGBNMS,2031,PH,mean,8.033580780029297
FGBNMS,2031,PH,stdev,0.0010847487719729543
FGBNMS,2032,PH,mean,8.031517028808594
FGBNMS,2032,PH,stdev,0.001045027980580926
FGBNMS,2033,PH,mean,8.028079986572266
FGBNMS,2033,PH,stdev,0.0010164657142013311
FGBNMS,2034,PH,mean,8.024436950683594
FGBNMS,2034,PH,stdev,0.0010482973884791136
FGBNMS,2035,PH,mean,8.021553039550781
FGBNMS,2035,PH,stdev,0.001017811824567616
FGBNMS,2036,PH,mean,8.018782615661621
FGBNMS,2036,PH,stdev,0.0010143069084733725
FGBNMS,2037,PH,mean,8.015069961547852
FGBNMS,2037,PH,stdev,0.001050644787028432
FGBNMS,2038,PH,mean,8.012419700622559
FGBNMS,2038,PH,stdev,0.0010117680067196488
FGBNMS,2039,PH,mean,8.0088043212890625
FGBNMS,2039,PH,stdev,0.0010085970861837268
FGBNMS,2040,PH,mean,8.005295753479004
FGBNMS,2040,PH,stdev,0.0010210215114057064
FGBNMS,2041,PH,mean,8.00285530090332
FGBNMS,2041,PH,stdev,0.001017785631120205
FGBNMS,2042,PH,mean,7.99943733215332
FGBNMS,2042,PH,stdev,9.585731895640492e-4
FGBNMS,2043,PH,mean,7.996205806732178
FGBNMS,2043,PH,stdev,9.85531834885478e-4
FGBNMS,2044,PH,mean,7.99370813369751
FGBNMS,2044,PH,stdev,0.001018534880131483
FGBNMS,2045,PH,mean,7.989793300628662
FGBNMS,2045,PH,stdev,9.854126255959272e-4
FGBNMS,2046,PH,mean,7.98629093170166
FGBNMS,2046,PH,stdev,9.94059257209301e-4
FGBNMS,2047,PH,mean,7.983153820037842
FGBNMS,2047,PH,stdev,0.0010033110156655312
FGBNMS,2048,PH,mean,7.9798994064331055
FGBNMS,2048,PH,stdev,0.0010153667535632849
FGBNMS,2049,PH,mean,7.976964473724365
FGBNMS,2049,PH,stdev,9.746176656335592e-4
FGBNMS,2050,PH,mean,7.973362445831299
FGBNMS,2050,PH,stdev,9.670278523117304e-4
FGBNMS,2051,PH,mean,7.969961643218994
FGBNMS,2051,PH,stdev,9.65238141361624e-4
FGBNMS,2052,PH,mean,7.966457843780518
FGBNMS,2052,PH,stdev,9.725766722112894e-4
FGBNMS,2053,PH,mean,7.963339805603027
FGBNMS,2053,PH,stdev,9.818351827561855e-4
FGBNMS,2054,PH,mean,7.959827899932861
FGBNMS,2054,PH,stdev,9.197063045576215e-4
FGBNMS,2055,PH,mean,7.956124305725098
FGBNMS,2055,PH,stdev,9.756989311426878e-4
FGBNMS,2056,PH,mean,7.953256607055664
FGBNMS,2056,PH,stdev,9.688363061286509e-4
FGBNMS,2057,PH,mean,7.949740886688232
FGBNMS,2057,PH,stdev,9.734237100929022e-4
FGBNMS,2058,PH,mean,7.946396350860596
FGBNMS,2058,PH,stdev,8.890997851267457e-4
FGBNMS,2059,PH,mean,7.943309307098389
FGBNMS,2059,PH,stdev,9.265989647246897e-4
FGBNMS,2060,PH,mean,7.940026760101318
FGBNMS,2060,PH,stdev,9.485018672421575e-4
FGBNMS,2061,PH,mean,7.936496257781982
FGBNMS,2061,PH,stdev,9.146257652901113e-4
FGBNMS,2062,PH,mean,7.932722568511963
FGBNMS,2062,PH,stdev,8.775900350883603e-4
FGBNMS,2063,PH,mean,7.929211616516113
FGBNMS,2063,PH,stdev,8.934213547036052e-4
FGBNMS,2064,PH,mean,7.925698280334473
FGBNMS,2064,PH,stdev,8.873878396116197e-4
FGBNMS,2065,PH,mean,7.922294616699219
FGBNMS,2065,PH,stdev,8.884104900062084e-4
FGBNMS,2066,PH,mean,7.918996810913086
FGBNMS,2066,PH,stdev,9.178908076137304e-4
FGBNMS,2067,PH,mean,7.915844440460205
FGBNMS,2067,PH,stdev,8.626132621429861e-4
FGBNMS,2068,PH,mean,7.91229248046875
FGBNMS,2068,PH,stdev,8.871934842318296e-4
FGBNMS,2069,PH,mean,7.9085822105407715
FGBNMS,2069,PH,stdev,8.818756323307753e-4
FGBNMS,2070,PH,mean,7.905266761779785
FGBNMS,2070,PH,stdev,0.00080379401333630085
FGBNMS,2071,PH,mean,7.901766777038574
FGBNMS,2071,PH,stdev,8.291853591799736e-4
FGBNMS,2072,PH,mean,7.898632049560547
FGBNMS,2072,PH,stdev,8.720536716282368e-4
FGBNMS,2073,PH,mean,7.8950347900390625
FGBNMS,2073,PH,stdev,8.338243933394551e-4
FGBNMS,2074,PH,mean,7.891290664672852
FGBNMS,2074,PH,stdev,8.131031063385308e-4
FGBNMS,2075,PH,mean,7.887857437133789
FGBNMS,2075,PH,stdev,8.611414232291281e-4
FGBNMS,2076,PH,mean,7.884531021118164
FGBNMS,2076,PH,stdev,7.905801176093519e-4
FGBNMS,2077,PH,mean,7.881224155426025
FGBNMS,2077,PH,stdev,8.267350494861603e-4
FGBNMS,2078,PH,mean,7.876760482788086
FGBNMS,2078,PH,stdev,7.820564205758274e-4
FGBNMS,2079,PH,mean,7.87373685836792
FGBNMS,2079,PH,stdev,8.138839621096849e-4
FGBNMS,2080,PH,mean,7.870022296905518
FGBNMS,2080,PH,stdev,7.812688127160072e-4
FGBNMS,2081,PH,mean,7.866266250610352
FGBNMS,2081,PH,stdev,7.443412905558944e-4
FGBNMS,2082,PH,mean,7.863063812255859
FGBNMS,2082,PH,stdev,7.490000571124256e-4
FGBNMS,2083,PH,mean,7.859690189361572
FGBNMS,2083,PH,stdev,8.142662700265646e-4
FGBNMS,2084,PH,mean,7.85558557510376
FGBNMS,2084,PH,stdev,7.618521922267973e-4
FGBNMS,2085,PH,mean,7.852453231811523
FGBNMS,2085,PH,stdev,7.904618396423757e-4
FGBNMS,2086,PH,mean,7.849053382873535
FGBNMS,2086,PH,stdev,7.56142835598439e-4
FGBNMS,2087,PH,mean,7.845259189605713
FGBNMS,2087,PH,stdev,7.518724887631834e-4
FGBNMS,2088,PH,mean,7.841396808624268
FGBNMS,2088,PH,stdev,7.561539532616735e-4
FGBNMS,2089,PH,mean,7.83784294128418
FGBNMS,2089,PH,stdev,7.189142052084208e-4
FGBNMS,2090,PH,mean,7.834820747375488
FGBNMS,2090,PH,stdev,7.287524058483541e-4
FGBNMS,2091,PH,mean,7.831148147583008
FGBNMS,2091,PH,stdev,7.015111041255295e-4
FGBNMS,2092,PH,mean,7.8275227546691895
FGBNMS,2092,PH,stdev,7.567552383989096e-4
FGBNMS,2093,PH,mean,7.823821067810059
FGBNMS,2093,PH,stdev,7.12561362888664e-4
FGBNMS,2094,PH,mean,7.820402145385742
FGBNMS,2094,PH,stdev,7.099780486896634e-4
FGBNMS,2095,PH,mean,7.816613674163818
FGBNMS,2095,PH,stdev,6.867898046039045e-4
FGBNMS,2096,PH,mean,7.813222408294678
FGBNMS,2096,PH,stdev,6.686102715320885e-4
FGBNMS,2097,PH,mean,7.8097639083862305
FGBNMS,2097,PH,stdev,7.042359793558717e-4
FGBNMS,2098,PH,mean,7.805769920349121
FGBNMS,2098,PH,stdev,6.826986791566014e-4
FGBNMS,2099,PH,mean,7.802644729614258
FGBNMS,2099,PH,stdev,6.528362282551825e-4
FGBNMS,2100,PH,mean,7.799336910247803
FGBNMS,2100,PH,stdev,6.471220403909683e-4
FKNMS,1990,PH,mean,8.102936744689941
FKNMS,1990,PH,stdev,9.362778509967029e-4
FKNMS,1991,PH,mean,8.102429389953613
FKNMS,1991,PH,stdev,9.234569733962417e-4
FKNMS,1992,PH,mean,8.102471351623535
FKNMS,1992,PH,stdev,9.374087676405907e-4
FKNMS,1993,PH,mean,8.100086212158203
FKNMS,1993,PH,stdev,8.92834912519902e-4
FKNMS,1994,PH,mean,8.098745346069336
FKNMS,1994,PH,stdev,8.68231407366693e-4
FKNMS,1995,PH,mean,8.096683502197266
FKNMS,1995,PH,stdev,8.613936952315271e-4
FKNMS,1996,PH,mean,8.095191955566406
FKNMS,1996,PH,stdev,8.659415179863572e-4
FKNMS,1997,PH,mean,8.093456268310547
FKNMS,1997,PH,stdev,9.019860299304128e-4
FKNMS,1998,PH,mean,8.09162425994873
FKNMS,1998,PH,stdev,9.039957076311111e-4
FKNMS,1999,PH,mean,8.089624404907227
FKNMS,1999,PH,stdev,8.736479794606566e-4
FKNMS,2000,PH,mean,8.088251113891602
FKNMS,2000,PH,stdev,8.651439566165209e-4
FKNMS,2001,PH,mean,8.086275100708008
FKNMS,2001,PH,stdev,8.706833468750119e-4
FKNMS,2002,PH,mean,8.084748268127441
FKNMS,2002,PH,stdev,8.691129623912275e-4
FKNMS,2003,PH,mean,8.083795547485352
FKNMS,2003,PH,stdev,8.715793956071138e-4
FKNMS,2004,PH,mean,8.081767082214355
FKNMS,2004,PH,stdev,8.627521456219256e-4
FKNMS,2005,PH,mean,8.080306053161621
FKNMS,2005,PH,stdev,9.002960287034512e-4
FKNMS,2006,PH,mean,8.078412055969238
FKNMS,2006,PH,stdev,8.637309656478465e-4
FKNMS,2007,PH,mean,8.076799392700195
FKNMS,2007,PH,stdev,8.512538624927402e-4
FKNMS,2008,PH,mean,8.075176239013672
FKNMS,2008,PH,stdev,8.587921620346606e-4
FKNMS,2009,PH,mean,8.07318115234375
FKNMS,2009,PH,stdev,8.719987818039954e-4
FKNMS,2010,PH,mean,8.071249961853027
FKNMS,2010,PH,stdev,9.147935779765248e-4
FKNMS,2011,PH,mean,8.070210456848145
FKNMS,2011,PH,stdev,8.518691174685955e-4
FKNMS,2012,PH,mean,8.067980766296387
FKNMS,2012,PH,stdev,8.492653141729534e-4
FKNMS,2013,PH,mean,8.066023826599121
FKNMS,2013,PH,stdev,8.541388087905943e-4
FKNMS,2014,PH,mean,8.063657760620117
FKNMS,2014,PH,stdev,8.633154793642461e-4
FKNMS,2015,PH,mean,8.062884330749512
FKNMS,2015,PH,stdev,8.186969207599759e-4
FKNMS,2016,PH,mean,8.0601806640625
FKNMS,2016,PH,stdev,7.981032249517739e-4
FKNMS,2017,PH,mean,8.05809497833252
FKNMS,2017,PH,stdev,8.469083113595843e-4
FKNMS,2018,PH,mean,8.05625057220459
FKNMS,2018,PH,stdev,7.869185646995902e-4
FKNMS,2019,PH,mean,8.05299186706543
FKNMS,2019,PH,stdev,8.405018597841263e-4
FKNMS,2020,PH,mean,8.05062198638916
FKNMS,2020,PH,stdev,8.291181875392795e-4
FKNMS,2021,PH,mean,8.048783302307129
FKNMS,2021,PH,stdev,8.047461742535233e-4
FKNMS,2022,PH,mean,8.045647621154785
FKNMS,2022,PH,stdev,8.14363535027951e-4
FKNMS,2023,PH,mean,8.042858123779297
FKNMS,2023,PH,stdev,8.013002807274461e-4
FKNMS,2024,PH,mean,8.039922714233398
FKNMS,2024,PH,stdev,8.225904311984777e-4
FKNMS,2025,PH,mean,8.037416458129883
FKNMS,2025,PH,stdev,7.868182728998363e-4
FKNMS,2026,PH,mean,8.034303665161133
FKNMS,2026,PH,stdev,7.965037366375327e-4
FKNMS,2027,PH,mean,8.031460762023926
FKNMS,2027,PH,stdev,7.967158453539014e-4
FKNMS,2028,PH,mean,8.028621673583984
FKNMS,2028,PH,stdev,8.100876584649086e-4
FKNMS,2029,PH,mean,8.026678085327148
FKNMS,2029,PH,stdev,8.11590813100338e-4
FKNMS,2030,PH,mean,8.023138999938965
FKNMS,2030,PH,stdev,7.70808954257518e-4
FKNMS,2031,PH,mean,8.019427299499512
FKNMS,2031,PH,stdev,8.131166105158627e-4
FKNMS,2032,PH,mean,8.017496109008789
FKNMS,2032,PH,stdev,7.889391854405403e-4
FKNMS,2033,PH,mean,8.0136137008667
FKNMS,2033,PH,stdev,7.93787301518023e-4
FKNMS,2034,PH,mean,8.010737419128418
FKNMS,2034,PH,stdev,7.853202987462282e-4
FKNMS,2035,PH,mean,8.007344245910645
FKNMS,2035,PH,stdev,7.868949905969203e-4
FKNMS,2036,PH,mean,8.003908157348633
FKNMS,2036,PH,stdev,8.007154101505876e-4
FKNMS,2037,PH,mean,8.001084327697754
FKNMS,2037,PH,stdev,8.026085561141372e-4
FKNMS,2038,PH,mean,7.9985127449035645
FKNMS,2038,PH,stdev,7.6623959466815e-4
FKNMS,2039,PH,mean,7.995494365692139
FKNMS,2039,PH,stdev,7.583883125334978e-4
FKNMS,2040,PH,mean,7.991864204406738
FKNMS,2040,PH,stdev,7.61964067351073e-4
FKNMS,2041,PH,mean,7.988906383514404
FKNMS,2041,PH,stdev,7.899581687524915e-4
FKNMS,2042,PH,mean,7.985592842102051
FKNMS,2042,PH,stdev,7.275419193319976e-4
FKNMS,2043,PH,mean,7.9822001457214355
FKNMS,2043,PH,stdev,7.59937334805727e-4
FKNMS,2044,PH,mean,7.979443073272705
FKNMS,2044,PH,stdev,7.928967825137079e-4
FKNMS,2045,PH,mean,7.976978302001953
FKNMS,2045,PH,stdev,7.512660231441259e-4
FKNMS,2046,PH,mean,7.97296142578125
FKNMS,2046,PH,stdev,7.445391383953393e-4
FKNMS,2047,PH,mean,7.969201564788818
FKNMS,2047,PH,stdev,7.305653998628259e-4
FKNMS,2048,PH,mean,7.966380596160889
FKNMS,2048,PH,stdev,7.646844023838639e-4
FKNMS,2049,PH,mean,7.9636406898498535
FKNMS,2049,PH,stdev,7.557169301435351e-4
FKNMS,2050,PH,mean,7.959926605224609
FKNMS,2050,PH,stdev,7.429505931213498e-4
FKNMS,2051,PH,mean,7.956473350524902
FKNMS,2051,PH,stdev,7.352837128564715e-4
FKNMS,2052,PH,mean,7.953307628631592
FKNMS,2052,PH,stdev,7.2764593642205e-4
FKNMS,2053,PH,mean,7.950915336608887
FKNMS,2053,PH,stdev,7.360178860835731e-4
FKNMS,2054,PH,mean,7.946639537811279
FKNMS,2054,PH,stdev,6.967828958295286e-4
FKNMS,2055,PH,mean,7.943235397338867
FKNMS,2055,PH,stdev,7.442968781106174e-4
FKNMS,2056,PH,mean,7.940073490142822
FKNMS,2056,PH,stdev,7.244888111017644e-4
FKNMS,2057,PH,mean,7.93714714050293
FKNMS,2057,PH,stdev,7.562910323031247e-4
FKNMS,2058,PH,mean,7.9335832595825195
FKNMS,2058,PH,stdev,6.988289533182979e-4
FKNMS,2059,PH,mean,7.930384159088135
FKNMS,2059,PH,stdev,7.149989251047373e-4
FKNMS,2060,PH,mean,7.927188873291016
FKNMS,2060,PH,stdev,7.160085951909423e-4
FKNMS,2061,PH,mean,7.924013137817383
FKNMS,2061,PH,stdev,7.22447584848851e-4
FKNMS,2062,PH,mean,7.920410633087158
FKNMS,2062,PH,stdev,6.975793512538075e-4
FKNMS,2063,PH,mean,7.91717004776001
FKNMS,2063,PH,stdev,7.22546421457082e-4
FKNMS,2064,PH,mean,7.913740634918213
FKNMS,2064,PH,stdev,7.154918857850134e-4
FKNMS,2065,PH,mean,7.910439968109131
FKNMS,2065,PH,stdev,6.906452472321689e-4
FKNMS,2066,PH,mean,7.907191753387451
FKNMS,2066,PH,stdev,6.890780641697347e-4
FKNMS,2067,PH,mean,7.904194355010986
FKNMS,2067,PH,stdev,6.793887005187571e-4
FKNMS,2068,PH,mean,7.900454998016357
FKNMS,2068,PH,stdev,6.93654001224786e-4
FKNMS,2069,PH,mean,7.897618293762207
FKNMS,2069,PH,stdev,7.420359179377556e-4
FKNMS,2070,PH,mean,7.8940043449401855
FKNMS,2070,PH,stdev,6.642179214395583e-4
FKNMS,2071,PH,mean,7.890448570251465
FKNMS,2071,PH,stdev,6.847964832559228e-4
FKNMS,2072,PH,mean,7.88788366317749
FKNMS,2072,PH,stdev,6.968515808694065e-4
FKNMS,2073,PH,mean,7.883859157562256
FKNMS,2073,PH,stdev,6.7581154871732e-4
FKNMS,2074,PH,mean,7.880271911621094
FKNMS,2074,PH,stdev,6.529796519316733e-4
FKNMS,2075,PH,mean,7.877444267272949
FKNMS,2075,PH,stdev,6.987351225689054e-4
FKNMS,2076,PH,mean,7.873892307281494
FKNMS,2076,PH,stdev,6.457000854425132e-4
FKNMS,2077,PH,mean,7.870437145233154
FKNMS,2077,PH,stdev,6.92355097271502e-4
FKNMS,2078,PH,mean,7.866978645324707
FKNMS,2078,PH,stdev,6.481207674369216e-4
FKNMS,2079,PH,mean,7.863794803619385
FKNMS,2079,PH,stdev,6.402137805707753e-4
FKNMS,2080,PH,mean,7.860807418823242
FKNMS,2080,PH,stdev,6.71852845698595e-4
FKNMS,2081,PH,mean,7.857006549835205
FKNMS,2081,PH,stdev,6.28132838755846e-4
FKNMS,2082,PH,mean,7.853283405303955
FKNMS,2082,PH,stdev,6.434021634049714e-4
FKNMS,2083,PH,mean,7.850593090057373
FKNMS,2083,PH,stdev,6.643762462772429e-4
FKNMS,2084,PH,mean,7.846951007843018
FKNMS,2084,PH,stdev,6.178137846291065e-4
FKNMS,2085,PH,mean,7.843384742736816
FKNMS,2085,PH,stdev,6.411444046534598e-4
FKNMS,2086,PH,mean,7.84028959274292
FKNMS,2086,PH,stdev,5.859064985997975e-4
FKNMS,2087,PH,mean,7.836772918701172
FKNMS,2087,PH,stdev,6.210439605638385e-4
FKNMS,2088,PH,mean,7.833406925201416
FKNMS,2088,PH,stdev,6.512943655252457e-4
FKNMS,2089,PH,mean,7.82933235168457
FKNMS,2089,PH,stdev,5.80007559619844e-4
FKNMS,2090,PH,mean,7.8262858390808105
FKNMS,2090,PH,stdev,5.941949784755707e-4
FKNMS,2091,PH,mean,7.822398662567139
FKNMS,2091,PH,stdev,5.756093305535614e-4
FKNMS,2092,PH,mean,7.819703102111816
FKNMS,2092,PH,stdev,6.18630729150027e-4
FKNMS,2093,PH,mean,7.815694808959961
FKNMS,2093,PH,stdev,5.747711402364075e-4
FKNMS,2094,PH,mean,7.812417507171631
FKNMS,2094,PH,stdev,5.967082688584924e-4
FKNMS,2095,PH,mean,7.809291362762451
FKNMS,2095,PH,stdev,5.78229024540633e-4
FKNMS,2096,PH,mean,7.80527925491333
FKNMS,2096,PH,stdev,5.628217477351427e-4
FKNMS,2097,PH,mean,7.801806926727295
FKNMS,2097,PH,stdev,5.453729536384344e-4
FKNMS,2098,PH,mean,7.798753261566162
FKNMS,2098,PH,stdev,5.857114447280765e-4
FKNMS,2099,PH,mean,7.794659614562988
FKNMS,2099,PH,stdev,5.514436052180827e-4
FKNMS,2100,PH,mean,7.791313648223877
FKNMS,2100,PH,stdev,5.429146694950759e-4
GFNMS,1990,PH,mean,8.080132484436035
GFNMS,1990,PH,stdev,0.0010879823239520192
GFNMS,1991,PH,mean,8.079598426818848
GFNMS,1991,PH,stdev,0.0017193040112033486
GFNMS,1992,PH,mean,8.079195022583008
GFNMS,1992,PH,stdev,0.0018010209314525127
GFNMS,1993,PH,mean,8.07790470123291
GFNMS,1993,PH,stdev,0.0021307524293661118
GFNMS,1994,PH,mean,8.07533073425293
GFNMS,1994,PH,stdev,0.0020624843891710043
GFNMS,1995,PH,mean,8.07451343536377
GFNMS,1995,PH,stdev,0.0018498351564630866
GFNMS,1996,PH,mean,8.072770118713379
GFNMS,1996,PH,stdev,0.002112137619405985
GFNMS,1997,PH,mean,8.070744514465332
GFNMS,1997,PH,stdev,0.0018745195120573044
GFNMS,1998,PH,mean,8.069060325622559
GFNMS,1998,PH,stdev,0.0018385794246569276
GFNMS,1999,PH,mean,8.066996574401855
GFNMS,1999,PH,stdev,0.0015946489293128252
GFNMS,2000,PH,mean,8.064905166625977
GFNMS,2000,PH,stdev,0.0016098400810733438
GFNMS,2001,PH,mean,8.062297821044922
GFNMS,2001,PH,stdev,0.0011205821065232158
GFNMS,2002,PH,mean,8.060981750488281
GFNMS,2002,PH,stdev,0.001241881400346756
GFNMS,2003,PH,mean,8.060179710388184
GFNMS,2003,PH,stdev,0.0016862242482602596
GFNMS,2004,PH,mean,8.057781219482422
GFNMS,2004,PH,stdev,0.0014169156784191728
GFNMS,2005,PH,mean,8.056005477905273
GFNMS,2005,PH,stdev,0.001824686536565423
GFNMS,2006,PH,mean,8.054910659790039
GFNMS,2006,PH,stdev,0.0017713273409754038
GFNMS,2007,PH,mean,8.0532073974609375
GFNMS,2007,PH,stdev,0.0017486140131950378
GFNMS,2008,PH,mean,8.050800323486328
GFNMS,2008,PH,stdev,0.0013560573570430279
GFNMS,2009,PH,mean,8.048971176147461
GFNMS,2009,PH,stdev,0.001859503798186779
GFNMS,2010,PH,mean,8.047124862670898
GFNMS,2010,PH,stdev,0.0014891227474436164
GFNMS,2011,PH,mean,8.045185089111328
GFNMS,2011,PH,stdev,0.0012591010890901089
GFNMS,2012,PH,mean,8.043760299682617
GFNMS,2012,PH,stdev,0.0016509928973391652
GFNMS,2013,PH,mean,8.041874885559082
GFNMS,2013,PH,stdev,0.002075173892080784
GFNMS,2014,PH,mean,8.039203643798828
GFNMS,2014,PH,stdev,0.0013878843747079372
GFNMS,2015,PH,mean,8.037446975708008
GFNMS,2015,PH,stdev,0.0015472767408937216
GFNMS,2016,PH,mean,8.035063743591309
GFNMS,2016,PH,stdev,0.001812635106034577
GFNMS,2017,PH,mean,8.03270435333252
GFNMS,2017,PH,stdev,0.0015483272727578878
GFNMS,2018,PH,mean,8.03034496307373
GFNMS,2018,PH,stdev,0.0017036794451996684
GFNMS,2019,PH,mean,8.027318954467773
GFNMS,2019,PH,stdev,0.0017491623293608427
GFNMS,2020,PH,mean,8.025871276855469
GFNMS,2020,PH,stdev,0.0018953611142933369
GFNMS,2021,PH,mean,8.023412704467773
GFNMS,2021,PH,stdev,0.0018933041719719768
GFNMS,2022,PH,mean,8.019573211669922
GFNMS,2022,PH,stdev,0.0017244410701096058
GFNMS,2023,PH,mean,8.017043113708496
GFNMS,2023,PH,stdev,0.0020968131721019745
GFNMS,2024,PH,mean,8.01318359375
GFNMS,2024,PH,stdev,0.0017822353402152658
GFNMS,2025,PH,mean,8.010300636291504
GFNMS,2025,PH,stdev,0.001662906026467681
GFNMS,2026,PH,mean,8.006562232971191
GFNMS,2026,PH,stdev,0.0016292973887175322
GFNMS,2027,PH,mean,8.004621505737305
GFNMS,2027,PH,stdev,0.001816948875784874
GFNMS,2028,PH,mean,8.001747131347656
GFNMS,2028,PH,stdev,0.0018785030115395784
GFNMS,2029,PH,mean,7.997912883758545
GFNMS,2029,PH,stdev,0.0018690710421651602
GFNMS,2030,PH,mean,7.995311260223389
GFNMS,2030,PH,stdev,0.0018900155555456877
GFNMS,2031,PH,mean,7.992234230041504
GFNMS,2031,PH,stdev,0.001972736557945609
GFNMS,2032,PH,mean,7.989015102386475
GFNMS,2032,PH,stdev,0.0022769917268306017
GFNMS,2033,PH,mean,7.985729217529297
GFNMS,2033,PH,stdev,0.0019319310085847974
GFNMS,2034,PH,mean,7.982784748077393
GFNMS,2034,PH,stdev,0.002061282517388463
GFNMS,2035,PH,mean,7.979135513305664
GFNMS,2035,PH,stdev,0.0019845436327159405
GFNMS,2036,PH,mean,7.976002216339111
GFNMS,2036,PH,stdev,0.002082568360492587
GFNMS,2037,PH,mean,7.97282600402832
GFNMS,2037,PH,stdev,0.0018932037055492401
GFNMS,2038,PH,mean,7.969508171081543
GFNMS,2038,PH,stdev,0.002279137261211872
GFNMS,2039,PH,mean,7.965524196624756
GFNMS,2039,PH,stdev,0.0020043905824422836
GFNMS,2040,PH,mean,7.962528705596924
GFNMS,2040,PH,stdev,0.0017722707707434893
GFNMS,2041,PH,mean,7.958921909332275
GFNMS,2041,PH,stdev,0.002010209020227194
GFNMS,2042,PH,mean,7.955523490905762
GFNMS,2042,PH,stdev,0.001909821294248104
GFNMS,2043,PH,mean,7.9521284103393555
GFNMS,2043,PH,stdev,0.0018473586533218622
GFNMS,2044,PH,mean,7.948410987854004
GFNMS,2044,PH,stdev,0.0016534593887627125
GFNMS,2045,PH,mean,7.9455885887146
GFNMS,2045,PH,stdev,0.0019687479361891747
GFNMS,2046,PH,mean,7.942047119140625
GFNMS,2046,PH,stdev,0.002243165858089924
GFNMS,2047,PH,mean,7.938686847686768
GFNMS,2047,PH,stdev,0.002126420382410288
GFNMS,2048,PH,mean,7.935018062591553
GFNMS,2048,PH,stdev,0.0018551194807514548
GFNMS,2049,PH,mean,7.93122673034668
GFNMS,2049,PH,stdev,0.0018679071217775345
GFNMS,2050,PH,mean,7.928118705749512
GFNMS,2050,PH,stdev,0.0021046376787126064
GFNMS,2051,PH,mean,7.924585342407227
GFNMS,2051,PH,stdev,0.0019702138379216194
GFNMS,2052,PH,mean,7.921127796173096
GFNMS,2052,PH,stdev,0.0019204543204978108
GFNMS,2053,PH,mean,7.916958332061768
GFNMS,2053,PH,stdev,0.0015670646680518985
GFNMS,2054,PH,mean,7.91456413269043
GFNMS,2054,PH,stdev,0.002219744259491563
GFNMS,2055,PH,mean,7.910102367401123
GFNMS,2055,PH,stdev,0.001570891123265028
GFNMS,2056,PH,mean,7.906405448913574
GFNMS,2056,PH,stdev,0.002204371616244316
GFNMS,2057,PH,mean,7.903520107269287
GFNMS,2057,PH,stdev,0.002187618287280202
GFNMS,2058,PH,mean,7.900529861450195
GFNMS,2058,PH,stdev,0.0024476877879351377
GFNMS,2059,PH,mean,7.8962297439575195
GFNMS,2059,PH,stdev,0.0017919219098985195
GFNMS,2060,PH,mean,7.892399787902832
GFNMS,2060,PH,stdev,0.0018097390420734882
GFNMS,2061,PH,mean,7.889311790466309
GFNMS,2061,PH,stdev,0.0018132176483049989
GFNMS,2062,PH,mean,7.885883808135986
GFNMS,2062,PH,stdev,0.002086987718939781
GFNMS,2063,PH,mean,7.881407260894775
GFNMS,2063,PH,stdev,0.0019483022624626756
GFNMS,2064,PH,mean,7.878564834594727
GFNMS,2064,PH,stdev,0.0022130736615508795
GFNMS,2065,PH,mean,7.874992847442627
GFNMS,2065,PH,stdev,0.0021986106876283884
GFNMS,2066,PH,mean,7.871671676635742
GFNMS,2066,PH,stdev,0.0019485970260575414
GFNMS,2067,PH,mean,7.868008613586426
GFNMS,2067,PH,stdev,0.0021667166147381067
GFNMS,2068,PH,mean,7.864037036895752
GFNMS,2068,PH,stdev,0.0021912707015872
GFNMS,2069,PH,mean,7.860509395599365
GFNMS,2069,PH,stdev,0.002244466682896018
GFNMS,2070,PH,mean,7.856683254241943
GFNMS,2070,PH,stdev,0.001916082575917244
GFNMS,2071,PH,mean,7.852330207824707
GFNMS,2071,PH,stdev,0.002123940736055374
GFNMS,2072,PH,mean,7.849339485168457
GFNMS,2072,PH,stdev,0.0021880301646888256
GFNMS,2073,PH,mean,7.8454790115356445
GFNMS,2073,PH,stdev,0.002019640989601612
GFNMS,2074,PH,mean,7.841923236846924
GFNMS,2074,PH,stdev,0.00221233069896698
GFNMS,2075,PH,mean,7.838109970092773
GFNMS,2075,PH,stdev,0.0023093349300324917
GFNMS,2076,PH,mean,7.834140777587891
GFNMS,2076,PH,stdev,0.0018404863076284528
GFNMS,2077,PH,mean,7.830951690673828
GFNMS,2077,PH,stdev,0.002165048848837614
GFNMS,2078,PH,mean,7.826699256896973
GFNMS,2078,PH,stdev,0.002262786729261279
GFNMS,2079,PH,mean,7.823032379150391
GFNMS,2079,PH,stdev,0.0023446213454008102
GFNMS,2080,PH,mean,7.81954288482666
GFNMS,2080,PH,stdev,0.00208481028676033
GFNMS,2081,PH,mean,7.816132545471191
GFNMS,2081,PH,stdev,0.0021477225236594677
GFNMS,2082,PH,mean,7.811828136444092
GFNMS,2082,PH,stdev,0.0019862614572048187
GFNMS,2083,PH,mean,7.809554100036621
GFNMS,2083,PH,stdev,0.0022047627717256546
GFNMS,2084,PH,mean,7.805200576782227
GFNMS,2084,PH,stdev,0.0025549319107085466
GFNMS,2085,PH,mean,7.800920009613037
GFNMS,2085,PH,stdev,0.0022501859348267317
GFNMS,2086,PH,mean,7.797943592071533
GFNMS,2086,PH,stdev,0.0023144239094108343
GFNMS,2087,PH,mean,7.793476104736328
GFNMS,2087,PH,stdev,0.0021130694076418877
GFNMS,2088,PH,mean,7.790046215057373
GFNMS,2088,PH,stdev,0.00241279904730618
GFNMS,2089,PH,mean,7.786161422729492
GFNMS,2089,PH,stdev,0.002276881132274866
GFNMS,2090,PH,mean,7.7818403244018555
GFNMS,2090,PH,stdev,0.0021965946070849895
GFNMS,2091,PH,mean,7.77813196182251
GFNMS,2091,PH,stdev,0.002305148169398308
GFNMS,2092,PH,mean,7.774204254150391
GFNMS,2092,PH,stdev,0.00209997221827507
GFNMS,2093,PH,mean,7.77063512802124
GFNMS,2093,PH,stdev,0.0021634658332914114
GFNMS,2094,PH,mean,7.766773223876953
GFNMS,2094,PH,stdev,0.0021444521844387054
GFNMS,2095,PH,mean,7.762914180755615
GFNMS,2095,PH,stdev,0.002057150239124894
GFNMS,2096,PH,mean,7.759885787963867
GFNMS,2096,PH,stdev,0.002655960386618972
GFNMS,2097,PH,mean,7.755462169647217
GFNMS,2097,PH,stdev,0.0020412940066307783
GFNMS,2098,PH,mean,7.750685214996338
GFNMS,2098,PH,stdev,0.002119012176990509
GFNMS,2099,PH,mean,7.747946739196777
GFNMS,2099,PH,stdev,0.002203560434281826
GFNMS,2100,PH,mean,7.743783473968506
GFNMS,2100,PH,stdev,0.002214550506323576
GRNMS,1990,PH,mean,8.13801097869873
GRNMS,1990,PH,stdev,0
GRNMS,1991,PH,mean,8.137256622314453
GRNMS,1991,PH,stdev,0
GRNMS,1992,PH,mean,8.138952255249023
GRNMS,1992,PH,stdev,0
GRNMS,1993,PH,mean,8.135191917419434
GRNMS,1993,PH,stdev,0
GRNMS,1994,PH,mean,8.133277893066406
GRNMS,1994,PH,stdev,0
GRNMS,1995,PH,mean,8.130836486816406
GRNMS,1995,PH,stdev,0
GRNMS,1996,PH,mean,8.129199981689453
GRNMS,1996,PH,stdev,0
GRNMS,1997,PH,mean,8.12744426727295
GRNMS,1997,PH,stdev,0
GRNMS,1998,PH,mean,8.125911712646484
GRNMS,1998,PH,stdev,0
GRNMS,1999,PH,mean,8.124104499816895
GRNMS,1999,PH,stdev,0
GRNMS,2000,PH,mean,8.121950149536133
GRNMS,2000,PH,stdev,0
GRNMS,2001,PH,mean,8.120691299438477
GRNMS,2001,PH,stdev,0
GRNMS,2002,PH,mean,8.118949890136719
GRNMS,2002,PH,stdev,0
GRNMS,2003,PH,mean,8.117440223693848
GRNMS,2003,PH,stdev,0
GRNMS,2004,PH,mean,8.11559772491455
GRNMS,2004,PH,stdev,0
GRNMS,2005,PH,mean,8.114706039428711
GRNMS,2005,PH,stdev,0
GRNMS,2006,PH,mean,8.111786842346191
GRNMS,2006,PH,stdev,0
GRNMS,2007,PH,mean,8.109752655029297
GRNMS,2007,PH,stdev,0
GRNMS,2008,PH,mean,8.107861518859863
GRNMS,2008,PH,stdev,0
GRNMS,2009,PH,mean,8.10657024383545
GRNMS,2009,PH,stdev,0
GRNMS,2010,PH,mean,8.104753494262695
GRNMS,2010,PH,stdev,0
GRNMS,2011,PH,mean,8.103063583374023
GRNMS,2011,PH,stdev,0
GRNMS,2012,PH,mean,8.100854873657227
GRNMS,2012,PH,stdev,0
GRNMS,2013,PH,mean,8.0984954833984375
GRNMS,2013,PH,stdev,0
GRNMS,2014,PH,mean,8.096190452575684
GRNMS,2014,PH,stdev,0
GRNMS,2015,PH,mean,8.094503402709961
GRNMS,2015,PH,stdev,0
GRNMS,2016,PH,mean,8.0923004150390625
GRNMS,2016,PH,stdev,0
GRNMS,2017,PH,mean,8.090840339660645
GRNMS,2017,PH,stdev,0
GRNMS,2018,PH,mean,8.087109565734863
GRNMS,2018,PH,stdev,0
GRNMS,2019,PH,mean,8.086213111877441
GRNMS,2019,PH,stdev,0
GRNMS,2020,PH,mean,8.083477973937988
GRNMS,2020,PH,stdev,0
GRNMS,2021,PH,mean,8.080333709716797
GRNMS,2021,PH,stdev,0
GRNMS,2022,PH,mean,8.07784652709961
GRNMS,2022,PH,stdev,0
GRNMS,2023,PH,mean,8.074707984924316
GRNMS,2023,PH,stdev,0
GRNMS,2024,PH,mean,8.071907043457031
GRNMS,2024,PH,stdev,0
GRNMS,2025,PH,mean,8.0696258544921875
GRNMS,2025,PH,stdev,0
GRNMS,2026,PH,mean,8.066266059875488
GRNMS,2026,PH,stdev,0
GRNMS,2027,PH,mean,8.063702583312988
GRNMS,2027,PH,stdev,0
GRNMS,2028,PH,mean,8.061380386352539
GRNMS,2028,PH,stdev,0
GRNMS,2029,PH,mean,8.058259963989258
GRNMS,2029,PH,stdev,0
GRNMS,2030,PH,mean,8.054861068725586
GRNMS,2030,PH,stdev,0
GRNMS,2031,PH,mean,8.051780700683594
GRNMS,2031,PH,stdev,0
GRNMS,2032,PH,mean,8.04856014251709
GRNMS,2032,PH,stdev,0
GRNMS,2033,PH,mean,8.044922828674316
GRNMS,2033,PH,stdev,0
GRNMS,2034,PH,mean,8.042069435119629
GRNMS,2034,PH,stdev,0
GRNMS,2035,PH,mean,8.037940979003906
GRNMS,2035,PH,stdev,0
GRNMS,2036,PH,mean,8.035672187805176
GRNMS,2036,PH,stdev,0
GRNMS,2037,PH,mean,8.032444953918457
GRNMS,2037,PH,stdev,0
GRNMS,2038,PH,mean,8.029455184936523
GRNMS,2038,PH,stdev,0
GRNMS,2039,PH,mean,8.025664329528809
GRNMS,2039,PH,stdev,0
GRNMS,2040,PH,mean,8.023122787475586
GRNMS,2040,PH,stdev,0
GRNMS,2041,PH,mean,8.019404411315918
GRNMS,2041,PH,stdev,0
GRNMS,2042,PH,mean,8.015721321105957
GRNMS,2042,PH,stdev,0
GRNMS,2043,PH,mean,8.012811660766602
GRNMS,2043,PH,stdev,0
GRNMS,2044,PH,mean,8.0103120803833
GRNMS,2044,PH,stdev,0
GRNMS,2045,PH,mean,8.006441116333008
GRNMS,2045,PH,stdev,0
GRNMS,2046,PH,mean,8.002798080444336
GRNMS,2046,PH,stdev,0
GRNMS,2047,PH,mean,7.9990925788879395
GRNMS,2047,PH,stdev,0
GRNMS,2048,PH,mean,7.996295928955078
GRNMS,2048,PH,stdev,0
GRNMS,2049,PH,mean,7.99306583404541
GRNMS,2049,PH,stdev,0
GRNMS,2050,PH,mean,7.989325523376465
GRNMS,2050,PH,stdev,0
GRNMS,2051,PH,mean,7.985878944396973
GRNMS,2051,PH,stdev,0
GRNMS,2052,PH,mean,7.982908725738525
GRNMS,2052,PH,stdev,0
GRNMS,2053,PH,mean,7.979578971862793
GRNMS,2053,PH,stdev,0
GRNMS,2054,PH,mean,7.9755425453186035
GRNMS,2054,PH,stdev,0
GRNMS,2055,PH,mean,7.972690582275391
GRNMS,2055,PH,stdev,0
GRNMS,2056,PH,mean,7.969125747680664
GRNMS,2056,PH,stdev,0
GRNMS,2057,PH,mean,7.9658379554748535
GRNMS,2057,PH,stdev,0
GRNMS,2058,PH,mean,7.961801052093506
GRNMS,2058,PH,stdev,0
GRNMS,2059,PH,mean,7.958561897277832
GRNMS,2059,PH,stdev,0
GRNMS,2060,PH,mean,7.955328941345215
GRNMS,2060,PH,stdev,0
GRNMS,2061,PH,mean,7.9520416259765625
GRNMS,2061,PH,stdev,0
GRNMS,2062,PH,mean,7.948045253753662
GRNMS,2062,PH,stdev,0
GRNMS,2063,PH,mean,7.944711208343506
GRNMS,2063,PH,stdev,0
GRNMS,2064,PH,mean,7.9413628578186035
GRNMS,2064,PH,stdev,0
GRNMS,2065,PH,mean,7.937877655029297
GRNMS,2065,PH,stdev,0
GRNMS,2066,PH,mean,7.934330940246582
GRNMS,2066,PH,stdev,0
GRNMS,2067,PH,mean,7.931606769561768
GRNMS,2067,PH,stdev,0
GRNMS,2068,PH,mean,7.928280830383301
GRNMS,2068,PH,stdev,0
GRNMS,2069,PH,mean,7.924760818481445
GRNMS,2069,PH,stdev,0
GRNMS,2070,PH,mean,7.92022705078125
GRNMS,2070,PH,stdev,0
GRNMS,2071,PH,mean,7.9177350997924805
GRNMS,2071,PH,stdev,0
GRNMS,2072,PH,mean,7.914681434631348
GRNMS,2072,PH,stdev,0
GRNMS,2073,PH,mean,7.910311222076416
GRNMS,2073,PH,stdev,0
GRNMS,2074,PH,mean,7.906994819641113
GRNMS,2074,PH,stdev,0
GRNMS,2075,PH,mean,7.903622627258301
GRNMS,2075,PH,stdev,0
GRNMS,2076,PH,mean,7.900235652923584
GRNMS,2076,PH,stdev,0
GRNMS,2077,PH,mean,7.8969621658325195
GRNMS,2077,PH,stdev,0
GRNMS,2078,PH,mean,7.892287731170654
GRNMS,2078,PH,stdev,0
GRNMS,2079,PH,mean,7.889775276184082
GRNMS,2079,PH,stdev,0
GRNMS,2080,PH,mean,7.88652229309082
GRNMS,2080,PH,stdev,0
GRNMS,2081,PH,mean,7.882544994354248
GRNMS,2081,PH,stdev,0
GRNMS,2082,PH,mean,7.879095077514648
GRNMS,2082,PH,stdev,0
GRNMS,2083,PH,mean,7.876535415649414
GRNMS,2083,PH,stdev,0
GRNMS,2084,PH,mean,7.871882915496826
GRNMS,2084,PH,stdev,0
GRNMS,2085,PH,mean,7.8687639236450195
GRNMS,2085,PH,stdev,0
GRNMS,2086,PH,mean,7.8652238845825195
GRNMS,2086,PH,stdev,0
GRNMS,2087,PH,mean,7.8614020347595215
GRNMS,2087,PH,stdev,0
GRNMS,2088,PH,mean,7.857792377471924
GRNMS,2088,PH,stdev,0
GRNMS,2089,PH,mean,7.853761672973633
GRNMS,2089,PH,stdev,0
GRNMS,2090,PH,mean,7.850743293762207
GRNMS,2090,PH,stdev,0
GRNMS,2091,PH,mean,7.847146511077881
GRNMS,2091,PH,stdev,0
GRNMS,2092,PH,mean,7.8444437980651855
GRNMS,2092,PH,stdev,0
GRNMS,2093,PH,mean,7.840334892272949
GRNMS,2093,PH,stdev,0
GRNMS,2094,PH,mean,7.836547374725342
GRNMS,2094,PH,stdev,0
GRNMS,2095,PH,mean,7.832855224609375
GRNMS,2095,PH,stdev,0
GRNMS,2096,PH,mean,7.829047203063965
GRNMS,2096,PH,stdev,0
GRNMS,2097,PH,mean,7.825769424438477
GRNMS,2097,PH,stdev,0
GRNMS,2098,PH,mean,7.822188377380371
GRNMS,2098,PH,stdev,0
GRNMS,2099,PH,mean,7.818546772003174
GRNMS,2099,PH,stdev,0
GRNMS,2100,PH,mean,7.8151092529296875
GRNMS,2100,PH,stdev,0
HIHWNMS,1990,PH,mean,8.108929634094238
HIHWNMS,1990,PH,stdev,0.001046178862452507
HIHWNMS,1991,PH,mean,8.108381271362305
HIHWNMS,1991,PH,stdev,0.0010010481346398592
HIHWNMS,1992,PH,mean,8.107634544372559
HIHWNMS,1992,PH,stdev,9.736719075590372e-4
HIHWNMS,1993,PH,mean,8.105650901794434
HIHWNMS,1993,PH,stdev,0.0010030847042798996
HIHWNMS,1994,PH,mean,8.104433059692383
HIHWNMS,1994,PH,stdev,9.764473070390522e-4
HIHWNMS,1995,PH,mean,8.102482795715332
HIHWNMS,1995,PH,stdev,9.73791116848588e-4
HIHWNMS,1996,PH,mean,8.099516868591309
HIHWNMS,1996,PH,stdev,9.489238145761192e-4
HIHWNMS,1997,PH,mean,8.09774112701416
HIHWNMS,1997,PH,stdev,9.567848755978048e-4
HIHWNMS,1998,PH,mean,8.097038269042969
HIHWNMS,1998,PH,stdev,9.744486305862665e-4
HIHWNMS,1999,PH,mean,8.094016075134277
HIHWNMS,1999,PH,stdev,9.68577922321856e-4
HIHWNMS,2000,PH,mean,8.092643737792969
HIHWNMS,2000,PH,stdev,9.365617297589779e-4
HIHWNMS,2001,PH,mean,8.088857650756836
HIHWNMS,2001,PH,stdev,9.083611657842994e-4
HIHWNMS,2002,PH,mean,8.087994575500488
HIHWNMS,2002,PH,stdev,9.727925062179565e-4
HIHWNMS,2003,PH,mean,8.087371826171875
HIHWNMS,2003,PH,stdev,0.001010718522593379
HIHWNMS,2004,PH,mean,8.085293769836426
HIHWNMS,2004,PH,stdev,9.414117084816098e-4
HIHWNMS,2005,PH,mean,8.083730697631836
HIHWNMS,2005,PH,stdev,9.498910512775183e-4
HIHWNMS,2006,PH,mean,8.08193302154541
HIHWNMS,2006,PH,stdev,9.00822866242379e-4
HIHWNMS,2007,PH,mean,8.079705238342285
HIHWNMS,2007,PH,stdev,8.669197559356689e-4
HIHWNMS,2008,PH,mean,8.077614784240723
HIHWNMS,2008,PH,stdev,8.862610557116568e-4
HIHWNMS,2009,PH,mean,8.075538635253906
HIHWNMS,2009,PH,stdev,8.832754101604223e-4
HIHWNMS,2010,PH,mean,8.0746002197265625
HIHWNMS,2010,PH,stdev,8.937979582697153e-4
HIHWNMS,2011,PH,mean,8.072299003601074
HIHWNMS,2011,PH,stdev,9.181939531117678e-4
HIHWNMS,2012,PH,mean,8.071084022521973
HIHWNMS,2012,PH,stdev,9.000334539450705e-4
HIHWNMS,2013,PH,mean,8.067544937133789
HIHWNMS,2013,PH,stdev,9.030508226715028e-4
HIHWNMS,2014,PH,mean,8.066621780395508
HIHWNMS,2014,PH,stdev,9.424510062672198e-4
HIHWNMS,2015,PH,mean,8.064213752746582
HIHWNMS,2015,PH,stdev,8.785631507635117e-4
HIHWNMS,2016,PH,mean,8.062602043151855
HIHWNMS,2016,PH,stdev,8.708733948878944e-4
HIHWNMS,2017,PH,mean,8.060232162475586
HIHWNMS,2017,PH,stdev,8.5541169391945e-4
HIHWNMS,2018,PH,mean,8.057042121887207
HIHWNMS,2018,PH,stdev,8.431287715211511e-4
HIHWNMS,2019,PH,mean,8.054832458496094
HIHWNMS,2019,PH,stdev,8.367112022824585e-4
HIHWNMS,2020,PH,mean,8.053197860717773
HIHWNMS,2020,PH,stdev,8.885056595318019e-4
HIHWNMS,2021,PH,mean,8.050243377685547
HIHWNMS,2021,PH,stdev,8.317213505506516e-4
HIHWNMS,2022,PH,mean,8.046989440917969
HIHWNMS,2022,PH,stdev,8.321005734615028e-4
HIHWNMS,2023,PH,mean,8.042978286743164
HIHWNMS,2023,PH,stdev,8.237832225859165e-4
HIHWNMS,2024,PH,mean,8.040925025939941
HIHWNMS,2024,PH,stdev,7.880001212470233e-4
HIHWNMS,2025,PH,mean,8.038182258605957
HIHWNMS,2025,PH,stdev,7.858727476559579e-4
HIHWNMS,2026,PH,mean,8.03448486328125
HIHWNMS,2026,PH,stdev,7.444758084602654e-4
HIHWNMS,2027,PH,mean,8.031904220581055
HIHWNMS,2027,PH,stdev,8.072960772551596e-4
HIHWNMS,2028,PH,mean,8.029172897338867
HIHWNMS,2028,PH,stdev,7.678089314140379e-4
HIHWNMS,2029,PH,mean,8.025872230529785
HIHWNMS,2029,PH,stdev,7.951998268254101e-4
HIHWNMS,2030,PH,mean,8.023091316223145
HIHWNMS,2030,PH,stdev,8.075262885540724e-4
HIHWNMS,2031,PH,mean,8.020682334899902
HIHWNMS,2031,PH,stdev,7.840872276574373e-4
HIHWNMS,2032,PH,mean,8.0165863037109375
HIHWNMS,2032,PH,stdev,7.674060179851949e-4
HIHWNMS,2033,PH,mean,8.013161659240723
HIHWNMS,2033,PH,stdev,7.594792987219989e-4
HIHWNMS,2034,PH,mean,8.009828567504883
HIHWNMS,2034,PH,stdev,7.667319150641561e-4
HIHWNMS,2035,PH,mean,8.006500244140625
HIHWNMS,2035,PH,stdev,7.567974971607327e-4
HIHWNMS,2036,PH,mean,8.003067970275879
HIHWNMS,2036,PH,stdev,7.575912750326097e-4
HIHWNMS,2037,PH,mean,8.001520156860352
HIHWNMS,2037,PH,stdev,7.601316319778562e-4
HIHWNMS,2038,PH,mean,7.996962547302246
HIHWNMS,2038,PH,stdev,7.706400356255472e-4
HIHWNMS,2039,PH,mean,7.994354724884033
HIHWNMS,2039,PH,stdev,7.745702750980854e-4
HIHWNMS,2040,PH,mean,7.989609718322754
HIHWNMS,2040,PH,stdev,7.373953121714294e-4
HIHWNMS,2041,PH,mean,7.987136363983154
HIHWNMS,2041,PH,stdev,7.182894623838365e-4
HIHWNMS,2042,PH,mean,7.983717918395996
HIHWNMS,2042,PH,stdev,7.155149942263961e-4
HIHWNMS,2043,PH,mean,7.980243682861328
HIHWNMS,2043,PH,stdev,7.27838312741369e-4
HIHWNMS,2044,PH,mean,7.97752046585083
HIHWNMS,2044,PH,stdev,7.187183364294469e-4
HIHWNMS,2045,PH,mean,7.973613262176514
HIHWNMS,2045,PH,stdev,7.220767438411713e-4
HIHWNMS,2046,PH,mean,7.970343112945557
HIHWNMS,2046,PH,stdev,7.054959423840046e-4
HIHWNMS,2047,PH,mean,7.966801643371582
HIHWNMS,2047,PH,stdev,7.110500591807067e-4
HIHWNMS,2048,PH,mean,7.96404504776001
HIHWNMS,2048,PH,stdev,7.248845649883151e-4
HIHWNMS,2049,PH,mean,7.960059642791748
HIHWNMS,2049,PH,stdev,7.011925335973501e-4
HIHWNMS,2050,PH,mean,7.95691442489624
HIHWNMS,2050,PH,stdev,6.9622159935534e-4
HIHWNMS,2051,PH,mean,7.953881740570068
HIHWNMS,2051,PH,stdev,6.94763904903084e-4
HIHWNMS,2052,PH,mean,7.950578212738037
HIHWNMS,2052,PH,stdev,7.051195134408772e-4
HIHWNMS,2053,PH,mean,7.946221351623535
HIHWNMS,2053,PH,stdev,6.672707386314869e-4
HIHWNMS,2054,PH,mean,7.942737102508545
HIHWNMS,2054,PH,stdev,6.867368938401341e-4
HIHWNMS,2055,PH,mean,7.9392924308776855
HIHWNMS,2055,PH,stdev,6.807204918004572e-4
HIHWNMS,2056,PH,mean,7.935694694519043
HIHWNMS,2056,PH,stdev,6.815845845267177e-4
HIHWNMS,2057,PH,mean,7.932784557342529
HIHWNMS,2057,PH,stdev,6.845035823062062e-4
HIHWNMS,2058,PH,mean,7.928487777709961
HIHWNMS,2058,PH,stdev,6.696643540635705e-4
HIHWNMS,2059,PH,mean,7.92478609085083
HIHWNMS,2059,PH,stdev,6.534216227009892e-4
HIHWNMS,2060,PH,mean,7.922064781188965
HIHWNMS,2060,PH,stdev,6.343117565847933e-4
HIHWNMS,2061,PH,mean,7.9188032150268555
HIHWNMS,2061,PH,stdev,6.78392534609884e-4
HIHWNMS,2062,PH,mean,7.91506290435791
HIHWNMS,2062,PH,stdev,6.53017486911267e-4
HIHWNMS,2063,PH,mean,7.911754608154297
HIHWNMS,2063,PH,stdev,6.628879345953465e-4
HIHWNMS,2064,PH,mean,7.907917022705078
HIHWNMS,2064,PH,stdev,6.605304661206901e-4
HIHWNMS,2065,PH,mean,7.904592514038086
HIHWNMS,2065,PH,stdev,6.509345257654786e-4
HIHWNMS,2066,PH,mean,7.901695251464844
HIHWNMS,2066,PH,stdev,6.574689759872854e-4
HIHWNMS,2067,PH,mean,7.898013591766357
HIHWNMS,2067,PH,stdev,6.425262545235455e-4
HIHWNMS,2068,PH,mean,7.8944292068481445
HIHWNMS,2068,PH,stdev,6.264665280468762e-4
HIHWNMS,2069,PH,mean,7.8910675048828125
HIHWNMS,2069,PH,stdev,6.170841515995562e-4
HIHWNMS,2070,PH,mean,7.886908054351807
HIHWNMS,2070,PH,stdev,6.247643032111228e-4
HIHWNMS,2071,PH,mean,7.883918762207031
HIHWNMS,2071,PH,stdev,5.942950956523418e-4
HIHWNMS,2072,PH,mean,7.880189895629883
HIHWNMS,2072,PH,stdev,5.992853548377752e-4
HIHWNMS,2073,PH,mean,7.875845432281494
HIHWNMS,2073,PH,stdev,5.883367848582566e-4
HIHWNMS,2074,PH,mean,7.872903823852539
HIHWNMS,2074,PH,stdev,6.03204476647079e-4
HIHWNMS,2075,PH,mean,7.8701701164245605
HIHWNMS,2075,PH,stdev,6.030973745509982e-4
HIHWNMS,2076,PH,mean,7.865400314331055
HIHWNMS,2076,PH,stdev,6.008479977026582e-4
HIHWNMS,2077,PH,mean,7.862481117248535
HIHWNMS,2077,PH,stdev,5.878969677723944e-4
HIHWNMS,2078,PH,mean,7.858084678649902
HIHWNMS,2078,PH,stdev,6.139855831861496e-4
HIHWNMS,2079,PH,mean,7.854852676391602
HIHWNMS,2079,PH,stdev,5.976515240035951e-4
HIHWNMS,2080,PH,mean,7.851570129394531
HIHWNMS,2080,PH,stdev,5.884518614038825e-4
HIHWNMS,2081,PH,mean,7.847146034240723
HIHWNMS,2081,PH,stdev,5.911663174629211e-4
HIHWNMS,2082,PH,mean,7.844198703765869
HIHWNMS,2082,PH,stdev,6.280294037424028e-4
HIHWNMS,2083,PH,mean,7.841175556182861
HIHWNMS,2083,PH,stdev,6.007058545947075e-4
HIHWNMS,2084,PH,mean,7.836297988891602
HIHWNMS,2084,PH,stdev,5.796928307972848e-4
HIHWNMS,2085,PH,mean,7.833864212036133
HIHWNMS,2085,PH,stdev,5.634811823256314e-4
HIHWNMS,2086,PH,mean,7.829400539398193
HIHWNMS,2086,PH,stdev,5.728431860916317e-4
HIHWNMS,2087,PH,mean,7.8262763023376465
HIHWNMS,2087,PH,stdev,5.796147743239999e-4
HIHWNMS,2088,PH,mean,7.822169303894043
HIHWNMS,2088,PH,stdev,5.679298774339259e-4
HIHWNMS,2089,PH,mean,7.818182945251465
HIHWNMS,2089,PH,stdev,5.656048888340592e-4
HIHWNMS,2090,PH,mean,7.814706325531006
HIHWNMS,2090,PH,stdev,5.587919731624424e-4
HIHWNMS,2091,PH,mean,7.81082010269165
HIHWNMS,2091,PH,stdev,5.564788007177413e-4
HIHWNMS,2092,PH,mean,7.807589530944824
HIHWNMS,2092,PH,stdev,5.534268566407263e-4
HIHWNMS,2093,PH,mean,7.803457736968994
HIHWNMS,2093,PH,stdev,5.578704876825213e-4
HIHWNMS,2094,PH,mean,7.800020694732666
HIHWNMS,2094,PH,stdev,5.482615088112652e-4
HIHWNMS,2095,PH,mean,7.7964606285095215
HIHWNMS,2095,PH,stdev,5.485955043695867e-4
HIHWNMS,2096,PH,mean,7.791783332824707
HIHWNMS,2096,PH,stdev,5.650725215673447e-4
HIHWNMS,2097,PH,mean,7.7890305519104
HIHWNMS,2097,PH,stdev,5.39363594725728e-4
HIHWNMS,2098,PH,mean,7.784409046173096
HIHWNMS,2098,PH,stdev,5.419481894932687e-4
HIHWNMS,2099,PH,mean,7.780636310577393
HIHWNMS,2099,PH,stdev,5.273167043924332e-4
HIHWNMS,2100,PH,mean,7.777210712432861
HIHWNMS,2100,PH,stdev,5.388743011280894e-4
MBNMS,1990,PH,mean,8.077475547790527
MBNMS,1990,PH,stdev,0.002183355623856187
MBNMS,1991,PH,mean,8.07734489440918
MBNMS,1991,PH,stdev,0.0022515389136970043
MBNMS,1992,PH,mean,8.076823234558105
MBNMS,1992,PH,stdev,0.00225096195936203
MBNMS,1993,PH,mean,8.07544994354248
MBNMS,1993,PH,stdev,0.002526296302676201
MBNMS,1994,PH,mean,8.072955131530762
MBNMS,1994,PH,stdev,0.0024533472023904324
MBNMS,1995,PH,mean,8.072090148925781
MBNMS,1995,PH,stdev,0.0025221076793968678
MBNMS,1996,PH,mean,8.070372581481934
MBNMS,1996,PH,stdev,0.0025447227526456118
MBNMS,1997,PH,mean,8.068187713623047
MBNMS,1997,PH,stdev,0.002479660790413618
MBNMS,1998,PH,mean,8.066729545593262
MBNMS,1998,PH,stdev,0.0023640876170247793
MBNMS,1999,PH,mean,8.0645294189453125
MBNMS,1999,PH,stdev,0.0023400045465677977
MBNMS,2000,PH,mean,8.062422752380371
MBNMS,2000,PH,stdev,0.0023842474911361933
MBNMS,2001,PH,mean,8.059746742248535
MBNMS,2001,PH,stdev,0.002158861141651869
MBNMS,2002,PH,mean,8.058284759521484
MBNMS,2002,PH,stdev,0.0022648212034255266
MBNMS,2003,PH,mean,8.057926177978516
MBNMS,2003,PH,stdev,0.0023035777267068624
MBNMS,2004,PH,mean,8.055331230163574
MBNMS,2004,PH,stdev,0.0022657006047666073
MBNMS,2005,PH,mean,8.053607940673828
MBNMS,2005,PH,stdev,0.0023473838809877634
MBNMS,2006,PH,mean,8.052628517150879
MBNMS,2006,PH,stdev,0.002337896265089512
MBNMS,2007,PH,mean,8.050705909729004
MBNMS,2007,PH,stdev,0.0024179951287806034
MBNMS,2008,PH,mean,8.04817008972168
MBNMS,2008,PH,stdev,0.002348250010982156
MBNMS,2009,PH,mean,8.046955108642578
MBNMS,2009,PH,stdev,0.0022947806864976883
MBNMS,2010,PH,mean,8.04480266571045
MBNMS,2010,PH,stdev,0.0021834319923073053
MBNMS,2011,PH,mean,8.0427093505859375
MBNMS,2011,PH,stdev,0.002165762474760413
MBNMS,2012,PH,mean,8.04119873046875
MBNMS,2012,PH,stdev,0.0023339642211794853
MBNMS,2013,PH,mean,8.03918743133545
MBNMS,2013,PH,stdev,0.002651935676112771
MBNMS,2014,PH,mean,8.03669548034668
MBNMS,2014,PH,stdev,0.0021722298115491867
MBNMS,2015,PH,mean,8.034987449645996
MBNMS,2015,PH,stdev,0.0023476802743971348
MBNMS,2016,PH,mean,8.032597541809082
MBNMS,2016,PH,stdev,0.0024418106768280268
MBNMS,2017,PH,mean,8.030311584472656
MBNMS,2017,PH,stdev,0.0022046384401619434
MBNMS,2018,PH,mean,8.027931213378906
MBNMS,2018,PH,stdev,0.0024329221341758966
MBNMS,2019,PH,mean,8.02479362487793
MBNMS,2019,PH,stdev,0.0023421223741024733
MBNMS,2020,PH,mean,8.02332878112793
MBNMS,2020,PH,stdev,0.0023925297427922487
MBNMS,2021,PH,mean,8.020973205566406
MBNMS,2021,PH,stdev,0.0023917704820632935
MBNMS,2022,PH,mean,8.017067909240723
MBNMS,2022,PH,stdev,0.0023037204518914223
MBNMS,2023,PH,mean,8.014749526977539
MBNMS,2023,PH,stdev,0.002450846368446946
MBNMS,2024,PH,mean,8.010891914367676
MBNMS,2024,PH,stdev,0.0022984545212239027
MBNMS,2025,PH,mean,8.007857322692871
MBNMS,2025,PH,stdev,0.0023039579391479492
MBNMS,2026,PH,mean,8.004319190979004
MBNMS,2026,PH,stdev,0.0022225556895136833
MBNMS,2027,PH,mean,8.002432823181152
MBNMS,2027,PH,stdev,0.0022278442047536373
MBNMS,2028,PH,mean,7.999314785003662
MBNMS,2028,PH,stdev,0.002267207019031048
MBNMS,2029,PH,mean,7.995764255523682
MBNMS,2029,PH,stdev,0.0022372608073055744
MBNMS,2030,PH,mean,7.992945671081543
MBNMS,2030,PH,stdev,0.0022564574610441923
MBNMS,2031,PH,mean,7.989983558654785
MBNMS,2031,PH,stdev,0.0022671367041766644
MBNMS,2032,PH,mean,7.987045764923096
MBNMS,2032,PH,stdev,0.002342222724109888
MBNMS,2033,PH,mean,7.983676910400391
MBNMS,2033,PH,stdev,0.002141943434253335
MBNMS,2034,PH,mean,7.980601787567139
MBNMS,2034,PH,stdev,0.0022050137631595135
MBNMS,2035,PH,mean,7.977006912231445
MBNMS,2035,PH,stdev,0.0021985811181366444
MBNMS,2036,PH,mean,7.973587989807129
MBNMS,2036,PH,stdev,0.0023227811325341463
MBNMS,2037,PH,mean,7.970396518707275
MBNMS,2037,PH,stdev,0.0022834434639662504
MBNMS,2038,PH,mean,7.967565536499023
MBNMS,2038,PH,stdev,0.0022835952695459127
MBNMS,2039,PH,mean,7.9634809494018555
MBNMS,2039,PH,stdev,0.002161130541935563
MBNMS,2040,PH,mean,7.960407257080078
MBNMS,2040,PH,stdev,0.0021351815667003393
MBNMS,2041,PH,mean,7.956539154052734
MBNMS,2041,PH,stdev,0.002309955656528473
MBNMS,2042,PH,mean,7.953525066375732
MBNMS,2042,PH,stdev,0.002181357005611062
MBNMS,2043,PH,mean,7.949950218200684
MBNMS,2043,PH,stdev,0.0021934974938631058
MBNMS,2044,PH,mean,7.946267604827881
MBNMS,2044,PH,stdev,0.002009216696023941
MBNMS,2045,PH,mean,7.943169116973877
MBNMS,2045,PH,stdev,0.0022751891519874334
MBNMS,2046,PH,mean,7.940003395080566
MBNMS,2046,PH,stdev,0.0022047841921448708
MBNMS,2047,PH,mean,7.936469078063965
MBNMS,2047,PH,stdev,0.0022668526507914066
MBNMS,2048,PH,mean,7.932805061340332
MBNMS,2048,PH,stdev,0.0021332930773496628
MBNMS,2049,PH,mean,7.929153919219971
MBNMS,2049,PH,stdev,0.0021055678371340036
MBNMS,2050,PH,mean,7.926241874694824
MBNMS,2050,PH,stdev,0.0020896955393254757
MBNMS,2051,PH,mean,7.922472953796387
MBNMS,2051,PH,stdev,0.0021439900156110525
MBNMS,2052,PH,mean,7.919122219085693
MBNMS,2052,PH,stdev,0.002146912505850196
MBNMS,2053,PH,mean,7.914950370788574
MBNMS,2053,PH,stdev,0.0019200174137949944
MBNMS,2054,PH,mean,7.912533760070801
MBNMS,2054,PH,stdev,0.0021892436780035496
MBNMS,2055,PH,mean,7.9082207679748535
MBNMS,2055,PH,stdev,0.0018317308276891708
MBNMS,2056,PH,mean,7.904354572296143
MBNMS,2056,PH,stdev,0.0022496378514915705
MBNMS,2057,PH,mean,7.901513576507568
MBNMS,2057,PH,stdev,0.0021745848935097456
MBNMS,2058,PH,mean,7.8986992835998535
MBNMS,2058,PH,stdev,0.0022051192354410887
MBNMS,2059,PH,mean,7.894222736358643
MBNMS,2059,PH,stdev,0.0020108551252633333
MBNMS,2060,PH,mean,7.890560626983643
MBNMS,2060,PH,stdev,0.001953819766640663
MBNMS,2061,PH,mean,7.887345314025879
MBNMS,2061,PH,stdev,0.0019500046037137508
MBNMS,2062,PH,mean,7.883883953094482
MBNMS,2062,PH,stdev,0.0020711151883006096
MBNMS,2063,PH,mean,7.879453659057617
MBNMS,2063,PH,stdev,0.001992525765672326
MBNMS,2064,PH,mean,7.876791477203369
MBNMS,2064,PH,stdev,0.002022641012445092
MBNMS,2065,PH,mean,7.873157501220703
MBNMS,2065,PH,stdev,0.0020612720400094986
MBNMS,2066,PH,mean,7.870025634765625
MBNMS,2066,PH,stdev,0.001797100412659347
MBNMS,2067,PH,mean,7.8661885261535645
MBNMS,2067,PH,stdev,0.0019518720218911767
MBNMS,2068,PH,mean,7.862490177154541
MBNMS,2068,PH,stdev,0.001900002360343933
MBNMS,2069,PH,mean,7.8589959144592285
MBNMS,2069,PH,stdev,0.0018982533365488052
MBNMS,2070,PH,mean,7.854854583740234
MBNMS,2070,PH,stdev,0.0019187366124242544
MBNMS,2071,PH,mean,7.851057529449463
MBNMS,2071,PH,stdev,0.0018127529183402658
MBNMS,2072,PH,mean,7.847803592681885
MBNMS,2072,PH,stdev,0.0018319860100746155
MBNMS,2073,PH,mean,7.843656063079834
MBNMS,2073,PH,stdev,0.0019937853794544935
MBNMS,2074,PH,mean,7.840264320373535
MBNMS,2074,PH,stdev,0.0018929154612123966
MBNMS,2075,PH,mean,7.836294651031494
MBNMS,2075,PH,stdev,0.00202015764079988
MBNMS,2076,PH,mean,7.832650661468506
MBNMS,2076,PH,stdev,0.0017109664622694254
MBNMS,2077,PH,mean,7.829051494598389
MBNMS,2077,PH,stdev,0.001996263163164258
MBNMS,2078,PH,mean,7.825366497039795
MBNMS,2078,PH,stdev,0.0018203265499323606
MBNMS,2079,PH,mean,7.821606636047363
MBNMS,2079,PH,stdev,0.0018744529224932194
MBNMS,2080,PH,mean,7.817907333374023
MBNMS,2080,PH,stdev,0.0018153807613998652
MBNMS,2081,PH,mean,7.8144731521606445
MBNMS,2081,PH,stdev,0.0019193243933841586
MBNMS,2082,PH,mean,7.810544013977051
MBNMS,2082,PH,stdev,0.001600511372089386
MBNMS,2083,PH,mean,7.807788372039795
MBNMS,2083,PH,stdev,0.0018615899607539177
MBNMS,2084,PH,mean,7.803873538970947
MBNMS,2084,PH,stdev,0.0019446124788373709
MBNMS,2085,PH,mean,7.799439430236816
MBNMS,2085,PH,stdev,0.0018242697697132826
MBNMS,2086,PH,mean,7.796466827392578
MBNMS,2086,PH,stdev,0.0019131687004119158
MBNMS,2087,PH,mean,7.792262077331543
MBNMS,2087,PH,stdev,0.0016522876685485244
MBNMS,2088,PH,mean,7.788913249969482
MBNMS,2088,PH,stdev,0.0017427100101485848
MBNMS,2089,PH,mean,7.784747123718262
MBNMS,2089,PH,stdev,0.0019370988011360168
MBNMS,2090,PH,mean,7.780483245849609
MBNMS,2090,PH,stdev,0.0017582520376890898
MBNMS,2091,PH,mean,7.776901721954346
MBNMS,2091,PH,stdev,0.0016846010694280267
MBNMS,2092,PH,mean,7.772924900054932
MBNMS,2092,PH,stdev,0.0016575665213167667
MBNMS,2093,PH,mean,7.769501686096191
MBNMS,2093,PH,stdev,0.0016664834693074226
MBNMS,2094,PH,mean,7.765500545501709
MBNMS,2094,PH,stdev,0.0016660033725202084
MBNMS,2095,PH,mean,7.761536598205566
MBNMS,2095,PH,stdev,0.001634153537452221
MBNMS,2096,PH,mean,7.758650779724121
MBNMS,2096,PH,stdev,0.0018810875480994582
MBNMS,2097,PH,mean,7.754421710968018
MBNMS,2097,PH,stdev,0.0014796677278354764
MBNMS,2098,PH,mean,7.749750137329102
MBNMS,2098,PH,stdev,0.0014735409058630466
MBNMS,2099,PH,mean,7.74655818939209
MBNMS,2099,PH,stdev,0.0017743556527420878
MBNMS,2100,PH,mean,7.742837429046631
MBNMS,2100,PH,stdev,0.001535489922389388
MBNMS-david,1990,PH,mean,8.078203201293945
MBNMS-david,1990,PH,stdev,1.4378520063473843e-5
MBNMS-david,1991,PH,mean,8.077690124511719
MBNMS-david,1991,PH,stdev,8.159810386132449e-5
MBNMS-david,1992,PH,mean,8.077001571655273
MBNMS-david,1992,PH,stdev,7.944132084958255e-5
MBNMS-david,1993,PH,mean,8.075514793395996
MBNMS-david,1993,PH,stdev,1.2868775229435414e-4
MBNMS-david,1994,PH,mean,8.0732879638671875
MBNMS-david,1994,PH,stdev,5.4997839470161125e-5
MBNMS-david,1995,PH,mean,8.07259464263916
MBNMS-david,1995,PH,stdev,6.218710041139275e-5
MBNMS-david,1996,PH,mean,8.070677757263184
MBNMS-david,1996,PH,stdev,6.937635771464556e-5
MBNMS-david,1997,PH,mean,8.06834888458252
MBNMS-david,1997,PH,stdev,1.2509312364272773e-4
MBNMS-david,1998,PH,mean,8.06722354888916
MBNMS-david,1998,PH,stdev,4.8527504986850545e-5
MBNMS-david,1999,PH,mean,8.064966201782227
MBNMS-david,1999,PH,stdev,7.908185943961143e-5
MBNMS-david,2000,PH,mean,8.063088417053223
MBNMS-david,2000,PH,stdev,1.725422407616861e-5
MBNMS-david,2001,PH,mean,8.060441017150879
MBNMS-david,2001,PH,stdev,2.624079934321344e-5
MBNMS-david,2002,PH,mean,8.058990478515625
MBNMS-david,2002,PH,stdev,1.653529761824757e-5
MBNMS-david,2003,PH,mean,8.05847454071045
MBNMS-david,2003,PH,stdev,3.8462541851913556e-5
MBNMS-david,2004,PH,mean,8.05594539642334
MBNMS-david,2004,PH,stdev,2.4084021788439713e-5
MBNMS-david,2005,PH,mean,8.053911209106445
MBNMS-david,2005,PH,stdev,7.764400652376935e-5
MBNMS-david,2006,PH,mean,8.053059577941895
MBNMS-david,2006,PH,stdev,3.91814683098346e-5
MBNMS-david,2007,PH,mean,8.051115036010742
MBNMS-david,2007,PH,stdev,5.751408025389537e-5
MBNMS-david,2008,PH,mean,8.048891067504883
MBNMS-david,2008,PH,stdev,3.343006028444506e-5
MBNMS-david,2009,PH,mean,8.047382354736328
MBNMS-david,2009,PH,stdev,7.692508370382711e-5
MBNMS-david,2010,PH,mean,8.045281410217285
MBNMS-david,2010,PH,stdev,2.8757040126947686e-5
MBNMS-david,2011,PH,mean,8.043293952941895
MBNMS-david,2011,PH,stdev,4.1697709093568847e-5
MBNMS-david,2012,PH,mean,8.041576385498047
MBNMS-david,2012,PH,stdev,4.960589649272151e-5
MBNMS-david,2013,PH,mean,8.039194107055664
MBNMS-david,2013,PH,stdev,1.4737983292434365e-4
MBNMS-david,2014,PH,mean,8.0372314453125
MBNMS-david,2014,PH,stdev,3.127328091068193e-5
MBNMS-david,2015,PH,mean,8.03557300567627
MBNMS-david,2015,PH,stdev,4.0619321225676686e-5
MBNMS-david,2016,PH,mean,8.032988548278809
MBNMS-david,2016,PH,stdev,6.721958197886124e-5
MBNMS-david,2017,PH,mean,8.03062629699707
MBNMS-david,2017,PH,stdev,6.578172906301916e-5
MBNMS-david,2018,PH,mean,8.028372764587402
MBNMS-david,2018,PH,stdev,6.793850479880348e-5
MBNMS-david,2019,PH,mean,8.02493953704834
MBNMS-david,2019,PH,stdev,9.058467549039051e-5
MBNMS-david,2020,PH,mean,8.023298263549805
MBNMS-david,2020,PH,stdev,1.1323084618197754e-4
MBNMS-david,2021,PH,mean,8.021059036254883
MBNMS-david,2021,PH,stdev,1.1179299326613545e-4
MBNMS-david,2022,PH,mean,8.017229080200195
MBNMS-david,2022,PH,stdev,9.453877282794565e-5
MBNMS-david,2023,PH,mean,8.014687538146973
MBNMS-david,2023,PH,stdev,1.4090949844103307e-4
MBNMS-david,2024,PH,mean,8.01105785369873
MBNMS-david,2024,PH,stdev,9.058467549039051e-5
MBNMS-david,2025,PH,mean,8.008030891418457
MBNMS-david,2025,PH,stdev,8.69900468387641e-5
MBNMS-david,2026,PH,mean,8.00456714630127
MBNMS-david,2026,PH,stdev,8.663058542879298e-5
MBNMS-david,2027,PH,mean,8.002450942993164
MBNMS-david,2027,PH,stdev,1.1323084618197754e-4
MBNMS-david,2028,PH,mean,7.9991865158081055
MBNMS-david,2028,PH,stdev,1.1718493624357507e-4
MBNMS-david,2029,PH,mean,7.99583625793457
MBNMS-david,2029,PH,stdev,1.0100910731125623e-4
MBNMS-david,2030,PH,mean,7.992696762084961
MBNMS-david,2030,PH,stdev,1.33001318317838e-4
MBNMS-david,2031,PH,mean,7.989877223968506
MBNMS-david,2031,PH,stdev,9.849286288954318e-5
MBNMS-david,2032,PH,mean,7.986834526062012
MBNMS-david,2032,PH,stdev,1.4450412709265947e-4
MBNMS-david,2033,PH,mean,7.983316898345947
MBNMS-david,2033,PH,stdev,1.6822868201415986e-4
MBNMS-david,2034,PH,mean,7.980216026306152
MBNMS-david,2034,PH,stdev,1.4450412709265947e-4
MBNMS-david,2035,PH,mean,7.976646900177002
MBNMS-david,2035,PH,stdev,1.671502977842465e-4
MBNMS-david,2036,PH,mean,7.973072528839111
MBNMS-david,2036,PH,stdev,1.8979646847583354e-4
MBNMS-david,2037,PH,mean,7.970163345336914
MBNMS-david,2037,PH,stdev,1.256323157576844e-4
MBNMS-david,2038,PH,mean,7.967090606689453
MBNMS-david,2038,PH,stdev,1.8620183982420713e-4
MBNMS-david,2039,PH,mean,7.963243007659912
MBNMS-david,2039,PH,stdev,1.3839325401932e-4
MBNMS-david,2040,PH,mean,7.960236549377441
MBNMS-david,2040,PH,stdev,1.312039967160672e-4
MBNMS-david,2041,PH,mean,7.956218719482422
MBNMS-david,2041,PH,stdev,1.534907059976831e-4
MBNMS-david,2042,PH,mean,7.9534406661987305
MBNMS-david,2042,PH,stdev,1.279688294744119e-4
MBNMS-david,2043,PH,mean,7.949722766876221
MBNMS-david,2043,PH,stdev,1.4270682004280388e-4
MBNMS-david,2044,PH,mean,7.946140289306641
MBNMS-david,2044,PH,stdev,1.1377003829693422e-4
MBNMS-david,2045,PH,mean,7.942684173583984
MBNMS-david,2045,PH,stdev,1.6894761938601732e-4
MBNMS-david,2046,PH,mean,7.939404010772705
MBNMS-david,2046,PH,stdev,1.662516442593187e-4
MBNMS-david,2047,PH,mean,7.935826301574707
MBNMS-david,2047,PH,stdev,2.0219794532749802e-4
MBNMS-david,2048,PH,mean,7.932414531707764
MBNMS-david,2048,PH,stdev,1.6175834753084928e-4
MBNMS-david,2049,PH,mean,7.928853988647461
MBNMS-david,2049,PH,stdev,1.3336077972780913e-4
MBNMS-david,2050,PH,mean,7.925696849822998
MBNMS-david,2050,PH,stdev,1.772152609191835e-4
MBNMS-david,2051,PH,mean,7.922118186950684
MBNMS-david,2051,PH,stdev,1.466609101044014e-4
MBNMS-david,2052,PH,mean,7.9187912940979
MBNMS-david,2052,PH,stdev,1.507947308709845e-4
MBNMS-david,2053,PH,mean,7.914719104766846
MBNMS-david,2053,PH,stdev,1.347986253676936e-4
MBNMS-david,2054,PH,mean,7.911827087402344
MBNMS-david,2054,PH,stdev,1.552880130475387e-4
MBNMS-david,2055,PH,mean,7.908067226409912
MBNMS-david,2055,PH,stdev,1.0981594823533669e-4
MBNMS-david,2056,PH,mean,7.903847694396973
MBNMS-david,2056,PH,stdev,1.6175834753084928e-4
MBNMS-david,2057,PH,mean,7.900854110717773
MBNMS-david,2057,PH,stdev,1.9105458341073245e-4
MBNMS-david,2058,PH,mean,7.897792816162109
MBNMS-david,2058,PH,stdev,2.2106974211055785e-4
MBNMS-david,2059,PH,mean,7.893763065338135
MBNMS-david,2059,PH,stdev,1.5061500016599894e-4
MBNMS-david,2060,PH,mean,7.890120029449463
MBNMS-david,2060,PH,stdev,1.5924211766105145e-4
MBNMS-david,2061,PH,mean,7.886742115020752
MBNMS-david,2061,PH,stdev,1.854829170042649e-4
MBNMS-david,2062,PH,mean,7.883126735687256
MBNMS-david,2062,PH,stdev,1.9411001994740218e-4
MBNMS-david,2063,PH,mean,7.878803730010986
MBNMS-david,2063,PH,stdev,1.7344090156257153e-4
MBNMS-david,2064,PH,mean,7.876026630401611
MBNMS-david,2064,PH,stdev,1.8027069745585322e-4
MBNMS-david,2065,PH,mean,7.872366428375244
MBNMS-david,2065,PH,stdev,2.027371374424547e-4
MBNMS-david,2066,PH,mean,7.869344234466553
MBNMS-david,2066,PH,stdev,1.6085969400592148e-4
MBNMS-david,2067,PH,mean,7.865275859832764
MBNMS-david,2067,PH,stdev,1.9159377552568913e-4
MBNMS-david,2068,PH,mean,7.861667633056641
MBNMS-david,2068,PH,stdev,2.0453444449231029e-4
MBNMS-david,2069,PH,mean,7.858208179473877
MBNMS-david,2069,PH,stdev,1.6571245214436203e-4
MBNMS-david,2070,PH,mean,7.854152679443359
MBNMS-david,2070,PH,stdev,1.7254224803764373e-4
MBNMS-david,2071,PH,mean,7.8504438400268555
MBNMS-david,2071,PH,stdev,1.712841185508296e-4
MBNMS-david,2072,PH,mean,7.846928596496582
MBNMS-david,2072,PH,stdev,1.7326117085758597e-4
MBNMS-david,2073,PH,mean,7.842872619628906
MBNMS-david,2073,PH,stdev,1.986033166758716e-4
MBNMS-david,2074,PH,mean,7.839253902435303
MBNMS-david,2074,PH,stdev,1.9482894276734442e-4
MBNMS-david,2075,PH,mean,7.835224628448486
MBNMS-david,2075,PH,stdev,2.1747511345893145e-4
MBNMS-david,2076,PH,mean,7.83208703994751
MBNMS-david,2076,PH,stdev,1.4881767856422812e-4
MBNMS-david,2077,PH,mean,7.828124523162842
MBNMS-david,2077,PH,stdev,1.9177350623067468e-4
MBNMS-david,2078,PH,mean,7.824544906616211
MBNMS-david,2078,PH,stdev,1.716435799608007e-4
MBNMS-david,2079,PH,mean,7.820592880249023
MBNMS-david,2079,PH,stdev,2.1495888358913362e-4
MBNMS-david,2080,PH,mean,7.816946506500244
MBNMS-david,2080,PH,stdev,1.9159377552568913e-4
MBNMS-david,2081,PH,mean,7.813575267791748
MBNMS-david,2081,PH,stdev,2.0309659885242581e-4
MBNMS-david,2082,PH,mean,7.809850692749023
MBNMS-david,2082,PH,stdev,1.362364855594933e-4
MBNMS-david,2083,PH,mean,7.8066020011901855
MBNMS-david,2083,PH,stdev,2.0417498308233917e-4
MBNMS-david,2084,PH,mean,7.802687644958496
MBNMS-david,2084,PH,stdev,2.104655868606642e-4
MBNMS-david,2085,PH,mean,7.7983856201171875
MBNMS-david,2085,PH,stdev,2.0794934243895113e-4
MBNMS-david,2086,PH,mean,7.795419216156006
MBNMS-david,2086,PH,stdev,2.172953827539459e-4
MBNMS-david,2087,PH,mean,7.791471004486084
MBNMS-david,2087,PH,stdev,1.6553270688746125e-4
MBNMS-david,2088,PH,mean,7.787806987762451
MBNMS-david,2088,PH,stdev,2.0058035443071276e-4
MBNMS-david,2089,PH,mean,7.783744812011719
MBNMS-david,2089,PH,stdev,2.3221310402732342e-4
MBNMS-david,2090,PH,mean,7.779540538787842
MBNMS-david,2090,PH,stdev,1.890775456558913e-4
MBNMS-david,2091,PH,mean,7.775826930999756
MBNMS-david,2091,PH,stdev,1.8853835354093462e-4
MBNMS-david,2092,PH,mean,7.771981239318848
MBNMS-david,2092,PH,stdev,1.772152609191835e-4
MBNMS-david,2093,PH,mean,7.76855993270874
MBNMS-david,2093,PH,stdev,1.7973150534089655e-4
MBNMS-david,2094,PH,mean,7.76453971862793
MBNMS-david,2094,PH,stdev,1.8710049334913492e-4
MBNMS-david,2095,PH,mean,7.760539531707764
MBNMS-david,2095,PH,stdev,1.5924211766105145e-4
MBNMS-david,2096,PH,mean,7.75722074508667
MBNMS-david,2096,PH,stdev,2.464118879288435e-4
MBNMS-david,2097,PH,mean,7.753415584564209
MBNMS-david,2097,PH,stdev,1.7523820861242712e-4
MBNMS-david,2098,PH,mean,7.748876571655273
MBNMS-david,2098,PH,stdev,1.416284212609753e-4
MBNMS-david,2099,PH,mean,7.74553108215332
MBNMS-david,2099,PH,stdev,1.9482894276734442e-4
MBNMS-david,2100,PH,mean,7.741820335388184
MBNMS-david,2100,PH,stdev,1.7523820861242712e-4
MBNMS-main,1990,PH,mean,8.077363967895508
MBNMS-main,1990,PH,stdev,0.002324850996956229
MBNMS-main,1991,PH,mean,8.077291488647461
MBNMS-main,1991,PH,stdev,0.0024136356078088284
MBNMS-main,1992,PH,mean,8.076796531677246
MBNMS-main,1992,PH,stdev,0.0024162509944289923
MBNMS-main,1993,PH,mean,8.075439453125
MBNMS-main,1993,PH,stdev,0.002712717978283763
MBNMS-main,1994,PH,mean,8.072904586791992
MBNMS-main,1994,PH,stdev,0.0026311599649488926
MBNMS-main,1995,PH,mean,8.072012901306152
MBNMS-main,1995,PH,stdev,0.0027003854047507048
MBNMS-main,1996,PH,mean,8.07032585144043
MBNMS-main,1996,PH,stdev,0.0027299560606479645
MBNMS-main,1997,PH,mean,8.06816291809082
MBNMS-main,1997,PH,stdev,0.002661914797499776
MBNMS-main,1998,PH,mean,8.06665325164795
MBNMS-main,1998,PH,stdev,0.002530487021431327
MBNMS-main,1999,PH,mean,8.064461708068848
MBNMS-main,1999,PH,stdev,0.0025062814820557833
MBNMS-main,2000,PH,mean,8.062321662902832
MBNMS-main,2000,PH,stdev,0.0025453846901655197
MBNMS-main,2001,PH,mean,8.059639930725098
MBNMS-main,2001,PH,stdev,0.0023001357913017273
MBNMS-main,2002,PH,mean,8.058176040649414
MBNMS-main,2002,PH,stdev,0.0024142684414982796
MBNMS-main,2003,PH,mean,8.057842254638672
MBNMS-main,2003,PH,stdev,0.0024632648564875126
MBNMS-main,2004,PH,mean,8.05523681640625
MBNMS-main,2004,PH,stdev,0.0024196174927055836
MBNMS-main,2005,PH,mean,8.05356216430664
MBNMS-main,2005,PH,stdev,0.0025177523493766785
MBNMS-main,2006,PH,mean,8.052562713623047
MBNMS-main,2006,PH,stdev,0.002504335716366768
MBNMS-main,2007,PH,mean,8.0506439208984375
MBNMS-main,2007,PH,stdev,0.0025911808479577303
MBNMS-main,2008,PH,mean,8.048059463500977
MBNMS-main,2008,PH,stdev,0.002503711497411132
MBNMS-main,2009,PH,mean,8.0468902587890625
MBNMS-main,2009,PH,stdev,0.0024579204618930817
MBNMS-main,2010,PH,mean,8.044730186462402
MBNMS-main,2010,PH,stdev,0.0023363661020994186
MBNMS-main,2011,PH,mean,8.042619705200195
MBNMS-main,2011,PH,stdev,0.0023129964247345924
MBNMS-main,2012,PH,mean,8.04114055633545
MBNMS-main,2012,PH,stdev,0.0025016290601342916
MBNMS-main,2013,PH,mean,8.039186477661133
MBNMS-main,2013,PH,stdev,0.0028476726729422808
MBNMS-main,2014,PH,mean,8.036613464355469
MBNMS-main,2014,PH,stdev,0.0023220835719257593
MBNMS-main,2015,PH,mean,8.034897804260254
MBNMS-main,2015,PH,stdev,0.002509351819753647
MBNMS-main,2016,PH,mean,8.032537460327148
MBNMS-main,2016,PH,stdev,0.0026172667276114225
MBNMS-main,2017,PH,mean,8.030263900756836
MBNMS-main,2017,PH,stdev,0.0023639891296625137
MBNMS-main,2018,PH,mean,8.027863502502441
MBNMS-main,2018,PH,stdev,0.002606260823085904
MBNMS-main,2019,PH,mean,8.024771690368652
MBNMS-main,2019,PH,stdev,0.002514507155865431
MBNMS-main,2020,PH,mean,8.023333549499512
MBNMS-main,2020,PH,stdev,0.0025692395865917206
MBNMS-main,2021,PH,mean,8.020959854125977
MBNMS-main,2021,PH,stdev,0.0025682023260742426
MBNMS-main,2022,PH,mean,8.017043113708496
MBNMS-main,2022,PH,stdev,0.0024730537552386522
MBNMS-main,2023,PH,mean,8.014759063720703
MBNMS-main,2023,PH,stdev,0.0026315730065107346
MBNMS-main,2024,PH,mean,8.01086711883545
MBNMS-main,2024,PH,stdev,0.0024673594161868095
MBNMS-main,2025,PH,mean,8.007830619812012
MBNMS-main,2025,PH,stdev,0.002473199274390936
MBNMS-main,2026,PH,mean,8.004281997680664
MBNMS-main,2026,PH,stdev,0.0023845580872148275
MBNMS-main,2027,PH,mean,8.002429962158203
MBNMS-main,2027,PH,stdev,0.002392345340922475
MBNMS-main,2028,PH,mean,7.99933385848999
MBNMS-main,2028,PH,stdev,0.0024340220261365175
MBNMS-main,2029,PH,mean,7.995753288269043
MBNMS-main,2029,PH,stdev,0.002402364742010832
MBNMS-main,2030,PH,mean,7.992984294891357
MBNMS-main,2030,PH,stdev,0.0024206778034567833
MBNMS-main,2031,PH,mean,7.989999771118164
MBNMS-main,2031,PH,stdev,0.00243426114320755
MBNMS-main,2032,PH,mean,7.9870781898498535
MBNMS-main,2032,PH,stdev,0.0025134198367595673
MBNMS-main,2033,PH,mean,7.983732223510742
MBNMS-main,2033,PH,stdev,0.0022945732343941927
MBNMS-main,2034,PH,mean,7.980661392211914
MBNMS-main,2034,PH,stdev,0.0023620084393769503
MBNMS-main,2035,PH,mean,7.977062702178955
MBNMS-main,2035,PH,stdev,0.0023555730003863573
MBNMS-main,2036,PH,mean,7.973667621612549
MBNMS-main,2036,PH,stdev,0.0024841793347150087
MBNMS-main,2037,PH,mean,7.970432758331299
MBNMS-main,2037,PH,stdev,0.0024500268045812845
MBNMS-main,2038,PH,mean,7.9676384925842285
MBNMS-main,2038,PH,stdev,0.002443408826366067
MBNMS-main,2039,PH,mean,7.963517189025879
MBNMS-main,2039,PH,stdev,0.0023183233570307493
MBNMS-main,2040,PH,mean,7.960433006286621
MBNMS-main,2040,PH,stdev,0.002291541313752532
MBNMS-main,2041,PH,mean,7.9565887451171875
MBNMS-main,2041,PH,stdev,0.0024765522684901953
MBNMS-main,2042,PH,mean,7.953537464141846
MBNMS-main,2042,PH,stdev,0.0023420308716595173
MBNMS-main,2043,PH,mean,7.949985027313232
MBNMS-main,2043,PH,stdev,0.002353276591747999
MBNMS-main,2044,PH,mean,7.946287631988525
MBNMS-main,2044,PH,stdev,0.002156826201826334
MBNMS-main,2045,PH,mean,7.943243503570557
MBNMS-main,2045,PH,stdev,0.0024341922253370285
MBNMS-main,2046,PH,mean,7.9400954246521
MBNMS-main,2046,PH,stdev,0.002353662857785821
MBNMS-main,2047,PH,mean,7.936567783355713
MBNMS-main,2047,PH,stdev,0.0024183171335607767
MBNMS-main,2048,PH,mean,7.932865142822266
MBNMS-main,2048,PH,stdev,0.0022844444029033184
MBNMS-main,2049,PH,mean,7.929199695587158
MBNMS-main,2049,PH,stdev,0.0022573149763047695
MBNMS-main,2050,PH,mean,7.926325798034668
MBNMS-main,2050,PH,stdev,0.002231563674286008
MBNMS-main,2051,PH,mean,7.922527313232422
MBNMS-main,2051,PH,stdev,0.002297166036441922
MBNMS-main,2052,PH,mean,7.919173240661621
MBNMS-main,2052,PH,stdev,0.002300867112353444
MBNMS-main,2053,PH,mean,7.9149861335754395
MBNMS-main,2053,PH,stdev,0.002059169113636017
MBNMS-main,2054,PH,mean,7.912642478942871
MBNMS-main,2054,PH,stdev,0.0023316345177590847
MBNMS-main,2055,PH,mean,7.908244609832764
MBNMS-main,2055,PH,stdev,0.0019657937809824944
MBNMS-main,2056,PH,mean,7.90443229675293
MBNMS-main,2056,PH,stdev,0.0024059126153588295
MBNMS-main,2057,PH,mean,7.901614665985107
MBNMS-main,2057,PH,stdev,0.00231782253831625
MBNMS-main,2058,PH,mean,7.898838996887207
MBNMS-main,2058,PH,stdev,0.0023358683101832867
MBNMS-main,2059,PH,mean,7.894292831420898
MBNMS-main,2059,PH,stdev,0.0021502499002963305
MBNMS-main,2060,PH,mean,7.890628337860107
MBNMS-main,2060,PH,stdev,0.0020893241744488478
MBNMS-main,2061,PH,mean,7.887437343597412
MBNMS-main,2061,PH,stdev,0.0020776870660483837
MBNMS-main,2062,PH,mean,7.883999824523926
MBNMS-main,2062,PH,stdev,0.002200195100158453
MBNMS-main,2063,PH,mean,7.879552841186523
MBNMS-main,2063,PH,stdev,0.0021213991567492485
MBNMS-main,2064,PH,mean,7.876908779144287
MBNMS-main,2064,PH,stdev,0.0021472512744367123
MBNMS-main,2065,PH,mean,7.873278617858887
MBNMS-main,2065,PH,stdev,0.0021872834768146276
MBNMS-main,2066,PH,mean,7.870129585266113
MBNMS-main,2066,PH,stdev,0.001907725934870541
MBNMS-main,2067,PH,mean,7.866328716278076
MBNMS-main,2067,PH,stdev,0.002059518825262785
MBNMS-main,2068,PH,mean,7.862616539001465
MBNMS-main,2068,PH,stdev,0.0020095298532396555
MBNMS-main,2069,PH,mean,7.859117031097412
MBNMS-main,2069,PH,stdev,0.002010662341490388
MBNMS-main,2070,PH,mean,7.854962348937988
MBNMS-main,2070,PH,stdev,0.002038404578343034
MBNMS-main,2071,PH,mean,7.851152420043945
MBNMS-main,2071,PH,stdev,0.0019285752205178142
MBNMS-main,2072,PH,mean,7.847938060760498
MBNMS-main,2072,PH,stdev,0.0019316563848406076
MBNMS-main,2073,PH,mean,7.843776226043701
MBNMS-main,2073,PH,stdev,0.002114418661221862
MBNMS-main,2074,PH,mean,7.840419292449951
MBNMS-main,2074,PH,stdev,0.0019866647198796272
MBNMS-main,2075,PH,mean,7.836459159851074
MBNMS-main,2075,PH,stdev,0.002120771910995245
MBNMS-main,2076,PH,mean,7.832736492156982
MBNMS-main,2076,PH,stdev,0.0018213627627119422
MBNMS-main,2077,PH,mean,7.829193592071533
MBNMS-main,2077,PH,stdev,0.002106988336890936
MBNMS-main,2078,PH,mean,7.8254923820495605
MBNMS-main,2078,PH,stdev,0.0019230791367590427
MBNMS-main,2079,PH,mean,7.8217620849609375
MBNMS-main,2079,PH,stdev,0.001965753734111786
MBNMS-main,2080,PH,mean,7.818055152893066
MBNMS-main,2080,PH,stdev,0.0019058906473219395
MBNMS-main,2081,PH,mean,7.814610958099365
MBNMS-main,2081,PH,stdev,0.0020249169319868088
MBNMS-main,2082,PH,mean,7.810650825500488
MBNMS-main,2082,PH,stdev,0.0016931836726143956
MBNMS-main,2083,PH,mean,7.80797004699707
MBNMS-main,2083,PH,stdev,0.0019344799220561981
MBNMS-main,2084,PH,mean,7.804055690765381
MBNMS-main,2084,PH,stdev,0.0020264387130737305
MBNMS-main,2085,PH,mean,7.7996015548706055
MBNMS-main,2085,PH,stdev,0.0019067281391471624
MBNMS-main,2086,PH,mean,7.796627998352051
MBNMS-main,2086,PH,stdev,0.0020051111932843924
MBNMS-main,2087,PH,mean,7.792383670806885
MBNMS-main,2087,PH,stdev,0.0017419073265045881
MBNMS-main,2088,PH,mean,7.789083003997803
MBNMS-main,2088,PH,stdev,0.0018112445250153542
MBNMS-main,2089,PH,mean,7.784900665283203
MBNMS-main,2089,PH,stdev,0.0020352916326373816
MBNMS-main,2090,PH,mean,7.780628204345703
MBNMS-main,2090,PH,stdev,0.001844776445068419
MBNMS-main,2091,PH,mean,7.777066707611084
MBNMS-main,2091,PH,stdev,0.0017502993578091264
MBNMS-main,2092,PH,mean,7.773069858551025
MBNMS-main,2092,PH,stdev,0.001734056742861867
MBNMS-main,2093,PH,mean,7.769646167755127
MBNMS-main,2093,PH,stdev,0.0017440341180190444
MBNMS-main,2094,PH,mean,7.765648365020752
MBNMS-main,2094,PH,stdev,0.001741456682793796
MBNMS-main,2095,PH,mean,7.76168966293335
MBNMS-main,2095,PH,stdev,0.0017031546449288726
MBNMS-main,2096,PH,mean,7.758870601654053
MBNMS-main,2096,PH,stdev,0.0019262316636741161
MBNMS-main,2097,PH,mean,7.754575729370117
MBNMS-main,2097,PH,stdev,0.001530293608084321
MBNMS-main,2098,PH,mean,7.749884128570557
MBNMS-main,2098,PH,stdev,0.0015383973950520158
MBNMS-main,2099,PH,mean,7.746716022491455
MBNMS-main,2099,PH,stdev,0.0018544518388807774
MBNMS-main,2100,PH,mean,7.742992877960205
MBNMS-main,2100,PH,stdev,0.0015912337694317102
MNMS,1990,PH,mean,8.126667976379395
MNMS,1990,PH,stdev,0
MNMS,1991,PH,mean,8.126185417175293
MNMS,1991,PH,stdev,0
MNMS,1992,PH,mean,8.126425743103027
MNMS,1992,PH,stdev,0
MNMS,1993,PH,mean,8.123824119567871
MNMS,1993,PH,stdev,0
MNMS,1994,PH,mean,8.122305870056152
MNMS,1994,PH,stdev,0
MNMS,1995,PH,mean,8.120068550109863
MNMS,1995,PH,stdev,0
MNMS,1996,PH,mean,8.118977546691895
MNMS,1996,PH,stdev,0
MNMS,1997,PH,mean,8.117029190063477
MNMS,1997,PH,stdev,0
MNMS,1998,PH,mean,8.115469932556152
MNMS,1998,PH,stdev,0
MNMS,1999,PH,mean,8.113731384277344
MNMS,1999,PH,stdev,0
MNMS,2000,PH,mean,8.111947059631348
MNMS,2000,PH,stdev,0
MNMS,2001,PH,mean,8.110294342041016
MNMS,2001,PH,stdev,0
MNMS,2002,PH,mean,8.109087944030762
MNMS,2002,PH,stdev,0
MNMS,2003,PH,mean,8.107349395751953
MNMS,2003,PH,stdev,0
MNMS,2004,PH,mean,8.10568618774414
MNMS,2004,PH,stdev,0
MNMS,2005,PH,mean,8.104131698608398
MNMS,2005,PH,stdev,0
MNMS,2006,PH,mean,8.101892471313477
MNMS,2006,PH,stdev,0
MNMS,2007,PH,mean,8.100003242492676
MNMS,2007,PH,stdev,0
MNMS,2008,PH,mean,8.098132133483887
MNMS,2008,PH,stdev,0
MNMS,2009,PH,mean,8.096733093261719
MNMS,2009,PH,stdev,0
MNMS,2010,PH,mean,8.094494819641113
MNMS,2010,PH,stdev,0
MNMS,2011,PH,mean,8.0931549072265625
MNMS,2011,PH,stdev,0
MNMS,2012,PH,mean,8.091172218322754
MNMS,2012,PH,stdev,0
MNMS,2013,PH,mean,8.089125633239746
MNMS,2013,PH,stdev,0
MNMS,2014,PH,mean,8.086811065673828
MNMS,2014,PH,stdev,0
MNMS,2015,PH,mean,8.085190773010254
MNMS,2015,PH,stdev,0
MNMS,2016,PH,mean,8.083121299743652
MNMS,2016,PH,stdev,0
MNMS,2017,PH,mean,8.080881118774414
MNMS,2017,PH,stdev,0
MNMS,2018,PH,mean,8.078316688537598
MNMS,2018,PH,stdev,0
MNMS,2019,PH,mean,8.076257705688477
MNMS,2019,PH,stdev,0
MNMS,2020,PH,mean,8.073731422424316
MNMS,2020,PH,stdev,0
MNMS,2021,PH,mean,8.071172714233398
MNMS,2021,PH,stdev,0
MNMS,2022,PH,mean,8.068492889404297
MNMS,2022,PH,stdev,0
MNMS,2023,PH,mean,8.06571102142334
MNMS,2023,PH,stdev,0
MNMS,2024,PH,mean,8.062411308288574
MNMS,2024,PH,stdev,0
MNMS,2025,PH,mean,8.059918403625488
MNMS,2025,PH,stdev,0
MNMS,2026,PH,mean,8.056912422180176
MNMS,2026,PH,stdev,0
MNMS,2027,PH,mean,8.05408000946045
MNMS,2027,PH,stdev,0
MNMS,2028,PH,mean,8.051410675048828
MNMS,2028,PH,stdev,0
MNMS,2029,PH,mean,8.048434257507324
MNMS,2029,PH,stdev,0
MNMS,2030,PH,mean,8.045246124267578
MNMS,2030,PH,stdev,0
MNMS,2031,PH,mean,8.042198181152344
MNMS,2031,PH,stdev,0
MNMS,2032,PH,mean,8.0393829345703125
MNMS,2032,PH,stdev,0
MNMS,2033,PH,mean,8.035694122314453
MNMS,2033,PH,stdev,0
MNMS,2034,PH,mean,8.032498359680176
MNMS,2034,PH,stdev,0
MNMS,2035,PH,mean,8.02923583984375
MNMS,2035,PH,stdev,0
MNMS,2036,PH,mean,8.026484489440918
MNMS,2036,PH,stdev,0
MNMS,2037,PH,mean,8.023387908935547
MNMS,2037,PH,stdev,0
MNMS,2038,PH,mean,8.02029800415039
MNMS,2038,PH,stdev,0
MNMS,2039,PH,mean,8.016782760620117
MNMS,2039,PH,stdev,0
MNMS,2040,PH,mean,8.013838768005371
MNMS,2040,PH,stdev,0
MNMS,2041,PH,mean,8.010503768920898
MNMS,2041,PH,stdev,0
MNMS,2042,PH,mean,8.007214546203613
MNMS,2042,PH,stdev,0
MNMS,2043,PH,mean,8.00412654876709
MNMS,2043,PH,stdev,0
MNMS,2044,PH,mean,8.000702857971191
MNMS,2044,PH,stdev,0
MNMS,2045,PH,mean,7.9975666999816895
MNMS,2045,PH,stdev,0
MNMS,2046,PH,mean,7.994019031524658
MNMS,2046,PH,stdev,0
MNMS,2047,PH,mean,7.990680694580078
MNMS,2047,PH,stdev,0
MNMS,2048,PH,mean,7.987451076507568
MNMS,2048,PH,stdev,0
MNMS,2049,PH,mean,7.9843668937683105
MNMS,2049,PH,stdev,0
MNMS,2050,PH,mean,7.980660915374756
MNMS,2050,PH,stdev,0
MNMS,2051,PH,mean,7.977407932281494
MNMS,2051,PH,stdev,0
MNMS,2052,PH,mean,7.974092960357666
MNMS,2052,PH,stdev,0
MNMS,2053,PH,mean,7.971024990081787
MNMS,2053,PH,stdev,0
MNMS,2054,PH,mean,7.967294216156006
MNMS,2054,PH,stdev,0
MNMS,2055,PH,mean,7.963900566101074
MNMS,2055,PH,stdev,0
MNMS,2056,PH,mean,7.960626125335693
MNMS,2056,PH,stdev,0
MNMS,2057,PH,mean,7.957287788391113
MNMS,2057,PH,stdev,0
MNMS,2058,PH,mean,7.953636646270752
MNMS,2058,PH,stdev,0
MNMS,2059,PH,mean,7.950326919555664
MNMS,2059,PH,stdev,0
MNMS,2060,PH,mean,7.947109222412109
MNMS,2060,PH,stdev,0
MNMS,2061,PH,mean,7.943539619445801
MNMS,2061,PH,stdev,0
MNMS,2062,PH,mean,7.939843654632568
MNMS,2062,PH,stdev,0
MNMS,2063,PH,mean,7.93646240234375
MNMS,2063,PH,stdev,0
MNMS,2064,PH,mean,7.933517932891846
MNMS,2064,PH,stdev,0
MNMS,2065,PH,mean,7.929925918579102
MNMS,2065,PH,stdev,0
MNMS,2066,PH,mean,7.9259352684021
MNMS,2066,PH,stdev,0
MNMS,2067,PH,mean,7.923208236694336
MNMS,2067,PH,stdev,0
MNMS,2068,PH,mean,7.919946193695068
MNMS,2068,PH,stdev,0
MNMS,2069,PH,mean,7.916275501251221
MNMS,2069,PH,stdev,0
MNMS,2070,PH,mean,7.91241455078125
MNMS,2070,PH,stdev,0
MNMS,2071,PH,mean,7.909432888031006
MNMS,2071,PH,stdev,0
MNMS,2072,PH,mean,7.9059977531433105
MNMS,2072,PH,stdev,0
MNMS,2073,PH,mean,7.9019455909729
MNMS,2073,PH,stdev,0
MNMS,2074,PH,mean,7.898674488067627
MNMS,2074,PH,stdev,0
MNMS,2075,PH,mean,7.89467716217041
MNMS,2075,PH,stdev,0
MNMS,2076,PH,mean,7.891854286193848
MNMS,2076,PH,stdev,0
MNMS,2077,PH,mean,7.8879289627075195
MNMS,2077,PH,stdev,0
MNMS,2078,PH,mean,7.884271144866943
MNMS,2078,PH,stdev,0
MNMS,2079,PH,mean,7.880876541137695
MNMS,2079,PH,stdev,0
MNMS,2080,PH,mean,7.877369403839111
MNMS,2080,PH,stdev,0
MNMS,2081,PH,mean,7.874152660369873
MNMS,2081,PH,stdev,0
MNMS,2082,PH,mean,7.870394229888916
MNMS,2082,PH,stdev,0
MNMS,2083,PH,mean,7.867074489593506
MNMS,2083,PH,stdev,0
MNMS,2084,PH,mean,7.863354682922363
MNMS,2084,PH,stdev,0
MNMS,2085,PH,mean,7.85957145690918
MNMS,2085,PH,stdev,0
MNMS,2086,PH,mean,7.8563151359558105
MNMS,2086,PH,stdev,0
MNMS,2087,PH,mean,7.852464199066162
MNMS,2087,PH,stdev,0
MNMS,2088,PH,mean,7.848681449890137
MNMS,2088,PH,stdev,0
MNMS,2089,PH,mean,7.845057964324951
MNMS,2089,PH,stdev,0
MNMS,2090,PH,mean,7.841886043548584
MNMS,2090,PH,stdev,0
MNMS,2091,PH,mean,7.838127613067627
MNMS,2091,PH,stdev,0
MNMS,2092,PH,mean,7.834904670715332
MNMS,2092,PH,stdev,0
MNMS,2093,PH,mean,7.831143379211426
MNMS,2093,PH,stdev,0
MNMS,2094,PH,mean,7.827274322509766
MNMS,2094,PH,stdev,0
MNMS,2095,PH,mean,7.823702335357666
MNMS,2095,PH,stdev,0
MNMS,2096,PH,mean,7.820037841796875
MNMS,2096,PH,stdev,0
MNMS,2097,PH,mean,7.816327095031738
MNMS,2097,PH,stdev,0
MNMS,2098,PH,mean,7.8124823570251465
MNMS,2098,PH,stdev,0
MNMS,2099,PH,mean,7.808997631072998
MNMS,2099,PH,stdev,0
MNMS,2100,PH,mean,7.805395603179932
MNMS,2100,PH,stdev,0
NMSAS,1990,PH,mean,8.104461669921875
NMSAS,1990,PH,stdev,0.001722967717796564
NMSAS,1991,PH,mean,8.1043062210083
NMSAS,1991,PH,stdev,0.001671220757998526
NMSAS,1992,PH,mean,8.103578567504883
NMSAS,1992,PH,stdev,0.001659440458752215
NMSAS,1993,PH,mean,8.103572845458984
NMSAS,1993,PH,stdev,0.0016310372157022357
NMSAS,1994,PH,mean,8.100481033325195
NMSAS,1994,PH,stdev,0.0016770734218880534
NMSAS,1995,PH,mean,8.099184036254883
NMSAS,1995,PH,stdev,0.0016737611731514335
NMSAS,1996,PH,mean,8.096734046936035
NMSAS,1996,PH,stdev,0.0016185613349080086
NMSAS,1997,PH,mean,8.095646858215332
NMSAS,1997,PH,stdev,0.0017363106599077582
NMSAS,1998,PH,mean,8.094189643859863
NMSAS,1998,PH,stdev,0.0018381474073976278
NMSAS,1999,PH,mean,8.091721534729004
NMSAS,1999,PH,stdev,0.0017489881720393896
NMSAS,2000,PH,mean,8.09123706817627
NMSAS,2000,PH,stdev,0.0017402985831722617
NMSAS,2001,PH,mean,8.088722229003906
NMSAS,2001,PH,stdev,0.001786585315130651
NMSAS,2002,PH,mean,8.087653160095215
NMSAS,2002,PH,stdev,0.0018350922036916018
NMSAS,2003,PH,mean,8.087206840515137
NMSAS,2003,PH,stdev,0.001701593748293817
NMSAS,2004,PH,mean,8.084609031677246
NMSAS,2004,PH,stdev,0.001652046456001699
NMSAS,2005,PH,mean,8.083237648010254
NMSAS,2005,PH,stdev,0.0017476333305239677
NMSAS,2006,PH,mean,8.08095932006836
NMSAS,2006,PH,stdev,0.0016388501971960068
NMSAS,2007,PH,mean,8.079980850219727
NMSAS,2007,PH,stdev,0.0016733231022953987
NMSAS,2008,PH,mean,8.0772857666015625
NMSAS,2008,PH,stdev,0.0015826669987291098
NMSAS,2009,PH,mean,8.07519817352295
NMSAS,2009,PH,stdev,0.001765272580087185
NMSAS,2010,PH,mean,8.073936462402344
NMSAS,2010,PH,stdev,0.0018786444561555982
NMSAS,2011,PH,mean,8.072813034057617
NMSAS,2011,PH,stdev,0.0016794470138847828
NMSAS,2012,PH,mean,8.071491241455078
NMSAS,2012,PH,stdev,0.001611039973795414
NMSAS,2013,PH,mean,8.069051742553711
NMSAS,2013,PH,stdev,0.0015391435008496046
NMSAS,2014,PH,mean,8.066777229309082
NMSAS,2014,PH,stdev,0.0016670739278197289
NMSAS,2015,PH,mean,8.064815521240234
NMSAS,2015,PH,stdev,0.0014705726644024253
NMSAS,2016,PH,mean,8.062947273254395
NMSAS,2016,PH,stdev,0.0015205295057967305
NMSAS,2017,PH,mean,8.059764862060547
NMSAS,2017,PH,stdev,0.001617375761270523
NMSAS,2018,PH,mean,8.05785083770752
NMSAS,2018,PH,stdev,0.0014332274440675974
NMSAS,2019,PH,mean,8.05578327178955
NMSAS,2019,PH,stdev,0.0015936894342303276
NMSAS,2020,PH,mean,8.053415298461914
NMSAS,2020,PH,stdev,0.0015414530644193292
NMSAS,2021,PH,mean,8.05178451538086
NMSAS,2021,PH,stdev,0.0013822008622810245
NMSAS,2022,PH,mean,8.04713249206543
NMSAS,2022,PH,stdev,0.0014087664894759655
NMSAS,2023,PH,mean,8.045018196105957
NMSAS,2023,PH,stdev,0.0013488531112670898
NMSAS,2024,PH,mean,8.042389869689941
NMSAS,2024,PH,stdev,0.0014722637133672833
NMSAS,2025,PH,mean,8.039629936218262
NMSAS,2025,PH,stdev,0.001350653707049787
NMSAS,2026,PH,mean,8.03788948059082
NMSAS,2026,PH,stdev,0.0013377154245972633
NMSAS,2027,PH,mean,8.034756660461426
NMSAS,2027,PH,stdev,0.0014511190820485353
NMSAS,2028,PH,mean,8.0322418212890625
NMSAS,2028,PH,stdev,0.0013163656694814563
NMSAS,2029,PH,mean,8.029502868652344
NMSAS,2029,PH,stdev,0.0012825573794543743
NMSAS,2030,PH,mean,8.026256561279297
NMSAS,2030,PH,stdev,0.0012489001965150237
NMSAS,2031,PH,mean,8.0225191116333
NMSAS,2031,PH,stdev,0.0013212492922320962
NMSAS,2032,PH,mean,8.020115852355957
NMSAS,2032,PH,stdev,0.0012541624018922448
NMSAS,2033,PH,mean,8.016806602478027
NMSAS,2033,PH,stdev,0.0011914802016690373
NMSAS,2034,PH,mean,8.012765884399414
NMSAS,2034,PH,stdev,0.0012063410831615329
NMSAS,2035,PH,mean,8.01011848449707
NMSAS,2035,PH,stdev,0.0011870174203068018
NMSAS,2036,PH,mean,8.006913185119629
NMSAS,2036,PH,stdev,0.0012616034364327788
NMSAS,2037,PH,mean,8.004111289978027
NMSAS,2037,PH,stdev,0.0012046260526403785
NMSAS,2038,PH,mean,8.001441955566406
NMSAS,2038,PH,stdev,0.0010431598639115691
NMSAS,2039,PH,mean,7.996875286102295
NMSAS,2039,PH,stdev,0.001105832983739674
NMSAS,2040,PH,mean,7.993243217468262
NMSAS,2040,PH,stdev,0.0011477834777906537
NMSAS,2041,PH,mean,7.991694927215576
NMSAS,2041,PH,stdev,0.0011570745846256614
NMSAS,2042,PH,mean,7.987961292266846
NMSAS,2042,PH,stdev,9.863193845376372e-4
NMSAS,2043,PH,mean,7.98469352722168
NMSAS,2043,PH,stdev,0.001068859826773405
NMSAS,2044,PH,mean,7.981918811798096
NMSAS,2044,PH,stdev,0.0011659840820357203
NMSAS,2045,PH,mean,7.977646827697754
NMSAS,2045,PH,stdev,0.001017677946947515
NMSAS,2046,PH,mean,7.974257469177246
NMSAS,2046,PH,stdev,0.001043988042511046
NMSAS,2047,PH,mean,7.970664978027344
NMSAS,2047,PH,stdev,0.001018935232423246
NMSAS,2048,PH,mean,7.967187881469727
NMSAS,2048,PH,stdev,9.284354164265096e-4
NMSAS,2049,PH,mean,7.963849067687988
NMSAS,2049,PH,stdev,8.175063994713128e-4
NMSAS,2050,PH,mean,7.960893630981445
NMSAS,2050,PH,stdev,9.125746437348425e-4
NMSAS,2051,PH,mean,7.957358360290527
NMSAS,2051,PH,stdev,8.9954340364784e-4
NMSAS,2052,PH,mean,7.953819274902344
NMSAS,2052,PH,stdev,8.556462125852704e-4
NMSAS,2053,PH,mean,7.950333118438721
NMSAS,2053,PH,stdev,8.262345800176263e-4
NMSAS,2054,PH,mean,7.947238922119141
NMSAS,2054,PH,stdev,8.380761719308794e-4
NMSAS,2055,PH,mean,7.9429826736450195
NMSAS,2055,PH,stdev,8.703013299964368e-4
NMSAS,2056,PH,mean,7.939796447753906
NMSAS,2056,PH,stdev,8.941148989833891e-4
NMSAS,2057,PH,mean,7.936469078063965
NMSAS,2057,PH,stdev,7.803573389537632e-4
NMSAS,2058,PH,mean,7.933018684387207
NMSAS,2058,PH,stdev,7.753343670628965e-4
NMSAS,2059,PH,mean,7.929120063781738
NMSAS,2059,PH,stdev,7.816084544174373e-4
NMSAS,2060,PH,mean,7.926299095153809
NMSAS,2060,PH,stdev,8.118532714433968e-4
NMSAS,2061,PH,mean,7.923356056213379
NMSAS,2061,PH,stdev,8.375727338716388e-4
NMSAS,2062,PH,mean,7.920339107513428
NMSAS,2062,PH,stdev,7.775158737786114e-4
NMSAS,2063,PH,mean,7.915882587432861
NMSAS,2063,PH,stdev,8.049403550103307e-4
NMSAS,2064,PH,mean,7.911660194396973
NMSAS,2064,PH,stdev,7.20155076123774e-4
NMSAS,2065,PH,mean,7.909313201904297
NMSAS,2065,PH,stdev,7.395929424092174e-4
NMSAS,2066,PH,mean,7.904813766479492
NMSAS,2066,PH,stdev,6.903609610162675e-4
NMSAS,2067,PH,mean,7.901151180267334
NMSAS,2067,PH,stdev,7.288609049282968e-4
NMSAS,2068,PH,mean,7.898224830627441
NMSAS,2068,PH,stdev,7.345668273046613e-4
NMSAS,2069,PH,mean,7.893826961517334
NMSAS,2069,PH,stdev,6.673125317320228e-4
NMSAS,2070,PH,mean,7.890401840209961
NMSAS,2070,PH,stdev,5.913783679716289e-4
NMSAS,2071,PH,mean,7.886605739593506
NMSAS,2071,PH,stdev,6.750724860467017e-4
NMSAS,2072,PH,mean,7.8826165199279785
NMSAS,2072,PH,stdev,6.241034134291112e-4
NMSAS,2073,PH,mean,7.8789849281311035
NMSAS,2073,PH,stdev,6.496795103885233e-4
NMSAS,2074,PH,mean,7.876153469085693
NMSAS,2074,PH,stdev,6.952446419745684e-4
NMSAS,2075,PH,mean,7.871397972106934
NMSAS,2075,PH,stdev,6.288717268034816e-4
NMSAS,2076,PH,mean,7.868215560913086
NMSAS,2076,PH,stdev,5.53854915779084e-4
NMSAS,2077,PH,mean,7.864234924316406
NMSAS,2077,PH,stdev,5.938428221270442e-4
NMSAS,2078,PH,mean,7.8607892990112305
NMSAS,2078,PH,stdev,5.598388961516321e-4
NMSAS,2079,PH,mean,7.856884956359863
NMSAS,2079,PH,stdev,5.720553454011679e-4
NMSAS,2080,PH,mean,7.853387355804443
NMSAS,2080,PH,stdev,5.96374913584441e-4
NMSAS,2081,PH,mean,7.849791049957275
NMSAS,2081,PH,stdev,5.787119152955711e-4
NMSAS,2082,PH,mean,7.845961093902588
NMSAS,2082,PH,stdev,5.810792208649218e-4
NMSAS,2083,PH,mean,7.842579364776611
NMSAS,2083,PH,stdev,5.464619607664645e-4
NMSAS,2084,PH,mean,7.837965488433838
NMSAS,2084,PH,stdev,5.014626658521593e-4
NMSAS,2085,PH,mean,7.835024833679199
NMSAS,2085,PH,stdev,5.79270941670984e-4
NMSAS,2086,PH,mean,7.830887794494629
NMSAS,2086,PH,stdev,5.452471668832004e-4
NMSAS,2087,PH,mean,7.827610015869141
NMSAS,2087,PH,stdev,5.54879370611161e-4
NMSAS,2088,PH,mean,7.8230061531066895
NMSAS,2088,PH,stdev,5.178839201107621e-4
NMSAS,2089,PH,mean,7.819850444793701
NMSAS,2089,PH,stdev,5.145185277797282e-4
NMSAS,2090,PH,mean,7.816097736358643
NMSAS,2090,PH,stdev,5.479297833517194e-4
NMSAS,2091,PH,mean,7.812666416168213
NMSAS,2091,PH,stdev,5.128421471454203e-4
NMSAS,2092,PH,mean,7.8093390464782715
NMSAS,2092,PH,stdev,5.509464535862207e-4
NMSAS,2093,PH,mean,7.804973602294922
NMSAS,2093,PH,stdev,5.136766121722758e-4
NMSAS,2094,PH,mean,7.801149845123291
NMSAS,2094,PH,stdev,5.107987090013921e-4
NMSAS,2095,PH,mean,7.7973761558532715
NMSAS,2095,PH,stdev,4.895280580967665e-4
NMSAS,2096,PH,mean,7.793650150299072
NMSAS,2096,PH,stdev,4.7445803647860885e-4
NMSAS,2097,PH,mean,7.789938926696777
NMSAS,2097,PH,stdev,5.017509683966637e-4
NMSAS,2098,PH,mean,7.785295009613037
NMSAS,2098,PH,stdev,4.629307077266276e-4
NMSAS,2099,PH,mean,7.781801223754883
NMSAS,2099,PH,stdev,4.539951332844794e-4
NMSAS,2100,PH,mean,7.778039455413818
NMSAS,2100,PH,stdev,4.952121526002884e-4
OCNMS,1990,PH,mean,8.110398292541504
OCNMS,1990,PH,stdev,0.005037759430706501
OCNMS,1991,PH,mean,8.109750747680664
OCNMS,1991,PH,stdev,0.00523894838988781
OCNMS,1992,PH,mean,8.109521865844727
OCNMS,1992,PH,stdev,0.005394792649894953
OCNMS,1993,PH,mean,8.10731315612793
OCNMS,1993,PH,stdev,0.005256150383502245
OCNMS,1994,PH,mean,8.106600761413574
OCNMS,1994,PH,stdev,0.00553242489695549
OCNMS,1995,PH,mean,8.105795860290527
OCNMS,1995,PH,stdev,0.0055080801248550415
OCNMS,1996,PH,mean,8.10378646850586
OCNMS,1996,PH,stdev,0.005698911380022764
OCNMS,1997,PH,mean,8.100423812866211
OCNMS,1997,PH,stdev,0.005303618032485247
OCNMS,1998,PH,mean,8.098909378051758
OCNMS,1998,PH,stdev,0.005346689373254776
OCNMS,1999,PH,mean,8.096356391906738
OCNMS,1999,PH,stdev,0.005292356014251709
OCNMS,2000,PH,mean,8.095372200012207
OCNMS,2000,PH,stdev,0.0055163828656077385
OCNMS,2001,PH,mean,8.092576026916504
OCNMS,2001,PH,stdev,0.005479937884956598
OCNMS,2002,PH,mean,8.090201377868652
OCNMS,2002,PH,stdev,0.005216720513999462
OCNMS,2003,PH,mean,8.090588569641113
OCNMS,2003,PH,stdev,0.005543493200093508
OCNMS,2004,PH,mean,8.087419509887695
OCNMS,2004,PH,stdev,0.005279263015836477
OCNMS,2005,PH,mean,8.084942817687988
OCNMS,2005,PH,stdev,0.00536662433296442
OCNMS,2006,PH,mean,8.084543228149414
OCNMS,2006,PH,stdev,0.005429538898169994
OCNMS,2007,PH,mean,8.083364486694336
OCNMS,2007,PH,stdev,0.0056729186326265335
OCNMS,2008,PH,mean,8.081019401550293
OCNMS,2008,PH,stdev,0.005584927275776863
OCNMS,2009,PH,mean,8.07893180847168
OCNMS,2009,PH,stdev,0.005513155832886696
OCNMS,2010,PH,mean,8.076783180236816
OCNMS,2010,PH,stdev,0.005407019983977079
OCNMS,2011,PH,mean,8.074225425720215
OCNMS,2011,PH,stdev,0.005444183945655823
OCNMS,2012,PH,mean,8.07308578491211
OCNMS,2012,PH,stdev,0.005648616701364517
OCNMS,2013,PH,mean,8.0695037841796875
OCNMS,2013,PH,stdev,0.005591867491602898
OCNMS,2014,PH,mean,8.067787170410156
OCNMS,2014,PH,stdev,0.005531496834009886
OCNMS,2015,PH,mean,8.066791534423828
OCNMS,2015,PH,stdev,0.005600594449788332
OCNMS,2016,PH,mean,8.06387710571289
OCNMS,2016,PH,stdev,0.005703302565962076
OCNMS,2017,PH,mean,8.060151100158691
OCNMS,2017,PH,stdev,0.0054661487229168415
OCNMS,2018,PH,mean,8.059362411499023
OCNMS,2018,PH,stdev,0.005713364575058222
OCNMS,2019,PH,mean,8.054717063903809
OCNMS,2019,PH,stdev,0.005481123924255371
OCNMS,2020,PH,mean,8.052868843078613
OCNMS,2020,PH,stdev,0.005536535754799843
OCNMS,2021,PH,mean,8.050939559936523
OCNMS,2021,PH,stdev,0.005557623691856861
OCNMS,2022,PH,mean,8.046551704406738
OCNMS,2022,PH,stdev,0.005662389565259218
OCNMS,2023,PH,mean,8.043957710266113
OCNMS,2023,PH,stdev,0.005582083482295275
OCNMS,2024,PH,mean,8.039326667785645
OCNMS,2024,PH,stdev,0.005610456690192223
OCNMS,2025,PH,mean,8.036545753479004
OCNMS,2025,PH,stdev,0.00558107066899538
OCNMS,2026,PH,mean,8.032320976257324
OCNMS,2026,PH,stdev,0.0056219096295535564
OCNMS,2027,PH,mean,8.02983283996582
OCNMS,2027,PH,stdev,0.0054442863911390305
OCNMS,2028,PH,mean,8.0267181396484375
OCNMS,2028,PH,stdev,0.005528134759515524
OCNMS,2029,PH,mean,8.022671699523926
OCNMS,2029,PH,stdev,0.005518915131688118
OCNMS,2030,PH,mean,8.019957542419434
OCNMS,2030,PH,stdev,0.005463458131998777
OCNMS,2031,PH,mean,8.016972541809082
OCNMS,2031,PH,stdev,0.005555100739002228
OCNMS,2032,PH,mean,8.013678550720215
OCNMS,2032,PH,stdev,0.005553110036998987
OCNMS,2033,PH,mean,8.009925842285156
OCNMS,2033,PH,stdev,0.005402661394327879
OCNMS,2034,PH,mean,8.007529258728027
OCNMS,2034,PH,stdev,0.005713335238397121
OCNMS,2035,PH,mean,8.001704216003418
OCNMS,2035,PH,stdev,0.005497288890182972
OCNMS,2036,PH,mean,7.9982686042785645
OCNMS,2036,PH,stdev,0.005387428216636181
OCNMS,2037,PH,mean,7.9953789710998535
OCNMS,2037,PH,stdev,0.005547043867409229
OCNMS,2038,PH,mean,7.9919962882995605
OCNMS,2038,PH,stdev,0.005587812513113022
OCNMS,2039,PH,mean,7.9890265464782715
OCNMS,2039,PH,stdev,0.005624793935567141
OCNMS,2040,PH,mean,7.98492431640625
OCNMS,2040,PH,stdev,0.005612571258097887
OCNMS,2041,PH,mean,7.980154514312744
OCNMS,2041,PH,stdev,0.005537635646760464
OCNMS,2042,PH,mean,7.9783759117126465
OCNMS,2042,PH,stdev,0.00574783468618989
OCNMS,2043,PH,mean,7.975114345550537
OCNMS,2043,PH,stdev,0.005613977089524269
OCNMS,2044,PH,mean,7.969796657562256
OCNMS,2044,PH,stdev,0.005425021052360535
OCNMS,2045,PH,mean,7.9657816886901855
OCNMS,2045,PH,stdev,0.005528614856302738
OCNMS,2046,PH,mean,7.961822032928467
OCNMS,2046,PH,stdev,0.005531448870897293
OCNMS,2047,PH,mean,7.959000110626221
OCNMS,2047,PH,stdev,0.00545605318620801
OCNMS,2048,PH,mean,7.95519495010376
OCNMS,2048,PH,stdev,0.0055413320660591125
OCNMS,2049,PH,mean,7.951509475708008
OCNMS,2049,PH,stdev,0.00558603648096323
OCNMS,2050,PH,mean,7.948512554168701
OCNMS,2050,PH,stdev,0.005728460848331451
OCNMS,2051,PH,mean,7.944646835327148
OCNMS,2051,PH,stdev,0.005537467077374458
OCNMS,2052,PH,mean,7.9412055015563965
OCNMS,2052,PH,stdev,0.005635727662593126
OCNMS,2053,PH,mean,7.936286449432373
OCNMS,2053,PH,stdev,0.00558503670617938
OCNMS,2054,PH,mean,7.934000015258789
OCNMS,2054,PH,stdev,0.005635038483887911
OCNMS,2055,PH,mean,7.929585933685303
OCNMS,2055,PH,stdev,0.0056224106810987
OCNMS,2056,PH,mean,7.925167560577393
OCNMS,2056,PH,stdev,0.0055593992583453655
OCNMS,2057,PH,mean,7.922186374664307
OCNMS,2057,PH,stdev,0.005774310790002346
OCNMS,2058,PH,mean,7.9184980392456055
OCNMS,2058,PH,stdev,0.005636226385831833
OCNMS,2059,PH,mean,7.914177417755127
OCNMS,2059,PH,stdev,0.005582467652857304
OCNMS,2060,PH,mean,7.91000509262085
OCNMS,2060,PH,stdev,0.005426602903753519
OCNMS,2061,PH,mean,7.906567096710205
OCNMS,2061,PH,stdev,0.005672401282936335
OCNMS,2062,PH,mean,7.902015686035156
OCNMS,2062,PH,stdev,0.005733785685151815
OCNMS,2063,PH,mean,7.897237300872803
OCNMS,2063,PH,stdev,0.005603055004030466
OCNMS,2064,PH,mean,7.894538879394531
OCNMS,2064,PH,stdev,0.005603001452982426
OCNMS,2065,PH,mean,7.892068386077881
OCNMS,2065,PH,stdev,0.005618888884782791
OCNMS,2066,PH,mean,7.887650489807129
OCNMS,2066,PH,stdev,0.005584302823990583
OCNMS,2067,PH,mean,7.883793830871582
OCNMS,2067,PH,stdev,0.00561479339376092
OCNMS,2068,PH,mean,7.880045413970947
OCNMS,2068,PH,stdev,0.005668279714882374
OCNMS,2069,PH,mean,7.874636650085449
OCNMS,2069,PH,stdev,0.005559778772294521
OCNMS,2070,PH,mean,7.871118068695068
OCNMS,2070,PH,stdev,0.005636091809719801
OCNMS,2071,PH,mean,7.865880489349365
OCNMS,2071,PH,stdev,0.005476635880768299
OCNMS,2072,PH,mean,7.863519191741943
OCNMS,2072,PH,stdev,0.0054510654881596565
OCNMS,2073,PH,mean,7.859584331512451
OCNMS,2073,PH,stdev,0.005507722496986389
OCNMS,2074,PH,mean,7.855146884918213
OCNMS,2074,PH,stdev,0.005475058685988188
OCNMS,2075,PH,mean,7.851069450378418
OCNMS,2075,PH,stdev,0.00541134225204587
OCNMS,2076,PH,mean,7.847736358642578
OCNMS,2076,PH,stdev,0.005516960751265287
OCNMS,2077,PH,mean,7.843337059020996
OCNMS,2077,PH,stdev,0.005472153890877962
OCNMS,2078,PH,mean,7.839406490325928
OCNMS,2078,PH,stdev,0.00552705954760313
OCNMS,2079,PH,mean,7.835707187652588
OCNMS,2079,PH,stdev,0.005410682410001755
OCNMS,2080,PH,mean,7.831569671630859
OCNMS,2080,PH,stdev,0.005460326559841633
OCNMS,2081,PH,mean,7.827606678009033
OCNMS,2081,PH,stdev,0.005533063318580389
OCNMS,2082,PH,mean,7.824441909790039
OCNMS,2082,PH,stdev,0.005386564880609512
OCNMS,2083,PH,mean,7.8198065757751465
OCNMS,2083,PH,stdev,0.005275125149637461
OCNMS,2084,PH,mean,7.81588077545166
OCNMS,2084,PH,stdev,0.005548432935029268
OCNMS,2085,PH,mean,7.810606002807617
OCNMS,2085,PH,stdev,0.005333621520549059
OCNMS,2086,PH,mean,7.807961940765381
OCNMS,2086,PH,stdev,0.005425930488854647
OCNMS,2087,PH,mean,7.803549766540527
OCNMS,2087,PH,stdev,0.005300131626427174
OCNMS,2088,PH,mean,7.799324989318848
OCNMS,2088,PH,stdev,0.005476023536175489
OCNMS,2089,PH,mean,7.795156002044678
OCNMS,2089,PH,stdev,0.0052763428539037704
OCNMS,2090,PH,mean,7.791576862335205
OCNMS,2090,PH,stdev,0.005351291969418526
OCNMS,2091,PH,mean,7.787378311157227
OCNMS,2091,PH,stdev,0.005322550889104605
OCNMS,2092,PH,mean,7.783077716827393
OCNMS,2092,PH,stdev,0.0051991804502904415
OCNMS,2093,PH,mean,7.779410362243652
OCNMS,2093,PH,stdev,0.005394923035055399
OCNMS,2094,PH,mean,7.775249004364014
OCNMS,2094,PH,stdev,0.005202397704124451
OCNMS,2095,PH,mean,7.771416664123535
OCNMS,2095,PH,stdev,0.005390518810600042
OCNMS,2096,PH,mean,7.76671028137207
OCNMS,2096,PH,stdev,0.005292153917253017
OCNMS,2097,PH,mean,7.762979984283447
OCNMS,2097,PH,stdev,0.005154523532837629
OCNMS,2098,PH,mean,7.757689476013184
OCNMS,2098,PH,stdev,0.005166996736079454
OCNMS,2099,PH,mean,7.753691673278809
OCNMS,2099,PH,stdev,0.00523147638887167
OCNMS,2100,PH,mean,7.749661445617676
OCNMS,2100,PH,stdev,0.005174924153834581
SBNMS,1990,PH,mean,8.190874099731445
SBNMS,1990,PH,stdev,0.002228393452242017
SBNMS,1991,PH,mean,8.189624786376953
SBNMS,1991,PH,stdev,0.0021589375101029873
SBNMS,1992,PH,mean,8.191832542419434
SBNMS,1992,PH,stdev,0.002156513975933194
SBNMS,1993,PH,mean,8.18811321258545
SBNMS,1993,PH,stdev,0.0021037058904767036
SBNMS,1994,PH,mean,8.186153411865234
SBNMS,1994,PH,stdev,0.002216836903244257
SBNMS,1995,PH,mean,8.183150291442871
SBNMS,1995,PH,stdev,0.002141472650691867
SBNMS,1996,PH,mean,8.182426452636719
SBNMS,1996,PH,stdev,0.0020972806960344315
SBNMS,1997,PH,mean,8.179847717285156
SBNMS,1997,PH,stdev,0.002213540254160762
SBNMS,1998,PH,mean,8.1784820556640625
SBNMS,1998,PH,stdev,0.0021399459801614285
SBNMS,1999,PH,mean,8.17630386352539
SBNMS,1999,PH,stdev,0.00222234264947474
SBNMS,2000,PH,mean,8.174103736877441
SBNMS,2000,PH,stdev,0.002154681831598282
SBNMS,2001,PH,mean,8.170849800109863
SBNMS,2001,PH,stdev,0.0020539630204439163
SBNMS,2002,PH,mean,8.17037296295166
SBNMS,2002,PH,stdev,0.002092926064506173
SBNMS,2003,PH,mean,8.16919231414795
SBNMS,2003,PH,stdev,0.0021594029385596514
SBNMS,2004,PH,mean,8.166023254394531
SBNMS,2004,PH,stdev,0.001981851877644658
SBNMS,2005,PH,mean,8.16467571258545
SBNMS,2005,PH,stdev,0.0020085342694073915
SBNMS,2006,PH,mean,8.162376403808594
SBNMS,2006,PH,stdev,0.002090515336021781
SBNMS,2007,PH,mean,8.160516738891602
SBNMS,2007,PH,stdev,0.002197704743593931
SBNMS,2008,PH,mean,8.15638256072998
SBNMS,2008,PH,stdev,0.0020736949518322945
SBNMS,2009,PH,mean,8.155885696411133
SBNMS,2009,PH,stdev,0.0019978974014520645
SBNMS,2010,PH,mean,8.154274940490723
SBNMS,2010,PH,stdev,0.0020022329408675432
SBNMS,2011,PH,mean,8.152886390686035
SBNMS,2011,PH,stdev,0.001937179360538721
SBNMS,2012,PH,mean,8.149763107299805
SBNMS,2012,PH,stdev,0.002002368215471506
SBNMS,2013,PH,mean,8.148172378540039
SBNMS,2013,PH,stdev,0.0020208179485052824
SBNMS,2014,PH,mean,8.145469665527344
SBNMS,2014,PH,stdev,0.0020337505266070366
SBNMS,2015,PH,mean,8.14345645904541
SBNMS,2015,PH,stdev,0.0020885756239295006
SBNMS,2016,PH,mean,8.142075538635254
SBNMS,2016,PH,stdev,0.0019139358773827553
SBNMS,2017,PH,mean,8.138915061950684
SBNMS,2017,PH,stdev,0.0019424596102908254
SBNMS,2018,PH,mean,8.136434555053711
SBNMS,2018,PH,stdev,0.002047706162557006
SBNMS,2019,PH,mean,8.1339693069458
SBNMS,2019,PH,stdev,0.0018403916619718075
SBNMS,2020,PH,mean,8.131131172180176
SBNMS,2020,PH,stdev,0.0019883261993527412
SBNMS,2021,PH,mean,8.12851619720459
SBNMS,2021,PH,stdev,0.0018818698590621352
SBNMS,2022,PH,mean,8.125499725341797
SBNMS,2022,PH,stdev,0.0018208451801910996
SBNMS,2023,PH,mean,8.122557640075684
SBNMS,2023,PH,stdev,0.0018088016659021378
SBNMS,2024,PH,mean,8.120393753051758
SBNMS,2024,PH,stdev,0.0018705615075305104
SBNMS,2025,PH,mean,8.115690231323242
SBNMS,2025,PH,stdev,0.001834514900110662
SBNMS,2026,PH,mean,8.11407470703125
SBNMS,2026,PH,stdev,0.0018293311586603522
SBNMS,2027,PH,mean,8.109869003295898
SBNMS,2027,PH,stdev,0.001881680334918201
SBNMS,2028,PH,mean,8.107460975646973
SBNMS,2028,PH,stdev,0.001811254071071744
SBNMS,2029,PH,mean,8.103968620300293
SBNMS,2029,PH,stdev,0.001798044191673398
SBNMS,2030,PH,mean,8.101339340209961
SBNMS,2030,PH,stdev,0.0018065741751343012
SBNMS,2031,PH,mean,8.097355842590332
SBNMS,2031,PH,stdev,0.001781405764631927
SBNMS,2032,PH,mean,8.094327926635742
SBNMS,2032,PH,stdev,0.0017601590370759368
SBNMS,2033,PH,mean,8.090665817260742
SBNMS,2033,PH,stdev,0.001768177724443376
SBNMS,2034,PH,mean,8.087639808654785
SBNMS,2034,PH,stdev,0.0017307412344962358
SBNMS,2035,PH,mean,8.083895683288574
SBNMS,2035,PH,stdev,0.0018057090928778052
SBNMS,2036,PH,mean,8.080636024475098
SBNMS,2036,PH,stdev,0.001709726988337934
SBNMS,2037,PH,mean,8.077559471130371
SBNMS,2037,PH,stdev,0.0017554548103362322
SBNMS,2038,PH,mean,8.073312759399414
SBNMS,2038,PH,stdev,0.0016936050960794091
SBNMS,2039,PH,mean,8.069650650024414
SBNMS,2039,PH,stdev,0.0016735352110117674
SBNMS,2040,PH,mean,8.065964698791504
SBNMS,2040,PH,stdev,0.0016795723931863904
SBNMS,2041,PH,mean,8.062413215637207
SBNMS,2041,PH,stdev,0.0017278401646763086
SBNMS,2042,PH,mean,8.058505058288574
SBNMS,2042,PH,stdev,0.001626705750823021
SBNMS,2043,PH,mean,8.05650806427002
SBNMS,2043,PH,stdev,0.0015446559991687536
SBNMS,2044,PH,mean,8.052027702331543
SBNMS,2044,PH,stdev,0.0016673601930961013
SBNMS,2045,PH,mean,8.0492706298828125
SBNMS,2045,PH,stdev,0.0016016842564567924
SBNMS,2046,PH,mean,8.04428482055664
SBNMS,2046,PH,stdev,0.0015655976021662354
SBNMS,2047,PH,mean,8.04101276397705
SBNMS,2047,PH,stdev,0.0015430937055498362
SBNMS,2048,PH,mean,8.037253379821777
SBNMS,2048,PH,stdev,0.001498985686339438
SBNMS,2049,PH,mean,8.033820152282715
SBNMS,2049,PH,stdev,0.0015525028575211763
SBNMS,2050,PH,mean,8.029489517211914
SBNMS,2050,PH,stdev,0.0014892094768583775
SBNMS,2051,PH,mean,8.02637767791748
SBNMS,2051,PH,stdev,0.0014930489705875516
SBNMS,2052,PH,mean,8.022700309753418
SBNMS,2052,PH,stdev,0.0015090606175363064
SBNMS,2053,PH,mean,8.018911361694336
SBNMS,2053,PH,stdev,0.0014822949888184667
SBNMS,2054,PH,mean,8.014862060546875
SBNMS,2054,PH,stdev,0.0015071745729073882
SBNMS,2055,PH,mean,8.01024055480957
SBNMS,2055,PH,stdev,0.0013361709425225854
SBNMS,2056,PH,mean,8.006810188293457
SBNMS,2056,PH,stdev,0.0013755533145740628
SBNMS,2057,PH,mean,8.002097129821777
SBNMS,2057,PH,stdev,0.0014211663510650396
SBNMS,2058,PH,mean,7.998391628265381
SBNMS,2058,PH,stdev,0.0013469635741785169
SBNMS,2059,PH,mean,7.994564533233643
SBNMS,2059,PH,stdev,0.0012893517268821597
SBNMS,2060,PH,mean,7.990677833557129
SBNMS,2060,PH,stdev,0.0012706541456282139
SBNMS,2061,PH,mean,7.985053062438965
SBNMS,2061,PH,stdev,0.0012396812671795487
SBNMS,2062,PH,mean,7.981461524963379
SBNMS,2062,PH,stdev,0.0011703416239470243
SBNMS,2063,PH,mean,7.977239608764648
SBNMS,2063,PH,stdev,0.0011899425880983472
SBNMS,2064,PH,mean,7.973212718963623
SBNMS,2064,PH,stdev,0.0011589400237426162
SBNMS,2065,PH,mean,7.969088554382324
SBNMS,2065,PH,stdev,0.0011890088208019733
SBNMS,2066,PH,mean,7.964746475219727
SBNMS,2066,PH,stdev,0.0010693285148590803
SBNMS,2067,PH,mean,7.960075855255127
SBNMS,2067,PH,stdev,0.0010551010491326451
SBNMS,2068,PH,mean,7.95637845993042
SBNMS,2068,PH,stdev,0.001090540667064488
SBNMS,2069,PH,mean,7.950987815856934
SBNMS,2069,PH,stdev,0.0010056751780211926
SBNMS,2070,PH,mean,7.947113990783691
SBNMS,2070,PH,stdev,0.0010078881168738008
SBNMS,2071,PH,mean,7.943204879760742
SBNMS,2071,PH,stdev,0.0010060037020593882
SBNMS,2072,PH,mean,7.937929630279541
SBNMS,2072,PH,stdev,8.927688468247652e-4
SBNMS,2073,PH,mean,7.933360576629639
SBNMS,2073,PH,stdev,9.444161551073194e-4
SBNMS,2074,PH,mean,7.929476737976074
SBNMS,2074,PH,stdev,9.542179759591818e-4
SBNMS,2075,PH,mean,7.924454689025879
SBNMS,2075,PH,stdev,9.392387000843883e-4
SBNMS,2076,PH,mean,7.92140531539917
SBNMS,2076,PH,stdev,8.935597143135965e-4
SBNMS,2077,PH,mean,7.915628433227539
SBNMS,2077,PH,stdev,8.507953607477248e-4
SBNMS,2078,PH,mean,7.910379409790039
SBNMS,2078,PH,stdev,8.131808717735112e-4
SBNMS,2079,PH,mean,7.906647205352783
SBNMS,2079,PH,stdev,8.069946779869497e-4
SBNMS,2080,PH,mean,7.899718284606934
SBNMS,2080,PH,stdev,7.747418712824583e-4
SBNMS,2081,PH,mean,7.894427299499512
SBNMS,2081,PH,stdev,8.029225864447653e-4
SBNMS,2082,PH,mean,7.88975191116333
SBNMS,2082,PH,stdev,8.164009777829051e-4
SBNMS,2083,PH,mean,7.883338451385498
SBNMS,2083,PH,stdev,8.363780798390508e-4
SBNMS,2084,PH,mean,7.877405643463135
SBNMS,2084,PH,stdev,8.859266526997089e-4
SBNMS,2085,PH,mean,7.87491512298584
SBNMS,2085,PH,stdev,8.289755205623806e-4
SBNMS,2086,PH,mean,7.8694000244140625
SBNMS,2086,PH,stdev,8.892532787285745e-4
SBNMS,2087,PH,mean,7.866128444671631
SBNMS,2087,PH,stdev,8.88867536559701e-4
SBNMS,2088,PH,mean,7.859774589538574
SBNMS,2088,PH,stdev,8.812500745989382e-4
SBNMS,2089,PH,mean,7.854762554168701
SBNMS,2089,PH,stdev,9.135484579019248e-4
SBNMS,2090,PH,mean,7.849961757659912
SBNMS,2090,PH,stdev,9.821302955970168e-4
SBNMS,2091,PH,mean,7.843482971191406
SBNMS,2091,PH,stdev,9.80256823822856e-4
SBNMS,2092,PH,mean,7.838691711425781
SBNMS,2092,PH,stdev,0.0010688476031646132
SBNMS,2093,PH,mean,7.833954811096191
SBNMS,2093,PH,stdev,9.61566052865237e-4
SBNMS,2094,PH,mean,7.829396724700928
SBNMS,2094,PH,stdev,9.923221077769995e-4
SBNMS,2095,PH,mean,7.821061611175537
SBNMS,2095,PH,stdev,0.001113580190576613
SBNMS,2096,PH,mean,7.813347339630127
SBNMS,2096,PH,stdev,0.0010815266286954284
SBNMS,2097,PH,mean,7.808841705322266
SBNMS,2097,PH,stdev,0.001145174028351903
SBNMS,2098,PH,mean,7.801215171813965
SBNMS,2098,PH,stdev,0.001106322044506669
SBNMS,2099,PH,mean,7.795180320739746
SBNMS,2099,PH,stdev,0.0012818957911804318
SBNMS,2100,PH,mean,7.788924217224121
SBNMS,2100,PH,stdev,0.0012635323219001293
TBNMS,1990,PH,mean,NA
TBNMS,1990,PH,stdev,NA
TBNMS,1991,PH,mean,NA
TBNMS,1991,PH,stdev,NA
TBNMS,1992,PH,mean,NA
TBNMS,1992,PH,stdev,NA
TBNMS,1993,PH,mean,NA
TBNMS,1993,PH,stdev,NA
TBNMS,1994,PH,mean,NA
TBNMS,1994,PH,stdev,NA
TBNMS,1995,PH,mean,NA
TBNMS,1995,PH,stdev,NA
TBNMS,1996,PH,mean,NA
TBNMS,1996,PH,stdev,NA
TBNMS,1997,PH,mean,NA
TBNMS,1997,PH,stdev,NA
TBNMS,1998,PH,mean,NA
TBNMS,1998,PH,stdev,NA
TBNMS,1999,PH,mean,NA
TBNMS,1999,PH,stdev,NA
TBNMS,2000,PH,mean,NA
TBNMS,2000,PH,stdev,NA
TBNMS,2001,PH,mean,NA
TBNMS,2001,PH,stdev,NA
TBNMS,2002,PH,mean,NA
TBNMS,2002,PH,stdev,NA
TBNMS,2003,PH,mean,NA
TBNMS,2003,PH,stdev,NA
TBNMS,2004,PH,mean,NA
TBNMS,2004,PH,stdev,NA
TBNMS,2005,PH,mean,NA
TBNMS,2005,PH,stdev,NA
TBNMS,2006,PH,mean,NA
TBNMS,2006,PH,stdev,NA
TBNMS,2007,PH,mean,NA
TBNMS,2007,PH,stdev,NA
TBNMS,2008,PH,mean,NA
TBNMS,2008,PH,stdev,NA
TBNMS,2009,PH,mean,NA
TBNMS,2009,PH,stdev,NA
TBNMS,2010,PH,mean,NA
TBNMS,2010,PH,stdev,NA
TBNMS,2011,PH,mean,NA
TBNMS,2011,PH,stdev,NA
TBNMS,2012,PH,mean,NA
TBNMS,2012,PH,stdev,NA
TBNMS,2013,PH,mean,NA
TBNMS,2013,PH,stdev,NA
TBNMS,2014,PH,mean,NA
TBNMS,2014,PH,stdev,NA
TBNMS,2015,PH,mean,NA
TBNMS,2015,PH,stdev,NA
TBNMS,2016,PH,mean,NA
TBNMS,2016,PH,stdev,NA
TBNMS,2017,PH,mean,NA
TBNMS,2017,PH,stdev,NA
TBNMS,2018,PH,mean,NA
TBNMS,2018,PH,stdev,NA
TBNMS,2019,PH,mean,NA
TBNMS,2019,PH,stdev,NA
TBNMS,2020,PH,mean,NA
TBNMS,2020,PH,stdev,NA
TBNMS,2021,PH,mean,NA
TBNMS,2021,PH,stdev,NA
TBNMS,2022,PH,mean,NA
TBNMS,2022,PH,stdev,NA
TBNMS,2023,PH,mean,NA
TBNMS,2023,PH,stdev,NA
TBNMS,2024,PH,mean,NA
TBNMS,2024,PH,stdev,NA
TBNMS,2025,PH,mean,NA
TBNMS,2025,PH,stdev,NA
TBNMS,2026,PH,mean,NA
TBNMS,2026,PH,stdev,NA
TBNMS,2027,PH,mean,NA
TBNMS,2027,PH,stdev,NA
TBNMS,2028,PH,mean,NA
TBNMS,2028,PH,stdev,NA
TBNMS,2029,PH,mean,NA
TBNMS,2029,PH,stdev,NA
TBNMS,2030,PH,mean,NA
TBNMS,2030,PH,stdev,NA
TBNMS,2031,PH,mean,NA
TBNMS,2031,PH,stdev,NA
TBNMS,2032,PH,mean,NA
TBNMS,2032,PH,stdev,NA
TBNMS,2033,PH,mean,NA
TBNMS,2033,PH,stdev,NA
TBNMS,2034,PH,mean,NA
TBNMS,2034,PH,stdev,NA
TBNMS,2035,PH,mean,NA
TBNMS,2035,PH,stdev,NA
TBNMS,2036,PH,mean,NA
TBNMS,2036,PH,stdev,NA
TBNMS,2037,PH,mean,NA
TBNMS,2037,PH,stdev,NA
TBNMS,2038,PH,mean,NA
TBNMS,2038,PH,stdev,NA
TBNMS,2039,PH,mean,NA
TBNMS,2039,PH,stdev,NA
TBNMS,2040,PH,mean,NA
TBNMS,2040,PH,stdev,NA
TBNMS,2041,PH,mean,NA
TBNMS,2041,PH,stdev,NA
TBNMS,2042,PH,mean,NA
TBNMS,2042,PH,stdev,NA
TBNMS,2043,PH,mean,NA
TBNMS,2043,PH,stdev,NA
TBNMS,2044,PH,mean,NA
TBNMS,2044,PH,stdev,NA
TBNMS,2045,PH,mean,NA
TBNMS,2045,PH,stdev,NA
TBNMS,2046,PH,mean,NA
TBNMS,2046,PH,stdev,NA
TBNMS,2047,PH,mean,NA
TBNMS,2047,PH,stdev,NA
TBNMS,2048,PH,mean,NA
TBNMS,2048,PH,stdev,NA
TBNMS,2049,PH,mean,NA
TBNMS,2049,PH,stdev,NA
TBNMS,2050,PH,mean,NA
TBNMS,2050,PH,stdev,NA
TBNMS,2051,PH,mean,NA
TBNMS,2051,PH,stdev,NA
TBNMS,2052,PH,mean,NA
TBNMS,2052,PH,stdev,NA
TBNMS,2053,PH,mean,NA
TBNMS,2053,PH,stdev,NA
TBNMS,2054,PH,mean,NA
TBNMS,2054,PH,stdev,NA
TBNMS,2055,PH,mean,NA
TBNMS,2055,PH,stdev,NA
TBNMS,2056,PH,mean,NA
TBNMS,2056,PH,stdev,NA
TBNMS,2057,PH,mean,NA
TBNMS,2057,PH,stdev,NA
TBNMS,2058,PH,mean,NA
TBNMS,2058,PH,stdev,NA
TBNMS,2059,PH,mean,NA
TBNMS,2059,PH,stdev,NA
TBNMS,2060,PH,mean,NA
TBNMS,2060,PH,stdev,NA
TBNMS,2061,PH,mean,NA
TBNMS,2061,PH,stdev,NA
TBNMS,2062,PH,mean,NA
TBNMS,2062,PH,stdev,NA
TBNMS,2063,PH,mean,NA
TBNMS,2063,PH,stdev,NA
TBNMS,2064,PH,mean,NA
TBNMS,2064,PH,stdev,NA
TBNMS,2065,PH,mean,NA
TBNMS,2065,PH,stdev,NA
TBNMS,2066,PH,mean,NA
TBNMS,2066,PH,stdev,NA
TBNMS,2067,PH,mean,NA
TBNMS,2067,PH,stdev,NA
TBNMS,2068,PH,mean,NA
TBNMS,2068,PH,stdev,NA
TBNMS,2069,PH,mean,NA
TBNMS,2069,PH,stdev,NA
TBNMS,2070,PH,mean,NA
TBNMS,2070,PH,stdev,NA
TBNMS,2071,PH,mean,NA
TBNMS,2071,PH,stdev,NA
TBNMS,2072,PH,mean,NA
TBNMS,2072,PH,stdev,NA
TBNMS,2073,PH,mean,NA
TBNMS,2073,PH,stdev,NA
TBNMS,2074,PH,mean,NA
TBNMS,2074,PH,stdev,NA
TBNMS,2075,PH,mean,NA
TBNMS,2075,PH,stdev,NA
TBNMS,2076,PH,mean,NA
TBNMS,2076,PH,stdev,NA
TBNMS,2077,PH,mean,NA
TBNMS,2077,PH,stdev,NA
TBNMS,2078,PH,mean,NA
TBNMS,2078,PH,stdev,NA
TBNMS,2079,PH,mean,NA
TBNMS,2079,PH,stdev,NA
TBNMS,2080,PH,mean,NA
TBNMS,2080,PH,stdev,NA
TBNMS,2081,PH,mean,NA
TBNMS,2081,PH,stdev,NA
TBNMS,2082,PH,mean,NA
TBNMS,2082,PH,stdev,NA
TBNMS,2083,PH,mean,NA
TBNMS,2083,PH,stdev,NA
TBNMS,2084,PH,mean,NA
TBNMS,2084,PH,stdev,NA
TBNMS,2085,PH,mean,NA
TBNMS,2085,PH,stdev,NA
TBNMS,2086,PH,mean,NA
TBNMS,2086,PH,stdev,NA
TBNMS,2087,PH,mean,NA
TBNMS,2087,PH,stdev,NA
TBNMS,2088,PH,mean,NA
TBNMS,2088,PH,stdev,NA
TBNMS,2089,PH,mean,NA
TBNMS,2089,PH,stdev,NA
TBNMS,2090,PH,mean,NA
TBNMS,2090,PH,stdev,NA
TBNMS,2091,PH,mean,NA
TBNMS,2091,PH,stdev,NA
TBNMS,2092,PH,mean,NA
TBNMS,2092,PH,stdev,NA
TBNMS,2093,PH,mean,NA
TBNMS,2093,PH,stdev,NA
TBNMS,2094,PH,mean,NA
TBNMS,2094,PH,stdev,NA
TBNMS,2095,PH,mean,NA
TBNMS,2095,PH,stdev,NA
TBNMS,2096,PH,mean,NA
TBNMS,2096,PH,stdev,NA
TBNMS,2097,PH,mean,NA
TBNMS,2097,PH,stdev,NA
TBNMS,2098,PH,mean,NA
TBNMS,2098,PH,stdev,NA
TBNMS,2099,PH,mean,NA
TBNMS,2099,PH,stdev,NA
TBNMS,2100,PH,mean,NA
TBNMS,2100,PH,stdev,NA
CBNMS,1990,SSS,mean,32.2230110168457
CBNMS,1990,SSS,stdev,0.09589768201112747
CBNMS,1991,SSS,mean,32.18629837036133
CBNMS,1991,SSS,stdev,0.10887273401021957
CBNMS,1992,SSS,mean,32.15472412109375
CBNMS,1992,SSS,stdev,0.1132260411977768
CBNMS,1993,SSS,mean,32.11885070800781
CBNMS,1993,SSS,stdev,0.11927865445613861
CBNMS,1994,SSS,mean,32.11703109741211
CBNMS,1994,SSS,stdev,0.12440447509288788
CBNMS,1995,SSS,mean,32.20991134643555
CBNMS,1995,SSS,stdev,0.08733717352151871
CBNMS,1996,SSS,mean,32.18052291870117
CBNMS,1996,SSS,stdev,0.10052976757287979
CBNMS,1997,SSS,mean,32.17866134643555
CBNMS,1997,SSS,stdev,0.10747013986110687
CBNMS,1998,SSS,mean,32.187339782714844
CBNMS,1998,SSS,stdev,0.1081530749797821
CBNMS,1999,SSS,mean,32.19112777709961
CBNMS,1999,SSS,stdev,0.09944745898246765
CBNMS,2000,SSS,mean,32.20094680786133
CBNMS,2000,SSS,stdev,0.0916680097579956
CBNMS,2001,SSS,mean,32.18585205078125
CBNMS,2001,SSS,stdev,0.08516571670770645
CBNMS,2002,SSS,mean,32.16050720214844
CBNMS,2002,SSS,stdev,0.09341223537921906
CBNMS,2003,SSS,mean,32.16351318359375
CBNMS,2003,SSS,stdev,0.0940965786576271
CBNMS,2004,SSS,mean,32.170021057128906
CBNMS,2004,SSS,stdev,0.08835367113351822
CBNMS,2005,SSS,mean,32.13325881958008
CBNMS,2005,SSS,stdev,0.10956183820962906
CBNMS,2006,SSS,mean,32.188961029052734
CBNMS,2006,SSS,stdev,0.09187362343072891
CBNMS,2007,SSS,mean,32.15895080566406
CBNMS,2007,SSS,stdev,0.10244575887918472
CBNMS,2008,SSS,mean,32.17354202270508
CBNMS,2008,SSS,stdev,0.09335260838270187
CBNMS,2009,SSS,mean,32.163883209228516
CBNMS,2009,SSS,stdev,0.092273712158203125
CBNMS,2010,SSS,mean,32.1750602722168
CBNMS,2010,SSS,stdev,0.09067152440547943
CBNMS,2011,SSS,mean,32.17770767211914
CBNMS,2011,SSS,stdev,0.08412496745586395
CBNMS,2012,SSS,mean,32.12494659423828
CBNMS,2012,SSS,stdev,0.10572174191474915
CBNMS,2013,SSS,mean,32.085777282714844
CBNMS,2013,SSS,stdev,0.10633458942174911
CBNMS,2014,SSS,mean,32.11107635498047
CBNMS,2014,SSS,stdev,0.10868643969297409
CBNMS,2015,SSS,mean,32.1494026184082
CBNMS,2015,SSS,stdev,0.08977888524532318
CBNMS,2016,SSS,mean,32.140380859375
CBNMS,2016,SSS,stdev,0.09726659953594208
CBNMS,2017,SSS,mean,32.14101028442383
CBNMS,2017,SSS,stdev,0.09755972772836685
CBNMS,2018,SSS,mean,32.14655303955078
CBNMS,2018,SSS,stdev,0.08341245353221893
CBNMS,2019,SSS,mean,32.11869430541992
CBNMS,2019,SSS,stdev,0.10170353204011917
CBNMS,2020,SSS,mean,32.101566314697266
CBNMS,2020,SSS,stdev,0.11783302575349808
CBNMS,2021,SSS,mean,32.127620697021484
CBNMS,2021,SSS,stdev,0.10137420892715454
CBNMS,2022,SSS,mean,32.13774871826172
CBNMS,2022,SSS,stdev,0.09501168876886368
CBNMS,2023,SSS,mean,32.14328384399414
CBNMS,2023,SSS,stdev,0.09322608262300491
CBNMS,2024,SSS,mean,32.138824462890625
CBNMS,2024,SSS,stdev,0.09254997968673706
CBNMS,2025,SSS,mean,32.1370735168457
CBNMS,2025,SSS,stdev,0.08976025879383087
CBNMS,2026,SSS,mean,32.121456146240234
CBNMS,2026,SSS,stdev,0.07421423494815826
CBNMS,2027,SSS,mean,32.10429382324219
CBNMS,2027,SSS,stdev,0.09371691197156906
CBNMS,2028,SSS,mean,32.05897903442383
CBNMS,2028,SSS,stdev,0.11305712163448334
CBNMS,2029,SSS,mean,32.0629768371582
CBNMS,2029,SSS,stdev,0.09907065331935883
CBNMS,2030,SSS,mean,32.051918029785156
CBNMS,2030,SSS,stdev,0.10891982913017273
CBNMS,2031,SSS,mean,32.071533203125
CBNMS,2031,SSS,stdev,0.10905028879642487
CBNMS,2032,SSS,mean,32.0787353515625
CBNMS,2032,SSS,stdev,0.09773479402065277
CBNMS,2033,SSS,mean,32.07366943359375
CBNMS,2033,SSS,stdev,0.09503881633281708
CBNMS,2034,SSS,mean,32.04247283935547
CBNMS,2034,SSS,stdev,0.10810189694166183
CBNMS,2035,SSS,mean,32.04205322265625
CBNMS,2035,SSS,stdev,0.10080087929964066
CBNMS,2036,SSS,mean,31.989093780517578
CBNMS,2036,SSS,stdev,0.12457865476608276
CBNMS,2037,SSS,mean,32.024776458740234
CBNMS,2037,SSS,stdev,0.1066250428557396
CBNMS,2038,SSS,mean,32.014854431152344
CBNMS,2038,SSS,stdev,0.10422226041555405
CBNMS,2039,SSS,mean,32.034149169921875
CBNMS,2039,SSS,stdev,0.10717451572418213
CBNMS,2040,SSS,mean,32.0552978515625
CBNMS,2040,SSS,stdev,0.08605136722326279
CBNMS,2041,SSS,mean,31.98103141784668
CBNMS,2041,SSS,stdev,0.12000075727701187
CBNMS,2042,SSS,mean,32.043521881103516
CBNMS,2042,SSS,stdev,0.0811995267868042
CBNMS,2043,SSS,mean,32.036128997802734
CBNMS,2043,SSS,stdev,0.09345787018537521
CBNMS,2044,SSS,mean,32.030250549316406
CBNMS,2044,SSS,stdev,0.10100476443767548
CBNMS,2045,SSS,mean,31.976900100708008
CBNMS,2045,SSS,stdev,0.11027883738279343
CBNMS,2046,SSS,mean,31.94145393371582
CBNMS,2046,SSS,stdev,0.11086022853851318
CBNMS,2047,SSS,mean,31.949777603149414
CBNMS,2047,SSS,stdev,0.1092422604560852
CBNMS,2048,SSS,mean,31.98804473876953
CBNMS,2048,SSS,stdev,0.09919114410877228
CBNMS,2049,SSS,mean,31.985353469848633
CBNMS,2049,SSS,stdev,0.09087009727954865
CBNMS,2050,SSS,mean,31.967487335205078
CBNMS,2050,SSS,stdev,0.09921575337648392
CBNMS,2051,SSS,mean,31.954063415527344
CBNMS,2051,SSS,stdev,0.10920688509941101
CBNMS,2052,SSS,mean,32.005470275878906
CBNMS,2052,SSS,stdev,0.08221219480037689
CBNMS,2053,SSS,mean,31.999731063842773
CBNMS,2053,SSS,stdev,0.07893291115760803
CBNMS,2054,SSS,mean,31.955076217651367
CBNMS,2054,SSS,stdev,0.0981791540980339
CBNMS,2055,SSS,mean,31.987659454345703
CBNMS,2055,SSS,stdev,0.08410625904798508
CBNMS,2056,SSS,mean,31.92466926574707
CBNMS,2056,SSS,stdev,0.10424257069826126
CBNMS,2057,SSS,mean,31.907115936279297
CBNMS,2057,SSS,stdev,0.10687340795993805
CBNMS,2058,SSS,mean,31.893367767333984
CBNMS,2058,SSS,stdev,0.10757368803024292
CBNMS,2059,SSS,mean,31.943328857421875
CBNMS,2059,SSS,stdev,0.08897316455841064
CBNMS,2060,SSS,mean,31.964603424072266
CBNMS,2060,SSS,stdev,0.07955671846866608
CBNMS,2061,SSS,mean,31.915727615356445
CBNMS,2061,SSS,stdev,0.09779342263936996
CBNMS,2062,SSS,mean,31.87296485900879
CBNMS,2062,SSS,stdev,0.10426332801580429
CBNMS,2063,SSS,mean,31.855743408203125
CBNMS,2063,SSS,stdev,0.10052908957004547
CBNMS,2064,SSS,mean,31.848981857299805
CBNMS,2064,SSS,stdev,0.11003592610359192
CBNMS,2065,SSS,mean,31.870803833007812
CBNMS,2065,SSS,stdev,0.1064521074295044
CBNMS,2066,SSS,mean,31.90339469909668
CBNMS,2066,SSS,stdev,0.1037437692284584
CBNMS,2067,SSS,mean,31.86546516418457
CBNMS,2067,SSS,stdev,0.12115699797868729
CBNMS,2068,SSS,mean,31.854248046875
CBNMS,2068,SSS,stdev,0.1105220690369606
CBNMS,2069,SSS,mean,31.855430603027344
CBNMS,2069,SSS,stdev,0.10293228924274445
CBNMS,2070,SSS,mean,31.864030838012695
CBNMS,2070,SSS,stdev,0.08436963707208633
CBNMS,2071,SSS,mean,31.84081268310547
CBNMS,2071,SSS,stdev,0.08711114525794983
CBNMS,2072,SSS,mean,31.794200897216797
CBNMS,2072,SSS,stdev,0.11688154190778732
CBNMS,2073,SSS,mean,31.827259063720703
CBNMS,2073,SSS,stdev,0.08654077351093292
CBNMS,2074,SSS,mean,31.7816162109375
CBNMS,2074,SSS,stdev,0.10837823897600174
CBNMS,2075,SSS,mean,31.710674285888672
CBNMS,2075,SSS,stdev,0.13668854534626007
CBNMS,2076,SSS,mean,31.78632926940918
CBNMS,2076,SSS,stdev,0.08606377989053726
CBNMS,2077,SSS,mean,31.738161087036133
CBNMS,2077,SSS,stdev,0.11836224794387817
CBNMS,2078,SSS,mean,31.745935440063477
CBNMS,2078,SSS,stdev,0.10602118819952011
CBNMS,2079,SSS,mean,31.733440399169922
CBNMS,2079,SSS,stdev,0.11463417112827301
CBNMS,2080,SSS,mean,31.737897872924805
CBNMS,2080,SSS,stdev,0.11038349568843842
CBNMS,2081,SSS,mean,31.73649024963379
CBNMS,2081,SSS,stdev,0.10305213183164597
CBNMS,2082,SSS,mean,31.72345733642578
CBNMS,2082,SSS,stdev,0.11422569304704666
CBNMS,2083,SSS,mean,31.7108154296875
CBNMS,2083,SSS,stdev,0.12411974370479584
CBNMS,2084,SSS,mean,31.69847869873047
CBNMS,2084,SSS,stdev,0.11532531678676605
CBNMS,2085,SSS,mean,31.68212127685547
CBNMS,2085,SSS,stdev,0.11823024600744247
CBNMS,2086,SSS,mean,31.703392028808594
CBNMS,2086,SSS,stdev,0.10398489236831665
CBNMS,2087,SSS,mean,31.72574806213379
CBNMS,2087,SSS,stdev,0.09832574427127838
CBNMS,2088,SSS,mean,31.674903869628906
CBNMS,2088,SSS,stdev,0.11892319470643997
CBNMS,2089,SSS,mean,31.693153381347656
CBNMS,2089,SSS,stdev,0.08856112509965897
CBNMS,2090,SSS,mean,31.665258407592773
CBNMS,2090,SSS,stdev,0.10321884602308273
CBNMS,2091,SSS,mean,31.609865188598633
CBNMS,2091,SSS,stdev,0.12364187091588974
CBNMS,2092,SSS,mean,31.66490936279297
CBNMS,2092,SSS,stdev,0.09699434041976929
CBNMS,2093,SSS,mean,31.67755889892578
CBNMS,2093,SSS,stdev,0.0933673232793808
CBNMS,2094,SSS,mean,31.640138626098633
CBNMS,2094,SSS,stdev,0.11037667095661163
CBNMS,2095,SSS,mean,31.625459671020508
CBNMS,2095,SSS,stdev,0.115038201212883
CBNMS,2096,SSS,mean,31.55678939819336
CBNMS,2096,SSS,stdev,0.13855941593647003
CBNMS,2097,SSS,mean,31.625768661499023
CBNMS,2097,SSS,stdev,0.1064482182264328
CBNMS,2098,SSS,mean,31.577220916748047
CBNMS,2098,SSS,stdev,0.11291974037885666
CBNMS,2099,SSS,mean,31.586626052856445
CBNMS,2099,SSS,stdev,0.10242953151464462
CBNMS,2100,SSS,mean,31.58770751953125
CBNMS,2100,SSS,stdev,0.09894105792045593
CINMS,1990,SSS,mean,32.913734436035156
CINMS,1990,SSS,stdev,0.04366925358772278
CINMS,1991,SSS,mean,32.896446228027344
CINMS,1991,SSS,stdev,0.04455194249749184
CINMS,1992,SSS,mean,32.87043762207031
CINMS,1992,SSS,stdev,0.045060236006975174
CINMS,1993,SSS,mean,32.85430145263672
CINMS,1993,SSS,stdev,0.04766425862908363
CINMS,1994,SSS,mean,32.83420944213867
CINMS,1994,SSS,stdev,0.044153161346912384
CINMS,1995,SSS,mean,32.88325881958008
CINMS,1995,SSS,stdev,0.043414607644081116
CINMS,1996,SSS,mean,32.89285659790039
CINMS,1996,SSS,stdev,0.047889113426208496
CINMS,1997,SSS,mean,32.879356384277344
CINMS,1997,SSS,stdev,0.04268259182572365
CINMS,1998,SSS,mean,32.892189025878906
CINMS,1998,SSS,stdev,0.04238744080066681
CINMS,1999,SSS,mean,32.90441131591797
CINMS,1999,SSS,stdev,0.04558619484305382
CINMS,2000,SSS,mean,32.8967399597168
CINMS,2000,SSS,stdev,0.046009112149477005
CINMS,2001,SSS,mean,32.9001579284668
CINMS,2001,SSS,stdev,0.0482681505382061
CINMS,2002,SSS,mean,32.88077163696289
CINMS,2002,SSS,stdev,0.04872455447912216
CINMS,2003,SSS,mean,32.86246109008789
CINMS,2003,SSS,stdev,0.04704582318663597
CINMS,2004,SSS,mean,32.87181091308594
CINMS,2004,SSS,stdev,0.04748452827334404
CINMS,2005,SSS,mean,32.85514831542969
CINMS,2005,SSS,stdev,0.04700375720858574
CINMS,2006,SSS,mean,32.869056701660156
CINMS,2006,SSS,stdev,0.043104078620672226
CINMS,2007,SSS,mean,32.8707160949707
CINMS,2007,SSS,stdev,0.046709634363651276
CINMS,2008,SSS,mean,32.87053680419922
CINMS,2008,SSS,stdev,0.04636358469724655
CINMS,2009,SSS,mean,32.8758430480957
CINMS,2009,SSS,stdev,0.047091782093048096
CINMS,2010,SSS,mean,32.880706787109375
CINMS,2010,SSS,stdev,0.0469658225774765
CINMS,2011,SSS,mean,32.86183547973633
CINMS,2011,SSS,stdev,0.04678577929735184
CINMS,2012,SSS,mean,32.84688949584961
CINMS,2012,SSS,stdev,0.04830622300505638
CINMS,2013,SSS,mean,32.84039306640625
CINMS,2013,SSS,stdev,0.04953800141811371
CINMS,2014,SSS,mean,32.83610153198242
CINMS,2014,SSS,stdev,0.04571712017059326
CINMS,2015,SSS,mean,32.868324279785156
CINMS,2015,SSS,stdev,0.04867955297231674
CINMS,2016,SSS,mean,32.869232177734375
CINMS,2016,SSS,stdev,0.04860565438866615
CINMS,2017,SSS,mean,32.85259246826172
CINMS,2017,SSS,stdev,0.04651741683483124
CINMS,2018,SSS,mean,32.856136322021484
CINMS,2018,SSS,stdev,0.04902968555688858
CINMS,2019,SSS,mean,32.842044830322266
CINMS,2019,SSS,stdev,0.04775388166308403
CINMS,2020,SSS,mean,32.828704833984375
CINMS,2020,SSS,stdev,0.046640004962682724
CINMS,2021,SSS,mean,32.83700942993164
CINMS,2021,SSS,stdev,0.04468708112835884
CINMS,2022,SSS,mean,32.85367965698242
CINMS,2022,SSS,stdev,0.048016127198934555
CINMS,2023,SSS,mean,32.85273742675781
CINMS,2023,SSS,stdev,0.04664981737732887
CINMS,2024,SSS,mean,32.86082458496094
CINMS,2024,SSS,stdev,0.04769063740968704
CINMS,2025,SSS,mean,32.85296630859375
CINMS,2025,SSS,stdev,0.047266412526369095
CINMS,2026,SSS,mean,32.85060119628906
CINMS,2026,SSS,stdev,0.0515449158847332
CINMS,2027,SSS,mean,32.823062896728516
CINMS,2027,SSS,stdev,0.047936487942934036
CINMS,2028,SSS,mean,32.79709243774414
CINMS,2028,SSS,stdev,0.04875865578651428
CINMS,2029,SSS,mean,32.79320526123047
CINMS,2029,SSS,stdev,0.05001791939139366
CINMS,2030,SSS,mean,32.7798957824707
CINMS,2030,SSS,stdev,0.04868167266249657
CINMS,2031,SSS,mean,32.781646728515625
CINMS,2031,SSS,stdev,0.04484519362449646
CINMS,2032,SSS,mean,32.79207229614258
CINMS,2032,SSS,stdev,0.04663476347923279
CINMS,2033,SSS,mean,32.7985954284668
CINMS,2033,SSS,stdev,0.04915890842676163
CINMS,2034,SSS,mean,32.79469299316406
CINMS,2034,SSS,stdev,0.0497485026717186
CINMS,2035,SSS,mean,32.79157257080078
CINMS,2035,SSS,stdev,0.0491311140358448
CINMS,2036,SSS,mean,32.75824737548828
CINMS,2036,SSS,stdev,0.048161447048187256
CINMS,2037,SSS,mean,32.7489013671875
CINMS,2037,SSS,stdev,0.047837041318416595
CINMS,2038,SSS,mean,32.73768615722656
CINMS,2038,SSS,stdev,0.04954442009329796
CINMS,2039,SSS,mean,32.74028778076172
CINMS,2039,SSS,stdev,0.047108203172683716
CINMS,2040,SSS,mean,32.77842330932617
CINMS,2040,SSS,stdev,0.047612514346838
CINMS,2041,SSS,mean,32.75138473510742
CINMS,2041,SSS,stdev,0.050226837396621704
CINMS,2042,SSS,mean,32.755252838134766
CINMS,2042,SSS,stdev,0.05021831393241882
CINMS,2043,SSS,mean,32.75064468383789
CINMS,2043,SSS,stdev,0.045220836997032166
CINMS,2044,SSS,mean,32.74738693237305
CINMS,2044,SSS,stdev,0.04630691558122635
CINMS,2045,SSS,mean,32.72909927368164
CINMS,2045,SSS,stdev,0.050327423959970474
CINMS,2046,SSS,mean,32.69683837890625
CINMS,2046,SSS,stdev,0.04942339286208153
CINMS,2047,SSS,mean,32.68443298339844
CINMS,2047,SSS,stdev,0.046279020607471466
CINMS,2048,SSS,mean,32.720848083496094
CINMS,2048,SSS,stdev,0.048527054488658905
CINMS,2049,SSS,mean,32.7240104675293
CINMS,2049,SSS,stdev,0.049335625022649765
CINMS,2050,SSS,mean,32.7159538269043
CINMS,2050,SSS,stdev,0.049677975475788116
CINMS,2051,SSS,mean,32.698753356933594
CINMS,2051,SSS,stdev,0.04971437528729439
CINMS,2052,SSS,mean,32.72235870361328
CINMS,2052,SSS,stdev,0.04734983295202255
CINMS,2053,SSS,mean,32.72134780883789
CINMS,2053,SSS,stdev,0.05112016573548317
CINMS,2054,SSS,mean,32.7044563293457
CINMS,2054,SSS,stdev,0.05084874480962753
CINMS,2055,SSS,mean,32.71091842651367
CINMS,2055,SSS,stdev,0.05100999400019646
CINMS,2056,SSS,mean,32.68729019165039
CINMS,2056,SSS,stdev,0.05271430313587189
CINMS,2057,SSS,mean,32.67025375366211
CINMS,2057,SSS,stdev,0.05386051535606384
CINMS,2058,SSS,mean,32.65056228637695
CINMS,2058,SSS,stdev,0.05036208778619766
CINMS,2059,SSS,mean,32.66322708129883
CINMS,2059,SSS,stdev,0.047481369227170944
CINMS,2060,SSS,mean,32.678443908691406
CINMS,2060,SSS,stdev,0.04779578000307083
CINMS,2061,SSS,mean,32.67977523803711
CINMS,2061,SSS,stdev,0.0523836687207222
CINMS,2062,SSS,mean,32.64594650268555
CINMS,2062,SSS,stdev,0.05387356877326965
CINMS,2063,SSS,mean,32.61391830444336
CINMS,2063,SSS,stdev,0.05133138224482536
CINMS,2064,SSS,mean,32.60947799682617
CINMS,2064,SSS,stdev,0.05106223747134209
CINMS,2065,SSS,mean,32.61140441894531
CINMS,2065,SSS,stdev,0.04928802326321602
CINMS,2066,SSS,mean,32.63631057739258
CINMS,2066,SSS,stdev,0.0452636182308197
CINMS,2067,SSS,mean,32.633514404296875
CINMS,2067,SSS,stdev,0.04828651249408722
CINMS,2068,SSS,mean,32.627601623535156
CINMS,2068,SSS,stdev,0.05149580538272858
CINMS,2069,SSS,mean,32.63785171508789
CINMS,2069,SSS,stdev,0.05174626037478447
CINMS,2070,SSS,mean,32.6118278503418
CINMS,2070,SSS,stdev,0.05371398478746414
CINMS,2071,SSS,mean,32.60552978515625
CINMS,2071,SSS,stdev,0.051299113780260086
CINMS,2072,SSS,mean,32.572296142578125
CINMS,2072,SSS,stdev,0.052565690129995346
CINMS,2073,SSS,mean,32.573402404785156
CINMS,2073,SSS,stdev,0.05130289867520332
CINMS,2074,SSS,mean,32.570655822753906
CINMS,2074,SSS,stdev,0.05238804966211319
CINMS,2075,SSS,mean,32.520729064941406
CINMS,2075,SSS,stdev,0.05292118713259697
CINMS,2076,SSS,mean,32.52709197998047
CINMS,2076,SSS,stdev,0.052200280129909515
CINMS,2077,SSS,mean,32.534427642822266
CINMS,2077,SSS,stdev,0.05246080458164215
CINMS,2078,SSS,mean,32.52011489868164
CINMS,2078,SSS,stdev,0.05388636514544487
CINMS,2079,SSS,mean,32.51505661010742
CINMS,2079,SSS,stdev,0.05130600929260254
CINMS,2080,SSS,mean,32.51545715332031
CINMS,2080,SSS,stdev,0.051897644996643066
CINMS,2081,SSS,mean,32.517906188964844
CINMS,2081,SSS,stdev,0.052830759435892105
CINMS,2082,SSS,mean,32.51693344116211
CINMS,2082,SSS,stdev,0.0531126894056797
CINMS,2083,SSS,mean,32.519161224365234
CINMS,2083,SSS,stdev,0.05274570733308792
CINMS,2084,SSS,mean,32.50809097290039
CINMS,2084,SSS,stdev,0.053470347076654434
CINMS,2085,SSS,mean,32.48983383178711
CINMS,2085,SSS,stdev,0.05103004351258278
CINMS,2086,SSS,mean,32.50761795043945
CINMS,2086,SSS,stdev,0.05352434143424034
CINMS,2087,SSS,mean,32.5162353515625
CINMS,2087,SSS,stdev,0.05191705375909805
CINMS,2088,SSS,mean,32.51261520385742
CINMS,2088,SSS,stdev,0.05821039900183678
CINMS,2089,SSS,mean,32.49300765991211
CINMS,2089,SSS,stdev,0.05504230782389641
CINMS,2090,SSS,mean,32.47306823730469
CINMS,2090,SSS,stdev,0.05488799139857292
CINMS,2091,SSS,mean,32.439720153808594
CINMS,2091,SSS,stdev,0.05462690442800522
CINMS,2092,SSS,mean,32.45378112792969
CINMS,2092,SSS,stdev,0.05434912443161011
CINMS,2093,SSS,mean,32.468292236328125
CINMS,2093,SSS,stdev,0.05264565348625183
CINMS,2094,SSS,mean,32.44558334350586
CINMS,2094,SSS,stdev,0.053711898624897
CINMS,2095,SSS,mean,32.424564361572266
CINMS,2095,SSS,stdev,0.05307329073548317
CINMS,2096,SSS,mean,32.40441131591797
CINMS,2096,SSS,stdev,0.05526774749159813
CINMS,2097,SSS,mean,32.4178352355957
CINMS,2097,SSS,stdev,0.0516720749437809
CINMS,2098,SSS,mean,32.410186767578125
CINMS,2098,SSS,stdev,0.057237278670072556
CINMS,2099,SSS,mean,32.40001678466797
CINMS,2099,SSS,stdev,0.05532315373420715
CINMS,2100,SSS,mean,32.40969467163086
CINMS,2100,SSS,stdev,0.055806372314691544
CPNMS,1990,SSS,mean,32.72868728637695
CPNMS,1990,SSS,stdev,0.07427608966827393
CPNMS,1991,SSS,mean,32.70547866821289
CPNMS,1991,SSS,stdev,0.07616877555847168
CPNMS,1992,SSS,mean,32.67625045776367
CPNMS,1992,SSS,stdev,0.07711969316005707
CPNMS,1993,SSS,mean,32.65502166748047
CPNMS,1993,SSS,stdev,0.07935521006584167
CPNMS,1994,SSS,mean,32.6435432434082
CPNMS,1994,SSS,stdev,0.07666370272636414
CPNMS,1995,SSS,mean,32.702640533447266
CPNMS,1995,SSS,stdev,0.07278268039226532
CPNMS,1996,SSS,mean,32.69664764404297
CPNMS,1996,SSS,stdev,0.07776547968387604
CPNMS,1997,SSS,mean,32.69224166870117
CPNMS,1997,SSS,stdev,0.07569030672311783
CPNMS,1998,SSS,mean,32.70689392089844
CPNMS,1998,SSS,stdev,0.07553345710039139
CPNMS,1999,SSS,mean,32.711395263671875
CPNMS,1999,SSS,stdev,0.07813718169927597
CPNMS,2000,SSS,mean,32.706451416015625
CPNMS,2000,SSS,stdev,0.07611589878797531
CPNMS,2001,SSS,mean,32.70281982421875
CPNMS,2001,SSS,stdev,0.07848592847585678
CPNMS,2002,SSS,mean,32.681644439697266
CPNMS,2002,SSS,stdev,0.07802624255418777
CPNMS,2003,SSS,mean,32.6690673828125
CPNMS,2003,SSS,stdev,0.07619540393352509
CPNMS,2004,SSS,mean,32.679141998291016
CPNMS,2004,SSS,stdev,0.07622191309928894
CPNMS,2005,SSS,mean,32.65778350830078
CPNMS,2005,SSS,stdev,0.07799078524112701
CPNMS,2006,SSS,mean,32.686988830566406
CPNMS,2006,SSS,stdev,0.07296715676784515
CPNMS,2007,SSS,mean,32.67756271362305
CPNMS,2007,SSS,stdev,0.07632745057344437
CPNMS,2008,SSS,mean,32.680206298828125
CPNMS,2008,SSS,stdev,0.07552871108055115
CPNMS,2009,SSS,mean,32.681243896484375
CPNMS,2009,SSS,stdev,0.07790565490722656
CPNMS,2010,SSS,mean,32.68721008300781
CPNMS,2010,SSS,stdev,0.07642990350723267
CPNMS,2011,SSS,mean,32.67137145996094
CPNMS,2011,SSS,stdev,0.07445965707302094
CPNMS,2012,SSS,mean,32.64841842651367
CPNMS,2012,SSS,stdev,0.07761404663324356
CPNMS,2013,SSS,mean,32.63617706298828
CPNMS,2013,SSS,stdev,0.08080057054758072
CPNMS,2014,SSS,mean,32.641090393066406
CPNMS,2014,SSS,stdev,0.07819370180368423
CPNMS,2015,SSS,mean,32.67005920410156
CPNMS,2015,SSS,stdev,0.07806745171546936
CPNMS,2016,SSS,mean,32.67103576660156
CPNMS,2016,SSS,stdev,0.07823149859905243
CPNMS,2017,SSS,mean,32.658180236816406
CPNMS,2017,SSS,stdev,0.076240174472332
CPNMS,2018,SSS,mean,32.65961837768555
CPNMS,2018,SSS,stdev,0.0778222307562828
CPNMS,2019,SSS,mean,32.64419174194336
CPNMS,2019,SSS,stdev,0.07767490297555923
CPNMS,2020,SSS,mean,32.63187789916992
CPNMS,2020,SSS,stdev,0.07732634246349335
CPNMS,2021,SSS,mean,32.647315979003906
CPNMS,2021,SSS,stdev,0.07579982280731201
CPNMS,2022,SSS,mean,32.65647506713867
CPNMS,2022,SSS,stdev,0.07675109803676605
CPNMS,2023,SSS,mean,32.65903854370117
CPNMS,2023,SSS,stdev,0.07689584046602249
CPNMS,2024,SSS,mean,32.66435241699219
CPNMS,2024,SSS,stdev,0.0779976025223732
CPNMS,2025,SSS,mean,32.657466888427734
CPNMS,2025,SSS,stdev,0.0768992081284523
CPNMS,2026,SSS,mean,32.64726257324219
CPNMS,2026,SSS,stdev,0.07953616976737976
CPNMS,2027,SSS,mean,32.62632369995117
CPNMS,2027,SSS,stdev,0.0771760642528534
CPNMS,2028,SSS,mean,32.59465789794922
CPNMS,2028,SSS,stdev,0.07939241081476212
CPNMS,2029,SSS,mean,32.590763092041016
CPNMS,2029,SSS,stdev,0.0783982127904892
CPNMS,2030,SSS,mean,32.57767105102539
CPNMS,2030,SSS,stdev,0.07922916114330292
CPNMS,2031,SSS,mean,32.59007263183594
CPNMS,2031,SSS,stdev,0.07632553577423096
CPNMS,2032,SSS,mean,32.59878158569336
CPNMS,2032,SSS,stdev,0.07676070928573608
CPNMS,2033,SSS,mean,32.59738540649414
CPNMS,2033,SSS,stdev,0.0792546421289444
CPNMS,2034,SSS,mean,32.58858108520508
CPNMS,2034,SSS,stdev,0.0805521085858345
CPNMS,2035,SSS,mean,32.58803176879883
CPNMS,2035,SSS,stdev,0.07914410531520844
CPNMS,2036,SSS,mean,32.55070877075195
CPNMS,2036,SSS,stdev,0.08202467858791351
CPNMS,2037,SSS,mean,32.548282623291016
CPNMS,2037,SSS,stdev,0.07807847112417221
CPNMS,2038,SSS,mean,32.53482437133789
CPNMS,2038,SSS,stdev,0.07899054139852524
CPNMS,2039,SSS,mean,32.545318603515625
CPNMS,2039,SSS,stdev,0.07569106668233871
CPNMS,2040,SSS,mean,32.58192443847656
CPNMS,2040,SSS,stdev,0.07787114381790161
CPNMS,2041,SSS,mean,32.54056167602539
CPNMS,2041,SSS,stdev,0.08194050937891006
CPNMS,2042,SSS,mean,32.554691314697266
CPNMS,2042,SSS,stdev,0.07773889601230621
CPNMS,2043,SSS,mean,32.560279846191406
CPNMS,2043,SSS,stdev,0.07614127546548843
CPNMS,2044,SSS,mean,32.552085876464844
CPNMS,2044,SSS,stdev,0.07629901170730591
CPNMS,2045,SSS,mean,32.521297454833984
CPNMS,2045,SSS,stdev,0.08029805123806
CPNMS,2046,SSS,mean,32.48952865600586
CPNMS,2046,SSS,stdev,0.08118803054094315
CPNMS,2047,SSS,mean,32.48560333251953
CPNMS,2047,SSS,stdev,0.07890120148658752
CPNMS,2048,SSS,mean,32.520286560058594
CPNMS,2048,SSS,stdev,0.07870149612426758
CPNMS,2049,SSS,mean,32.52251434326172
CPNMS,2049,SSS,stdev,0.07899370789527893
CPNMS,2050,SSS,mean,32.510311126708984
CPNMS,2050,SSS,stdev,0.08012064546346664
CPNMS,2051,SSS,mean,32.49263000488281
CPNMS,2051,SSS,stdev,0.08009983599185944
CPNMS,2052,SSS,mean,32.52585220336914
CPNMS,2052,SSS,stdev,0.0781400203704834
CPNMS,2053,SSS,mean,32.51905822753906
CPNMS,2053,SSS,stdev,0.07791014760732651
CPNMS,2054,SSS,mean,32.498016357421875
CPNMS,2054,SSS,stdev,0.08033567667007446
CPNMS,2055,SSS,mean,32.50575637817383
CPNMS,2055,SSS,stdev,0.07807218283414841
CPNMS,2056,SSS,mean,32.473541259765625
CPNMS,2056,SSS,stdev,0.08267829567193985
CPNMS,2057,SSS,mean,32.454261779785156
CPNMS,2057,SSS,stdev,0.08243083208799362
CPNMS,2058,SSS,mean,32.4420280456543
CPNMS,2058,SSS,stdev,0.08188275247812271
CPNMS,2059,SSS,mean,32.46660232543945
CPNMS,2059,SSS,stdev,0.07738535106182098
CPNMS,2060,SSS,mean,32.48211669921875
CPNMS,2060,SSS,stdev,0.07674920558929443
CPNMS,2061,SSS,mean,32.4666862487793
CPNMS,2061,SSS,stdev,0.08241564780473709
CPNMS,2062,SSS,mean,32.42687225341797
CPNMS,2062,SSS,stdev,0.08334162831306458
CPNMS,2063,SSS,mean,32.40327072143555
CPNMS,2063,SSS,stdev,0.08028802275657654
CPNMS,2064,SSS,mean,32.3999137878418
CPNMS,2064,SSS,stdev,0.08188021928071976
CPNMS,2065,SSS,mean,32.40665054321289
CPNMS,2065,SSS,stdev,0.07944145798683167
CPNMS,2066,SSS,mean,32.44194030761719
CPNMS,2066,SSS,stdev,0.07681077718734741
CPNMS,2067,SSS,mean,32.42524719238281
CPNMS,2067,SSS,stdev,0.08207366615533829
CPNMS,2068,SSS,mean,32.41107177734375
CPNMS,2068,SSS,stdev,0.08393549174070358
CPNMS,2069,SSS,mean,32.42528533935547
CPNMS,2069,SSS,stdev,0.0834805816411972
CPNMS,2070,SSS,mean,32.39823532104492
CPNMS,2070,SSS,stdev,0.08036753535270691
CPNMS,2071,SSS,mean,32.395790100097656
CPNMS,2071,SSS,stdev,0.08172554522752762
CPNMS,2072,SSS,mean,32.35626220703125
CPNMS,2072,SSS,stdev,0.0832907184958458
CPNMS,2073,SSS,mean,32.36439895629883
CPNMS,2073,SSS,stdev,0.0803990587592125
CPNMS,2074,SSS,mean,32.35512161254883
CPNMS,2074,SSS,stdev,0.08420407027006149
CPNMS,2075,SSS,mean,32.297576904296875
CPNMS,2075,SSS,stdev,0.08635392040014267
CPNMS,2076,SSS,mean,32.317298889160156
CPNMS,2076,SSS,stdev,0.08073242008686066
CPNMS,2077,SSS,mean,32.31649398803711
CPNMS,2077,SSS,stdev,0.08441241830587387
CPNMS,2078,SSS,mean,32.301998138427734
CPNMS,2078,SSS,stdev,0.08244882524013519
CPNMS,2079,SSS,mean,32.29957962036133
CPNMS,2079,SSS,stdev,0.08340898156166077
CPNMS,2080,SSS,mean,32.30033493041992
CPNMS,2080,SSS,stdev,0.08337147533893585
CPNMS,2081,SSS,mean,32.300636291503906
CPNMS,2081,SSS,stdev,0.08491591364145279
CPNMS,2082,SSS,mean,32.29854202270508
CPNMS,2082,SSS,stdev,0.08465500921010971
CPNMS,2083,SSS,mean,32.29678726196289
CPNMS,2083,SSS,stdev,0.08561921119689941
CPNMS,2084,SSS,mean,32.28580856323242
CPNMS,2084,SSS,stdev,0.08632857352495193
CPNMS,2085,SSS,mean,32.272674560546875
CPNMS,2085,SSS,stdev,0.08522491902112961
CPNMS,2086,SSS,mean,32.287879943847656
CPNMS,2086,SSS,stdev,0.08598674833774567
CPNMS,2087,SSS,mean,32.299530029296875
CPNMS,2087,SSS,stdev,0.08394686132669449
CPNMS,2088,SSS,mean,32.2767333984375
CPNMS,2088,SSS,stdev,0.09029631316661835
CPNMS,2089,SSS,mean,32.26996994018555
CPNMS,2089,SSS,stdev,0.08568329364061356
CPNMS,2090,SSS,mean,32.250492095947266
CPNMS,2090,SSS,stdev,0.08503327518701553
CPNMS,2091,SSS,mean,32.21036148071289
CPNMS,2091,SSS,stdev,0.08804835379123688
CPNMS,2092,SSS,mean,32.23394012451172
CPNMS,2092,SSS,stdev,0.0839654877781868
CPNMS,2093,SSS,mean,32.25098419189453
CPNMS,2093,SSS,stdev,0.08565101027488708
CPNMS,2094,SSS,mean,32.22324752807617
CPNMS,2094,SSS,stdev,0.08655945211648941
CPNMS,2095,SSS,mean,32.20458984375
CPNMS,2095,SSS,stdev,0.08413203060626984
CPNMS,2096,SSS,mean,32.17082214355469
CPNMS,2096,SSS,stdev,0.09021374583244324
CPNMS,2097,SSS,mean,32.2015266418457
CPNMS,2097,SSS,stdev,0.08393966406583786
CPNMS,2098,SSS,mean,32.17667007446289
CPNMS,2098,SSS,stdev,0.08935367316007614
CPNMS,2099,SSS,mean,32.173492431640625
CPNMS,2099,SSS,stdev,0.08673014491796494
CPNMS,2100,SSS,mean,32.18382263183594
CPNMS,2100,SSS,stdev,0.08692570775747299
FGBNMS,1990,SSS,mean,36.51346206665039
FGBNMS,1990,SSS,stdev,0.09057918190956116
FGBNMS,1991,SSS,mean,36.51343536376953
FGBNMS,1991,SSS,stdev,0.08940299600362778
FGBNMS,1992,SSS,mean,36.486568450927734
FGBNMS,1992,SSS,stdev,0.08717337250709534
FGBNMS,1993,SSS,mean,36.5146484375
FGBNMS,1993,SSS,stdev,0.09266196191310883
FGBNMS,1994,SSS,mean,36.5466194152832
FGBNMS,1994,SSS,stdev,0.0902172178030014
FGBNMS,1995,SSS,mean,36.56550979614258
FGBNMS,1995,SSS,stdev,0.08923124521970749
FGBNMS,1996,SSS,mean,36.597450256347656
FGBNMS,1996,SSS,stdev,0.09012499451637268
FGBNMS,1997,SSS,mean,36.59120559692383
FGBNMS,1997,SSS,stdev,0.08276306837797165
FGBNMS,1998,SSS,mean,36.560035705566406
FGBNMS,1998,SSS,stdev,0.08444493263959885
FGBNMS,1999,SSS,mean,36.53321075439453
FGBNMS,1999,SSS,stdev,0.0893082320690155
FGBNMS,2000,SSS,mean,36.572444915771484
FGBNMS,2000,SSS,stdev,0.08655315637588501
FGBNMS,2001,SSS,mean,36.58384323120117
FGBNMS,2001,SSS,stdev,0.08725804835557938
FGBNMS,2002,SSS,mean,36.559959411621094
FGBNMS,2002,SSS,stdev,0.09134566783905029
FGBNMS,2003,SSS,mean,36.56591796875
FGBNMS,2003,SSS,stdev,0.09210024029016495
FGBNMS,2004,SSS,mean,36.58656311035156
FGBNMS,2004,SSS,stdev,0.09187181293964386
FGBNMS,2005,SSS,mean,36.562217712402344
FGBNMS,2005,SSS,stdev,0.08810952305793762
FGBNMS,2006,SSS,mean,36.57120895385742
FGBNMS,2006,SSS,stdev,0.08640987426042557
FGBNMS,2007,SSS,mean,36.60049819946289
FGBNMS,2007,SSS,stdev,0.09063815325498581
FGBNMS,2008,SSS,mean,36.64399719238281
FGBNMS,2008,SSS,stdev,0.08156590908765793
FGBNMS,2009,SSS,mean,36.64278793334961
FGBNMS,2009,SSS,stdev,0.0864555835723877
FGBNMS,2010,SSS,mean,36.585357666015625
FGBNMS,2010,SSS,stdev,0.08894374966621399
FGBNMS,2011,SSS,mean,36.6033935546875
FGBNMS,2011,SSS,stdev,0.09015374630689621
FGBNMS,2012,SSS,mean,36.66132736206055
FGBNMS,2012,SSS,stdev,0.08467680960893631
FGBNMS,2013,SSS,mean,36.70779037475586
FGBNMS,2013,SSS,stdev,0.0842382088303566
FGBNMS,2014,SSS,mean,36.691139221191406
FGBNMS,2014,SSS,stdev,0.09195725619792938
FGBNMS,2015,SSS,mean,36.70648193359375
FGBNMS,2015,SSS,stdev,0.09233353286981583
FGBNMS,2016,SSS,mean,36.72464370727539
FGBNMS,2016,SSS,stdev,0.08726377040147781
FGBNMS,2017,SSS,mean,36.704410552978516
FGBNMS,2017,SSS,stdev,0.0950179249048233
FGBNMS,2018,SSS,mean,36.739593505859375
FGBNMS,2018,SSS,stdev,0.09285807609558105
FGBNMS,2019,SSS,mean,36.73308563232422
FGBNMS,2019,SSS,stdev,0.09291473776102066
FGBNMS,2020,SSS,mean,36.724727630615234
FGBNMS,2020,SSS,stdev,0.0956522598862648
FGBNMS,2021,SSS,mean,36.77042770385742
FGBNMS,2021,SSS,stdev,0.08801381289958954
FGBNMS,2022,SSS,mean,36.76820755004883
FGBNMS,2022,SSS,stdev,0.09035993367433548
FGBNMS,2023,SSS,mean,36.79533386230469
FGBNMS,2023,SSS,stdev,0.09029176086187363
FGBNMS,2024,SSS,mean,36.78536605834961
FGBNMS,2024,SSS,stdev,0.09432156383991241
FGBNMS,2025,SSS,mean,36.78143310546875
FGBNMS,2025,SSS,stdev,0.09362731873989105
FGBNMS,2026,SSS,mean,36.79728317260742
FGBNMS,2026,SSS,stdev,0.08429078757762909
FGBNMS,2027,SSS,mean,36.8032341003418
FGBNMS,2027,SSS,stdev,0.09380626678466797
FGBNMS,2028,SSS,mean,36.81623077392578
FGBNMS,2028,SSS,stdev,0.0979611799120903
FGBNMS,2029,SSS,mean,36.847747802734375
FGBNMS,2029,SSS,stdev,0.09005168080329895
FGBNMS,2030,SSS,mean,36.86185073852539
FGBNMS,2030,SSS,stdev,0.09187527745962143
FGBNMS,2031,SSS,mean,36.829566955566406
FGBNMS,2031,SSS,stdev,0.09842807054519653
FGBNMS,2032,SSS,mean,36.81987380981445
FGBNMS,2032,SSS,stdev,0.09830298274755478
FGBNMS,2033,SSS,mean,36.86794662475586
FGBNMS,2033,SSS,stdev,0.09806011617183685
FGBNMS,2034,SSS,mean,36.91184997558594
FGBNMS,2034,SSS,stdev,0.09815853089094162
FGBNMS,2035,SSS,mean,36.90631866455078
FGBNMS,2035,SSS,stdev,0.09817873686552048
FGBNMS,2036,SSS,mean,36.90404510498047
FGBNMS,2036,SSS,stdev,0.09956453740596771
FGBNMS,2037,SSS,mean,36.92454147338867
FGBNMS,2037,SSS,stdev,0.10308624058961868
FGBNMS,2038,SSS,mean,36.97409439086914
FGBNMS,2038,SSS,stdev,0.09555359184741974
FGBNMS,2039,SSS,mean,36.97494888305664
FGBNMS,2039,SSS,stdev,0.09859392791986465
FGBNMS,2040,SSS,mean,36.99364471435547
FGBNMS,2040,SSS,stdev,0.09611184895038605
FGBNMS,2041,SSS,mean,36.96257781982422
FGBNMS,2041,SSS,stdev,0.10115406662225723
FGBNMS,2042,SSS,mean,36.972450256347656
FGBNMS,2042,SSS,stdev,0.09957374632358551
FGBNMS,2043,SSS,mean,37.00477981567383
FGBNMS,2043,SSS,stdev,0.09783214330673218
FGBNMS,2044,SSS,mean,36.96632385253906
FGBNMS,2044,SSS,stdev,0.1019023209810257
FGBNMS,2045,SSS,mean,37.024658203125
FGBNMS,2045,SSS,stdev,0.09818948805332184
FGBNMS,2046,SSS,mean,37.04106140136719
FGBNMS,2046,SSS,stdev,0.10194313526153564
FGBNMS,2047,SSS,mean,37.03106689453125
FGBNMS,2047,SSS,stdev,0.10705475509166718
FGBNMS,2048,SSS,mean,37.033206939697266
FGBNMS,2048,SSS,stdev,0.1072126254439354
FGBNMS,2049,SSS,mean,37.08365249633789
FGBNMS,2049,SSS,stdev,0.10076983273029327
FGBNMS,2050,SSS,mean,37.093536376953125
FGBNMS,2050,SSS,stdev,0.10294261574745178
FGBNMS,2051,SSS,mean,37.08403396606445
FGBNMS,2051,SSS,stdev,0.10404947400093079
FGBNMS,2052,SSS,mean,37.10270690917969
FGBNMS,2052,SSS,stdev,0.10611379146575928
FGBNMS,2053,SSS,mean,37.13184356689453
FGBNMS,2053,SSS,stdev,0.10256411880254745
FGBNMS,2054,SSS,mean,37.175865173339844
FGBNMS,2054,SSS,stdev,0.10600808262825012
FGBNMS,2055,SSS,mean,37.177223205566406
FGBNMS,2055,SSS,stdev,0.10856673866510391
FGBNMS,2056,SSS,mean,37.17954635620117
FGBNMS,2056,SSS,stdev,0.11342347413301468
FGBNMS,2057,SSS,mean,37.18611145019531
FGBNMS,2057,SSS,stdev,0.11440853774547577
FGBNMS,2058,SSS,mean,37.205101013183594
FGBNMS,2058,SSS,stdev,0.11224709451198578
FGBNMS,2059,SSS,mean,37.19068908691406
FGBNMS,2059,SSS,stdev,0.11117316037416458
FGBNMS,2060,SSS,mean,37.16495895385742
FGBNMS,2060,SSS,stdev,0.11539329588413239
FGBNMS,2061,SSS,mean,37.20899963378906
FGBNMS,2061,SSS,stdev,0.11121943593025208
FGBNMS,2062,SSS,mean,37.25192642211914
FGBNMS,2062,SSS,stdev,0.10948614776134491
FGBNMS,2063,SSS,mean,37.253822326660156
FGBNMS,2063,SSS,stdev,0.11222631484270096
FGBNMS,2064,SSS,mean,37.29090881347656
FGBNMS,2064,SSS,stdev,0.11732594668865204
FGBNMS,2065,SSS,mean,37.30937957763672
FGBNMS,2065,SSS,stdev,0.11443061381578445
FGBNMS,2066,SSS,mean,37.283050537109375
FGBNMS,2066,SSS,stdev,0.11619555950164795
FGBNMS,2067,SSS,mean,37.32029724121094
FGBNMS,2067,SSS,stdev,0.11740682274103165
FGBNMS,2068,SSS,mean,37.338016510009766
FGBNMS,2068,SSS,stdev,0.11681313812732697
FGBNMS,2069,SSS,mean,37.32954406738281
FGBNMS,2069,SSS,stdev,0.12054690718650818
FGBNMS,2070,SSS,mean,37.35587692260742
FGBNMS,2070,SSS,stdev,0.11689092218875885
FGBNMS,2071,SSS,mean,37.38356018066406
FGBNMS,2071,SSS,stdev,0.11421765387058258
FGBNMS,2072,SSS,mean,37.375572204589844
FGBNMS,2072,SSS,stdev,0.12281399965286255
FGBNMS,2073,SSS,mean,37.38016891479492
FGBNMS,2073,SSS,stdev,0.1269676685333252
FGBNMS,2074,SSS,mean,37.41341781616211
FGBNMS,2074,SSS,stdev,0.12273303419351578
FGBNMS,2075,SSS,mean,37.43573760986328
FGBNMS,2075,SSS,stdev,0.1250097155570984
FGBNMS,2076,SSS,mean,37.495121002197266
FGBNMS,2076,SSS,stdev,0.12260317802429199
FGBNMS,2077,SSS,mean,37.4953498840332
FGBNMS,2077,SSS,stdev,0.129362553358078
FGBNMS,2078,SSS,mean,37.526031494140625
FGBNMS,2078,SSS,stdev,0.12395212054252625
FGBNMS,2079,SSS,mean,37.510780334472656
FGBNMS,2079,SSS,stdev,0.12647178769111633
FGBNMS,2080,SSS,mean,37.552513122558594
FGBNMS,2080,SSS,stdev,0.12304484844207764
FGBNMS,2081,SSS,mean,37.57695007324219
FGBNMS,2081,SSS,stdev,0.12415989488363266
FGBNMS,2082,SSS,mean,37.58818435668945
FGBNMS,2082,SSS,stdev,0.11917894333600998
FGBNMS,2083,SSS,mean,37.58795166015625
FGBNMS,2083,SSS,stdev,0.12576240301132202
FGBNMS,2084,SSS,mean,37.62038040161133
FGBNMS,2084,SSS,stdev,0.12818589806556702
FGBNMS,2085,SSS,mean,37.66114807128906
FGBNMS,2085,SSS,stdev,0.13069000840187073
FGBNMS,2086,SSS,mean,37.67311096191406
FGBNMS,2086,SSS,stdev,0.12830281257629395
FGBNMS,2087,SSS,mean,37.71511459350586
FGBNMS,2087,SSS,stdev,0.12461084872484207
FGBNMS,2088,SSS,mean,37.71628952026367
FGBNMS,2088,SSS,stdev,0.12823185324668884
FGBNMS,2089,SSS,mean,37.73325729370117
FGBNMS,2089,SSS,stdev,0.12943826615810394
FGBNMS,2090,SSS,mean,37.7512321472168
FGBNMS,2090,SSS,stdev,0.13078206777572632
FGBNMS,2091,SSS,mean,37.732025146484375
FGBNMS,2091,SSS,stdev,0.13162773847579956
FGBNMS,2092,SSS,mean,37.73204803466797
FGBNMS,2092,SSS,stdev,0.134287029504776
FGBNMS,2093,SSS,mean,37.7598991394043
FGBNMS,2093,SSS,stdev,0.1333470642566681
FGBNMS,2094,SSS,mean,37.760379791259766
FGBNMS,2094,SSS,stdev,0.13566933572292328
FGBNMS,2095,SSS,mean,37.81266403198242
FGBNMS,2095,SSS,stdev,0.13363318145275116
FGBNMS,2096,SSS,mean,37.861324310302734
FGBNMS,2096,SSS,stdev,0.12822222709655762
FGBNMS,2097,SSS,mean,37.84999465942383
FGBNMS,2097,SSS,stdev,0.1351880580186844
FGBNMS,2098,SSS,mean,37.895721435546875
FGBNMS,2098,SSS,stdev,0.1360572874546051
FGBNMS,2099,SSS,mean,37.95966339111328
FGBNMS,2099,SSS,stdev,0.13262444734573364
FGBNMS,2100,SSS,mean,37.976871490478516
FGBNMS,2100,SSS,stdev,0.13251519203186035
FKNMS,1990,SSS,mean,36.30638885498047
FKNMS,1990,SSS,stdev,0.011215396225452423
FKNMS,1991,SSS,mean,36.29778289794922
FKNMS,1991,SSS,stdev,0.011129623278975487
FKNMS,1992,SSS,mean,36.29924392700195
FKNMS,1992,SSS,stdev,0.011415417306125164
FKNMS,1993,SSS,mean,36.28474044799805
FKNMS,1993,SSS,stdev,0.011182344518601894
FKNMS,1994,SSS,mean,36.27999496459961
FKNMS,1994,SSS,stdev,0.011456253938376904
FKNMS,1995,SSS,mean,36.2875862121582
FKNMS,1995,SSS,stdev,0.012267164885997772
FKNMS,1996,SSS,mean,36.271751403808594
FKNMS,1996,SSS,stdev,0.011946297250688076
FKNMS,1997,SSS,mean,36.30033874511719
FKNMS,1997,SSS,stdev,0.011088358238339424
FKNMS,1998,SSS,mean,36.298187255859375
FKNMS,1998,SSS,stdev,0.011782771907746792
FKNMS,1999,SSS,mean,36.3084716796875
FKNMS,1999,SSS,stdev,0.010876700282096863
FKNMS,2000,SSS,mean,36.302032470703125
FKNMS,2000,SSS,stdev,0.011562089435756207
FKNMS,2001,SSS,mean,36.294456481933594
FKNMS,2001,SSS,stdev,0.010665462352335453
FKNMS,2002,SSS,mean,36.32755661010742
FKNMS,2002,SSS,stdev,0.010753940790891647
FKNMS,2003,SSS,mean,36.35270690917969
FKNMS,2003,SSS,stdev,0.01098815817385912
FKNMS,2004,SSS,mean,36.359619140625
FKNMS,2004,SSS,stdev,0.010348623618483543
FKNMS,2005,SSS,mean,36.37081527709961
FKNMS,2005,SSS,stdev,0.010557894594967365
FKNMS,2006,SSS,mean,36.36822509765625
FKNMS,2006,SSS,stdev,0.010894900187849998
FKNMS,2007,SSS,mean,36.374149322509766
FKNMS,2007,SSS,stdev,0.010988681577146053
FKNMS,2008,SSS,mean,36.36739730834961
FKNMS,2008,SSS,stdev,0.011182446964085102
FKNMS,2009,SSS,mean,36.401973724365234
FKNMS,2009,SSS,stdev,0.01084198523312807
FKNMS,2010,SSS,mean,36.423545837402344
FKNMS,2010,SSS,stdev,0.010697861202061176
FKNMS,2011,SSS,mean,36.4324951171875
FKNMS,2011,SSS,stdev,0.011651914566755295
FKNMS,2012,SSS,mean,36.42451477050781
FKNMS,2012,SSS,stdev,0.010893315076828003
FKNMS,2013,SSS,mean,36.43647384643555
FKNMS,2013,SSS,stdev,0.010814376175403595
FKNMS,2014,SSS,mean,36.44345474243164
FKNMS,2014,SSS,stdev,0.011057971976697445
FKNMS,2015,SSS,mean,36.453678131103516
FKNMS,2015,SSS,stdev,0.01158197782933712
FKNMS,2016,SSS,mean,36.45317459106445
FKNMS,2016,SSS,stdev,0.011563543230295181
FKNMS,2017,SSS,mean,36.461082458496094
FKNMS,2017,SSS,stdev,0.010789436288177967
FKNMS,2018,SSS,mean,36.479713439941406
FKNMS,2018,SSS,stdev,0.01132497563958168
FKNMS,2019,SSS,mean,36.4803581237793
FKNMS,2019,SSS,stdev,0.011122024618089199
FKNMS,2020,SSS,mean,36.481483459472656
FKNMS,2020,SSS,stdev,0.0110195092856884
FKNMS,2021,SSS,mean,36.505306243896484
FKNMS,2021,SSS,stdev,0.011346356011927128
FKNMS,2022,SSS,mean,36.51765441894531
FKNMS,2022,SSS,stdev,0.010499228723347187
FKNMS,2023,SSS,mean,36.531490325927734
FKNMS,2023,SSS,stdev,0.011344792321324348
FKNMS,2024,SSS,mean,36.53017044067383
FKNMS,2024,SSS,stdev,0.011297657154500484
FKNMS,2025,SSS,mean,36.536598205566406
FKNMS,2025,SSS,stdev,0.01124456338584423
FKNMS,2026,SSS,mean,36.54072570800781
FKNMS,2026,SSS,stdev,0.011277648620307446
FKNMS,2027,SSS,mean,36.575801849365234
FKNMS,2027,SSS,stdev,0.010973768308758736
FKNMS,2028,SSS,mean,36.583126068115234
FKNMS,2028,SSS,stdev,0.010583385825157166
FKNMS,2029,SSS,mean,36.597599029541016
FKNMS,2029,SSS,stdev,0.011576666496694088
FKNMS,2030,SSS,mean,36.590248107910156
FKNMS,2030,SSS,stdev,0.011614007875323296
FKNMS,2031,SSS,mean,36.605369567871094
FKNMS,2031,SSS,stdev,0.010179445147514343
FKNMS,2032,SSS,mean,36.63665771484375
FKNMS,2032,SSS,stdev,0.011013765819370747
FKNMS,2033,SSS,mean,36.63838577270508
FKNMS,2033,SSS,stdev,0.010977844707667828
FKNMS,2034,SSS,mean,36.638607025146484
FKNMS,2034,SSS,stdev,0.011105070821940899
FKNMS,2035,SSS,mean,36.64339828491211
FKNMS,2035,SSS,stdev,0.010747337713837624
FKNMS,2036,SSS,mean,36.649078369140625
FKNMS,2036,SSS,stdev,0.010080902837216854
FKNMS,2037,SSS,mean,36.677886962890625
FKNMS,2037,SSS,stdev,0.010296875610947609
FKNMS,2038,SSS,mean,36.69013595581055
FKNMS,2038,SSS,stdev,0.010983101092278957
FKNMS,2039,SSS,mean,36.70732116699219
FKNMS,2039,SSS,stdev,0.011758904904127121
FKNMS,2040,SSS,mean,36.705055236816406
FKNMS,2040,SSS,stdev,0.011296477168798447
FKNMS,2041,SSS,mean,36.70740509033203
FKNMS,2041,SSS,stdev,0.010953010991215706
FKNMS,2042,SSS,mean,36.722206115722656
FKNMS,2042,SSS,stdev,0.011272619478404522
FKNMS,2043,SSS,mean,36.7469367980957
FKNMS,2043,SSS,stdev,0.011325698345899582
FKNMS,2044,SSS,mean,36.779720306396484
FKNMS,2044,SSS,stdev,0.01038166880607605
FKNMS,2045,SSS,mean,36.79295349121094
FKNMS,2045,SSS,stdev,0.011913956142961979
FKNMS,2046,SSS,mean,36.78933334350586
FKNMS,2046,SSS,stdev,0.011397448368370533
FKNMS,2047,SSS,mean,36.80671691894531
FKNMS,2047,SSS,stdev,0.01074469555169344
FKNMS,2048,SSS,mean,36.8251953125
FKNMS,2048,SSS,stdev,0.010578278452157974
FKNMS,2049,SSS,mean,36.85054397583008
FKNMS,2049,SSS,stdev,0.010229884646832943
FKNMS,2050,SSS,mean,36.87342071533203
FKNMS,2050,SSS,stdev,0.01059762854129076
FKNMS,2051,SSS,mean,36.880210876464844
FKNMS,2051,SSS,stdev,0.010343960486352444
FKNMS,2052,SSS,mean,36.898075103759766
FKNMS,2052,SSS,stdev,0.010288072749972343
FKNMS,2053,SSS,mean,36.9125862121582
FKNMS,2053,SSS,stdev,0.011085589416325092
FKNMS,2054,SSS,mean,36.90793991088867
FKNMS,2054,SSS,stdev,0.011159563437104225
FKNMS,2055,SSS,mean,36.926761627197266
FKNMS,2055,SSS,stdev,0.011151839047670364
FKNMS,2056,SSS,mean,36.938663482666016
FKNMS,2056,SSS,stdev,0.010576784610748291
FKNMS,2057,SSS,mean,36.954376220703125
FKNMS,2057,SSS,stdev,0.009780758991837502
FKNMS,2058,SSS,mean,36.98396682739258
FKNMS,2058,SSS,stdev,0.010832276195287704
FKNMS,2059,SSS,mean,37.004859924316406
FKNMS,2059,SSS,stdev,0.010318616405129433
FKNMS,2060,SSS,mean,37.02480697631836
FKNMS,2060,SSS,stdev,0.010587627068161964
FKNMS,2061,SSS,mean,37.023555755615234
FKNMS,2061,SSS,stdev,0.010218109004199505
FKNMS,2062,SSS,mean,37.04256057739258
FKNMS,2062,SSS,stdev,0.010087421163916588
FKNMS,2063,SSS,mean,37.061527252197266
FKNMS,2063,SSS,stdev,0.010073657147586346
FKNMS,2064,SSS,mean,37.066810607910156
FKNMS,2064,SSS,stdev,0.01064840704202652
FKNMS,2065,SSS,mean,37.10285949707031
FKNMS,2065,SSS,stdev,0.010582874529063702
FKNMS,2066,SSS,mean,37.122318267822266
FKNMS,2066,SSS,stdev,0.010680310428142548
FKNMS,2067,SSS,mean,37.1343879699707
FKNMS,2067,SSS,stdev,0.010812240652740002
FKNMS,2068,SSS,mean,37.15291976928711
FKNMS,2068,SSS,stdev,0.010311633348464966
FKNMS,2069,SSS,mean,37.16756820678711
FKNMS,2069,SSS,stdev,0.009750738739967346
FKNMS,2070,SSS,mean,37.196624755859375
FKNMS,2070,SSS,stdev,0.010148538276553154
FKNMS,2071,SSS,mean,37.21555709838867
FKNMS,2071,SSS,stdev,0.009636967442929745
FKNMS,2072,SSS,mean,37.26203155517578
FKNMS,2072,SSS,stdev,0.009940801188349724
FKNMS,2073,SSS,mean,37.27018737792969
FKNMS,2073,SSS,stdev,0.009656061418354511
FKNMS,2074,SSS,mean,37.31313705444336
FKNMS,2074,SSS,stdev,0.010210191830992699
FKNMS,2075,SSS,mean,37.30924987792969
FKNMS,2075,SSS,stdev,0.010690449737012386
FKNMS,2076,SSS,mean,37.31777572631836
FKNMS,2076,SSS,stdev,0.010491739958524704
FKNMS,2077,SSS,mean,37.34366989135742
FKNMS,2077,SSS,stdev,0.009622960351407528
FKNMS,2078,SSS,mean,37.35301208496094
FKNMS,2078,SSS,stdev,0.010598230175673962
FKNMS,2079,SSS,mean,37.382266998291016
FKNMS,2079,SSS,stdev,0.010403407737612724
FKNMS,2080,SSS,mean,37.382659912109375
FKNMS,2080,SSS,stdev,0.010969016700983047
FKNMS,2081,SSS,mean,37.388206481933594
FKNMS,2081,SSS,stdev,0.010865352116525173
FKNMS,2082,SSS,mean,37.43235397338867
FKNMS,2082,SSS,stdev,0.009542611427605152
FKNMS,2083,SSS,mean,37.46424865722656
FKNMS,2083,SSS,stdev,0.010022480972111225
FKNMS,2084,SSS,mean,37.47725296020508
FKNMS,2084,SSS,stdev,0.010625442489981651
FKNMS,2085,SSS,mean,37.495304107666016
FKNMS,2085,SSS,stdev,0.010910937562584877
FKNMS,2086,SSS,mean,37.51968765258789
FKNMS,2086,SSS,stdev,0.01091519370675087
FKNMS,2087,SSS,mean,37.53196716308594
FKNMS,2087,SSS,stdev,0.011110752820968628
FKNMS,2088,SSS,mean,37.544189453125
FKNMS,2088,SSS,stdev,0.011663069948554039
FKNMS,2089,SSS,mean,37.54102325439453
FKNMS,2089,SSS,stdev,0.01076920609921217
FKNMS,2090,SSS,mean,37.577789306640625
FKNMS,2090,SSS,stdev,0.010204581543803215
FKNMS,2091,SSS,mean,37.608028411865234
FKNMS,2091,SSS,stdev,0.010480997152626514
FKNMS,2092,SSS,mean,37.628395080566406
FKNMS,2092,SSS,stdev,0.010213276371359825
FKNMS,2093,SSS,mean,37.646610260009766
FKNMS,2093,SSS,stdev,0.010270149447023869
FKNMS,2094,SSS,mean,37.688682556152344
FKNMS,2094,SSS,stdev,0.01017630286514759
FKNMS,2095,SSS,mean,37.71556854248047
FKNMS,2095,SSS,stdev,0.010891740210354328
FKNMS,2096,SSS,mean,37.71184158325195
FKNMS,2096,SSS,stdev,0.011405432596802711
FKNMS,2097,SSS,mean,37.740909576416016
FKNMS,2097,SSS,stdev,0.011077877134084702
FKNMS,2098,SSS,mean,37.76174545288086
FKNMS,2098,SSS,stdev,0.011783652938902378
FKNMS,2099,SSS,mean,37.77973175048828
FKNMS,2099,SSS,stdev,0.011196170933544636
FKNMS,2100,SSS,mean,37.8210563659668
FKNMS,2100,SSS,stdev,0.011098949238657951
GFNMS,1990,SSS,mean,32.16908264160156
GFNMS,1990,SSS,stdev,0.11848143488168716
GFNMS,1991,SSS,mean,32.12763977050781
GFNMS,1991,SSS,stdev,0.13621516525745392
GFNMS,1992,SSS,mean,32.09359359741211
GFNMS,1992,SSS,stdev,0.14157234132289886
GFNMS,1993,SSS,mean,32.055667877197266
GFNMS,1993,SSS,stdev,0.14994236826896667
GFNMS,1994,SSS,mean,32.052696228027344
GFNMS,1994,SSS,stdev,0.15739372372627258
GFNMS,1995,SSS,mean,32.16054153442383
GFNMS,1995,SSS,stdev,0.10773973912000656
GFNMS,1996,SSS,mean,32.12537384033203
GFNMS,1996,SSS,stdev,0.12512396275997162
GFNMS,1997,SSS,mean,32.120872497558594
GFNMS,1997,SSS,stdev,0.13453367352485657
GFNMS,1998,SSS,mean,32.1292724609375
GFNMS,1998,SSS,stdev,0.13545919954776764
GFNMS,1999,SSS,mean,32.1363410949707
GFNMS,1999,SSS,stdev,0.12362384796142578
GFNMS,2000,SSS,mean,32.14936447143555
GFNMS,2000,SSS,stdev,0.11323956400156021
GFNMS,2001,SSS,mean,32.13585662841797
GFNMS,2001,SSS,stdev,0.10381125658750534
GFNMS,2002,SSS,mean,32.10770797729492
GFNMS,2002,SSS,stdev,0.11523789167404175
GFNMS,2003,SSS,mean,32.11098861694336
GFNMS,2003,SSS,stdev,0.11651969701051712
GFNMS,2004,SSS,mean,32.11928176879883
GFNMS,2004,SSS,stdev,0.10845553129911423
GFNMS,2005,SSS,mean,32.0747184753418
GFNMS,2005,SSS,stdev,0.13740357756614685
GFNMS,2006,SSS,mean,32.13750457763672
GFNMS,2006,SSS,stdev,0.11364971846342087
GFNMS,2007,SSS,mean,32.10319137573242
GFNMS,2007,SSS,stdev,0.12780539691448212
GFNMS,2008,SSS,mean,32.12179183959961
GFNMS,2008,SSS,stdev,0.115840844810009
GFNMS,2009,SSS,mean,32.11203384399414
GFNMS,2009,SSS,stdev,0.11403459310531616
GFNMS,2010,SSS,mean,32.12369918823242
GFNMS,2010,SSS,stdev,0.11178100109100342
GFNMS,2011,SSS,mean,32.12895202636719
GFNMS,2011,SSS,stdev,0.10296740382909775
GFNMS,2012,SSS,mean,32.067256927490234
GFNMS,2012,SSS,stdev,0.1317967027425766
GFNMS,2013,SSS,mean,32.02760314941406
GFNMS,2013,SSS,stdev,0.1324673742055893
GFNMS,2014,SSS,mean,32.05281448364258
GFNMS,2014,SSS,stdev,0.13617964088916779
GFNMS,2015,SSS,mean,32.09832763671875
GFNMS,2015,SSS,stdev,0.11053171753883362
GFNMS,2016,SSS,mean,32.08622360229492
GFNMS,2016,SSS,stdev,0.12054168432950974
GFNMS,2017,SSS,mean,32.087249755859375
GFNMS,2017,SSS,stdev,0.12127158045768738
GFNMS,2018,SSS,mean,32.097816467285156
GFNMS,2018,SSS,stdev,0.10182973742485046
GFNMS,2019,SSS,mean,32.06258773803711
GFNMS,2019,SSS,stdev,0.12637996673583984
GFNMS,2020,SSS,mean,32.040138244628906
GFNMS,2020,SSS,stdev,0.1487959772348404
GFNMS,2021,SSS,mean,32.07258605957031
GFNMS,2021,SSS,stdev,0.12656176090240479
GFNMS,2022,SSS,mean,32.084449768066406
GFNMS,2022,SSS,stdev,0.1174786314368248
GFNMS,2023,SSS,mean,32.09172058105469
GFNMS,2023,SSS,stdev,0.11576493084430695
GFNMS,2024,SSS,mean,32.0868034362793
GFNMS,2024,SSS,stdev,0.11437281221151352
GFNMS,2025,SSS,mean,32.08638000488281
GFNMS,2025,SSS,stdev,0.11075388640165329
GFNMS,2026,SSS,mean,32.07550811767578
GFNMS,2026,SSS,stdev,0.08883022516965866
GFNMS,2027,SSS,mean,32.0521240234375
GFNMS,2027,SSS,stdev,0.11615649610757828
GFNMS,2028,SSS,mean,31.99966049194336
GFNMS,2028,SSS,stdev,0.14250686764717102
GFNMS,2029,SSS,mean,32.008792877197266
GFNMS,2029,SSS,stdev,0.12343408167362213
GFNMS,2030,SSS,mean,31.994306564331055
GFNMS,2030,SSS,stdev,0.1369865983724594
GFNMS,2031,SSS,mean,32.013980865478516
GFNMS,2031,SSS,stdev,0.13724154233932495
GFNMS,2032,SSS,mean,32.025245666503906
GFNMS,2032,SSS,stdev,0.12174665927886963
GFNMS,2033,SSS,mean,32.02113723754883
GFNMS,2033,SSS,stdev,0.11803934723138809
GFNMS,2034,SSS,mean,31.983604431152344
GFNMS,2034,SSS,stdev,0.13485413789749146
GFNMS,2035,SSS,mean,31.985654830932617
GFNMS,2035,SSS,stdev,0.1247391551733017
GFNMS,2036,SSS,mean,31.925085067749023
GFNMS,2036,SSS,stdev,0.15792687237262726
GFNMS,2037,SSS,mean,31.968517303466797
GFNMS,2037,SSS,stdev,0.13419729471206665
GFNMS,2038,SSS,mean,31.959747314453125
GFNMS,2038,SSS,stdev,0.13110429048538208
GFNMS,2039,SSS,mean,31.97797966003418
GFNMS,2039,SSS,stdev,0.13514851033687592
GFNMS,2040,SSS,mean,32.00497055053711
GFNMS,2040,SSS,stdev,0.10501444339752197
GFNMS,2041,SSS,mean,31.919052124023438
GFNMS,2041,SSS,stdev,0.15192927420139313
GFNMS,2042,SSS,mean,31.996578216552734
GFNMS,2042,SSS,stdev,0.09946539998054504
GFNMS,2043,SSS,mean,31.984270095825195
GFNMS,2043,SSS,stdev,0.11594396084547043
GFNMS,2044,SSS,mean,31.975078582763672
GFNMS,2044,SSS,stdev,0.12588882446289062
GFNMS,2045,SSS,mean,31.917757034301758
GFNMS,2045,SSS,stdev,0.13816878199577332
GFNMS,2046,SSS,mean,31.88251495361328
GFNMS,2046,SSS,stdev,0.13924773037433624
GFNMS,2047,SSS,mean,31.891767501831055
GFNMS,2047,SSS,stdev,0.13725711405277252
GFNMS,2048,SSS,mean,31.933706283569336
GFNMS,2048,SSS,stdev,0.12352398782968521
GFNMS,2049,SSS,mean,31.93391990661621
GFNMS,2049,SSS,stdev,0.11205608397722244
GFNMS,2050,SSS,mean,31.912572860717773
GFNMS,2050,SSS,stdev,0.12318367511034012
GFNMS,2051,SSS,mean,31.896820068359375
GFNMS,2051,SSS,stdev,0.13771042227745056
GFNMS,2052,SSS,mean,31.958101272583008
GFNMS,2052,SSS,stdev,0.10081440210342407
GFNMS,2053,SSS,mean,31.952802658081055
GFNMS,2053,SSS,stdev,0.09580672532320023
GFNMS,2054,SSS,mean,31.900592803955078
GFNMS,2054,SSS,stdev,0.12179715931415558
GFNMS,2055,SSS,mean,31.939395904541016
GFNMS,2055,SSS,stdev,0.10327152907848358
GFNMS,2056,SSS,mean,31.868328094482422
GFNMS,2056,SSS,stdev,0.1303197145462036
GFNMS,2057,SSS,mean,31.8493595123291
GFNMS,2057,SSS,stdev,0.13361695408821106
GFNMS,2058,SSS,mean,31.835460662841797
GFNMS,2058,SSS,stdev,0.13464577496051788
GFNMS,2059,SSS,mean,31.893115997314453
GFNMS,2059,SSS,stdev,0.10981772094964981
GFNMS,2060,SSS,mean,31.91739845275879
GFNMS,2060,SSS,stdev,0.09662733227014542
GFNMS,2061,SSS,mean,31.860626220703125
GFNMS,2061,SSS,stdev,0.12075993418693542
GFNMS,2062,SSS,mean,31.816102981567383
GFNMS,2062,SSS,stdev,0.130013570189476
GFNMS,2063,SSS,mean,31.80023765563965
GFNMS,2063,SSS,stdev,0.12490641325712204
GFNMS,2064,SSS,mean,31.790157318115234
GFNMS,2064,SSS,stdev,0.13799062371253967
GFNMS,2065,SSS,mean,31.81340217590332
GFNMS,2065,SSS,stdev,0.13317647576332092
GFNMS,2066,SSS,mean,31.846406936645508
GFNMS,2066,SSS,stdev,0.12909340858459473
GFNMS,2067,SSS,mean,31.802732467651367
GFNMS,2067,SSS,stdev,0.15328435599803925
GFNMS,2068,SSS,mean,31.795244216918945
GFNMS,2068,SSS,stdev,0.13865621387958527
GFNMS,2069,SSS,mean,31.797853469848633
GFNMS,2069,SSS,stdev,0.1273888200521469
GFNMS,2070,SSS,mean,31.815059661865234
GFNMS,2070,SSS,stdev,0.10321654379367828
GFNMS,2071,SSS,mean,31.789743423461914
GFNMS,2071,SSS,stdev,0.10622310638427734
GFNMS,2072,SSS,mean,31.732662200927734
GFNMS,2072,SSS,stdev,0.14720699191093445
GFNMS,2073,SSS,mean,31.777137756347656
GFNMS,2073,SSS,stdev,0.10594852268695831
GFNMS,2074,SSS,mean,31.722562789916992
GFNMS,2074,SSS,stdev,0.13517922163009644
GFNMS,2075,SSS,mean,31.642047882080078
GFNMS,2075,SSS,stdev,0.17434044182300568
GFNMS,2076,SSS,mean,31.736989974975586
GFNMS,2076,SSS,stdev,0.10570865869522095
GFNMS,2077,SSS,mean,31.67551040649414
GFNMS,2077,SSS,stdev,0.14884628355503082
GFNMS,2078,SSS,mean,31.68869400024414
GFNMS,2078,SSS,stdev,0.13260073959827423
GFNMS,2079,SSS,mean,31.67295265197754
GFNMS,2079,SSS,stdev,0.1442975252866745
GFNMS,2080,SSS,mean,31.67890167236328
GFNMS,2080,SSS,stdev,0.1384381800889969
GFNMS,2081,SSS,mean,31.680099487304688
GFNMS,2081,SSS,stdev,0.12838493287563324
GFNMS,2082,SSS,mean,31.661489486694336
GFNMS,2082,SSS,stdev,0.14265669882297516
GFNMS,2083,SSS,mean,31.64592933654785
GFNMS,2083,SSS,stdev,0.15663792192935944
GFNMS,2084,SSS,mean,31.637081146240234
GFNMS,2084,SSS,stdev,0.14480681717395782
GFNMS,2085,SSS,mean,31.618555068969727
GFNMS,2085,SSS,stdev,0.14804598689079285
GFNMS,2086,SSS,mean,31.645309448242188
GFNMS,2086,SSS,stdev,0.12875042855739594
GFNMS,2087,SSS,mean,31.6700382232666
GFNMS,2087,SSS,stdev,0.12121383100748062
GFNMS,2088,SSS,mean,31.611183166503906
GFNMS,2088,SSS,stdev,0.14903929829597473
GFNMS,2089,SSS,mean,31.64104652404785
GFNMS,2089,SSS,stdev,0.1078614890575409
GFNMS,2090,SSS,mean,31.607494354248047
GFNMS,2090,SSS,stdev,0.1277303397655487
GFNMS,2091,SSS,mean,31.54534339904785
GFNMS,2091,SSS,stdev,0.15610235929489136
GFNMS,2092,SSS,mean,31.609485626220703
GFNMS,2092,SSS,stdev,0.1192556843161583
GFNMS,2093,SSS,mean,31.623565673828125
GFNMS,2093,SSS,stdev,0.1143602803349495
GFNMS,2094,SSS,mean,31.580141067504883
GFNMS,2094,SSS,stdev,0.13777253031730652
GFNMS,2095,SSS,mean,31.56431007385254
GFNMS,2095,SSS,stdev,0.1445080190896988
GFNMS,2096,SSS,mean,31.486541748046875
GFNMS,2096,SSS,stdev,0.17626868188381195
GFNMS,2097,SSS,mean,31.56671905517578
GFNMS,2097,SSS,stdev,0.13207581639289856
GFNMS,2098,SSS,mean,31.51576805114746
GFNMS,2098,SSS,stdev,0.14089402556419373
GFNMS,2099,SSS,mean,31.529003143310547
GFNMS,2099,SSS,stdev,0.1265551745891571
GFNMS,2100,SSS,mean,31.530149459838867
GFNMS,2100,SSS,stdev,0.12095672637224197
GRNMS,1990,SSS,mean,36.148536682128906
GRNMS,1990,SSS,stdev,0
GRNMS,1991,SSS,mean,36.12944412231445
GRNMS,1991,SSS,stdev,0
GRNMS,1992,SSS,mean,36.11833572387695
GRNMS,1992,SSS,stdev,0
GRNMS,1993,SSS,mean,36.13505172729492
GRNMS,1993,SSS,stdev,0
GRNMS,1994,SSS,mean,36.14267349243164
GRNMS,1994,SSS,stdev,0
GRNMS,1995,SSS,mean,36.139122009277344
GRNMS,1995,SSS,stdev,0
GRNMS,1996,SSS,mean,36.13386154174805
GRNMS,1996,SSS,stdev,0
GRNMS,1997,SSS,mean,36.17509078979492
GRNMS,1997,SSS,stdev,0
GRNMS,1998,SSS,mean,36.158119201660156
GRNMS,1998,SSS,stdev,0
GRNMS,1999,SSS,mean,36.12876892089844
GRNMS,1999,SSS,stdev,0
GRNMS,2000,SSS,mean,36.15540313720703
GRNMS,2000,SSS,stdev,0
GRNMS,2001,SSS,mean,36.13612365722656
GRNMS,2001,SSS,stdev,0
GRNMS,2002,SSS,mean,36.139041900634766
GRNMS,2002,SSS,stdev,0
GRNMS,2003,SSS,mean,36.163394927978516
GRNMS,2003,SSS,stdev,0
GRNMS,2004,SSS,mean,36.20330047607422
GRNMS,2004,SSS,stdev,0
GRNMS,2005,SSS,mean,36.180946350097656
GRNMS,2005,SSS,stdev,0
GRNMS,2006,SSS,mean,36.189903259277344
GRNMS,2006,SSS,stdev,0
GRNMS,2007,SSS,mean,36.202171325683594
GRNMS,2007,SSS,stdev,0
GRNMS,2008,SSS,mean,36.23554611206055
GRNMS,2008,SSS,stdev,0
GRNMS,2009,SSS,mean,36.26100158691406
GRNMS,2009,SSS,stdev,0
GRNMS,2010,SSS,mean,36.256378173828125
GRNMS,2010,SSS,stdev,0
GRNMS,2011,SSS,mean,36.27305603027344
GRNMS,2011,SSS,stdev,0
GRNMS,2012,SSS,mean,36.2803955078125
GRNMS,2012,SSS,stdev,0
GRNMS,2013,SSS,mean,36.273887634277344
GRNMS,2013,SSS,stdev,0
GRNMS,2014,SSS,mean,36.283042907714844
GRNMS,2014,SSS,stdev,0
GRNMS,2015,SSS,mean,36.305355072021484
GRNMS,2015,SSS,stdev,0
GRNMS,2016,SSS,mean,36.307430267333984
GRNMS,2016,SSS,stdev,0
GRNMS,2017,SSS,mean,36.261592864990234
GRNMS,2017,SSS,stdev,0
GRNMS,2018,SSS,mean,36.35306167602539
GRNMS,2018,SSS,stdev,0
GRNMS,2019,SSS,mean,36.30812072753906
GRNMS,2019,SSS,stdev,0
GRNMS,2020,SSS,mean,36.30065155029297
GRNMS,2020,SSS,stdev,0
GRNMS,2021,SSS,mean,36.36664581298828
GRNMS,2021,SSS,stdev,0
GRNMS,2022,SSS,mean,36.340274810791016
GRNMS,2022,SSS,stdev,0
GRNMS,2023,SSS,mean,36.38665008544922
GRNMS,2023,SSS,stdev,0
GRNMS,2024,SSS,mean,36.36509704589844
GRNMS,2024,SSS,stdev,0
GRNMS,2025,SSS,mean,36.34579849243164
GRNMS,2025,SSS,stdev,0
GRNMS,2026,SSS,mean,36.4066047668457
GRNMS,2026,SSS,stdev,0
GRNMS,2027,SSS,mean,36.382747650146484
GRNMS,2027,SSS,stdev,0
GRNMS,2028,SSS,mean,36.369049072265625
GRNMS,2028,SSS,stdev,0
GRNMS,2029,SSS,mean,36.41229248046875
GRNMS,2029,SSS,stdev,0
GRNMS,2030,SSS,mean,36.42499923706055
GRNMS,2030,SSS,stdev,0
GRNMS,2031,SSS,mean,36.3821907043457
GRNMS,2031,SSS,stdev,0
GRNMS,2032,SSS,mean,36.45323181152344
GRNMS,2032,SSS,stdev,0
GRNMS,2033,SSS,mean,36.45384216308594
GRNMS,2033,SSS,stdev,0
GRNMS,2034,SSS,mean,36.442317962646484
GRNMS,2034,SSS,stdev,0
GRNMS,2035,SSS,mean,36.45277404785156
GRNMS,2035,SSS,stdev,0
GRNMS,2036,SSS,mean,36.42903137207031
GRNMS,2036,SSS,stdev,0
GRNMS,2037,SSS,mean,36.44990539550781
GRNMS,2037,SSS,stdev,0
GRNMS,2038,SSS,mean,36.514286041259766
GRNMS,2038,SSS,stdev,0
GRNMS,2039,SSS,mean,36.52394104003906
GRNMS,2039,SSS,stdev,0
GRNMS,2040,SSS,mean,36.510799407958984
GRNMS,2040,SSS,stdev,0
GRNMS,2041,SSS,mean,36.510414123535156
GRNMS,2041,SSS,stdev,0
GRNMS,2042,SSS,mean,36.5404052734375
GRNMS,2042,SSS,stdev,0
GRNMS,2043,SSS,mean,36.56006622314453
GRNMS,2043,SSS,stdev,0
GRNMS,2044,SSS,mean,36.56871032714844
GRNMS,2044,SSS,stdev,0
GRNMS,2045,SSS,mean,36.62492752075195
GRNMS,2045,SSS,stdev,0
GRNMS,2046,SSS,mean,36.590003967285156
GRNMS,2046,SSS,stdev,0
GRNMS,2047,SSS,mean,36.59272003173828
GRNMS,2047,SSS,stdev,0
GRNMS,2048,SSS,mean,36.60923767089844
GRNMS,2048,SSS,stdev,0
GRNMS,2049,SSS,mean,36.64860534667969
GRNMS,2049,SSS,stdev,0
GRNMS,2050,SSS,mean,36.688560485839844
GRNMS,2050,SSS,stdev,0
GRNMS,2051,SSS,mean,36.668758392333984
GRNMS,2051,SSS,stdev,0
GRNMS,2052,SSS,mean,36.68013000488281
GRNMS,2052,SSS,stdev,0
GRNMS,2053,SSS,mean,36.715614318847656
GRNMS,2053,SSS,stdev,0
GRNMS,2054,SSS,mean,36.70846939086914
GRNMS,2054,SSS,stdev,0
GRNMS,2055,SSS,mean,36.70745086669922
GRNMS,2055,SSS,stdev,0
GRNMS,2056,SSS,mean,36.72038650512695
GRNMS,2056,SSS,stdev,0
GRNMS,2057,SSS,mean,36.72309494018555
GRNMS,2057,SSS,stdev,0
GRNMS,2058,SSS,mean,36.79008483886719
GRNMS,2058,SSS,stdev,0
GRNMS,2059,SSS,mean,36.77715301513672
GRNMS,2059,SSS,stdev,0
GRNMS,2060,SSS,mean,36.807777404785156
GRNMS,2060,SSS,stdev,0
GRNMS,2061,SSS,mean,36.799625396728516
GRNMS,2061,SSS,stdev,0
GRNMS,2062,SSS,mean,36.81760787963867
GRNMS,2062,SSS,stdev,0
GRNMS,2063,SSS,mean,36.80741882324219
GRNMS,2063,SSS,stdev,0
GRNMS,2064,SSS,mean,36.837669372558594
GRNMS,2064,SSS,stdev,0
GRNMS,2065,SSS,mean,36.88254165649414
GRNMS,2065,SSS,stdev,0
GRNMS,2066,SSS,mean,36.88066101074219
GRNMS,2066,SSS,stdev,0
GRNMS,2067,SSS,mean,36.88666915893555
GRNMS,2067,SSS,stdev,0
GRNMS,2068,SSS,mean,36.91224670410156
GRNMS,2068,SSS,stdev,0
GRNMS,2069,SSS,mean,36.911956787109375
GRNMS,2069,SSS,stdev,0
GRNMS,2070,SSS,mean,36.950191497802734
GRNMS,2070,SSS,stdev,0
GRNMS,2071,SSS,mean,36.962974548339844
GRNMS,2071,SSS,stdev,0
GRNMS,2072,SSS,mean,36.995079040527344
GRNMS,2072,SSS,stdev,0
GRNMS,2073,SSS,mean,37.0058479309082
GRNMS,2073,SSS,stdev,0
GRNMS,2074,SSS,mean,37.05280685424805
GRNMS,2074,SSS,stdev,0
GRNMS,2075,SSS,mean,37.06000518798828
GRNMS,2075,SSS,stdev,0
GRNMS,2076,SSS,mean,37.10597229003906
GRNMS,2076,SSS,stdev,0
GRNMS,2077,SSS,mean,37.03636169433594
GRNMS,2077,SSS,stdev,0
GRNMS,2078,SSS,mean,37.10591125488281
GRNMS,2078,SSS,stdev,0
GRNMS,2079,SSS,mean,37.11408996582031
GRNMS,2079,SSS,stdev,0
GRNMS,2080,SSS,mean,37.126190185546875
GRNMS,2080,SSS,stdev,0
GRNMS,2081,SSS,mean,37.14072799682617
GRNMS,2081,SSS,stdev,0
GRNMS,2082,SSS,mean,37.152889251708984
GRNMS,2082,SSS,stdev,0
GRNMS,2083,SSS,mean,37.16267013549805
GRNMS,2083,SSS,stdev,0
GRNMS,2084,SSS,mean,37.20572280883789
GRNMS,2084,SSS,stdev,0
GRNMS,2085,SSS,mean,37.210914611816406
GRNMS,2085,SSS,stdev,0
GRNMS,2086,SSS,mean,37.25873947143555
GRNMS,2086,SSS,stdev,0
GRNMS,2087,SSS,mean,37.28459548950195
GRNMS,2087,SSS,stdev,0
GRNMS,2088,SSS,mean,37.288330078125
GRNMS,2088,SSS,stdev,0
GRNMS,2089,SSS,mean,37.268035888671875
GRNMS,2089,SSS,stdev,0
GRNMS,2090,SSS,mean,37.3092155456543
GRNMS,2090,SSS,stdev,0
GRNMS,2091,SSS,mean,37.32010269165039
GRNMS,2091,SSS,stdev,0
GRNMS,2092,SSS,mean,37.32377624511719
GRNMS,2092,SSS,stdev,0
GRNMS,2093,SSS,mean,37.352237701416016
GRNMS,2093,SSS,stdev,0
GRNMS,2094,SSS,mean,37.3720817565918
GRNMS,2094,SSS,stdev,0
GRNMS,2095,SSS,mean,37.44865798950195
GRNMS,2095,SSS,stdev,0
GRNMS,2096,SSS,mean,37.440025329589844
GRNMS,2096,SSS,stdev,0
GRNMS,2097,SSS,mean,37.440826416015625
GRNMS,2097,SSS,stdev,0
GRNMS,2098,SSS,mean,37.473453521728516
GRNMS,2098,SSS,stdev,0
GRNMS,2099,SSS,mean,37.48784637451172
GRNMS,2099,SSS,stdev,0
GRNMS,2100,SSS,mean,37.52204895019531
GRNMS,2100,SSS,stdev,0
HIHWNMS,1990,SSS,mean,34.51654815673828
HIHWNMS,1990,SSS,stdev,0.03757791966199875
HIHWNMS,1991,SSS,mean,34.519500732421875
HIHWNMS,1991,SSS,stdev,0.03827233985066414
HIHWNMS,1992,SSS,mean,34.546539306640625
HIHWNMS,1992,SSS,stdev,0.03704065456986427
HIHWNMS,1993,SSS,mean,34.55714797973633
HIHWNMS,1993,SSS,stdev,0.03688323497772217
HIHWNMS,1994,SSS,mean,34.53828048706055
HIHWNMS,1994,SSS,stdev,0.04035419225692749
HIHWNMS,1995,SSS,mean,34.51479721069336
HIHWNMS,1995,SSS,stdev,0.03865954279899597
HIHWNMS,1996,SSS,mean,34.4863395690918
HIHWNMS,1996,SSS,stdev,0.04069643095135689
HIHWNMS,1997,SSS,mean,34.45821762084961
HIHWNMS,1997,SSS,stdev,0.04198598116636276
HIHWNMS,1998,SSS,mean,34.44871520996094
HIHWNMS,1998,SSS,stdev,0.04053309187293053
HIHWNMS,1999,SSS,mean,34.446571350097656
HIHWNMS,1999,SSS,stdev,0.04144708439707756
HIHWNMS,2000,SSS,mean,34.45610046386719
HIHWNMS,2000,SSS,stdev,0.040299948304891586
HIHWNMS,2001,SSS,mean,34.47174835205078
HIHWNMS,2001,SSS,stdev,0.04208004102110863
HIHWNMS,2002,SSS,mean,34.5039176940918
HIHWNMS,2002,SSS,stdev,0.0399433858692646
HIHWNMS,2003,SSS,mean,34.472137451171875
HIHWNMS,2003,SSS,stdev,0.04319247603416443
HIHWNMS,2004,SSS,mean,34.43856430053711
HIHWNMS,2004,SSS,stdev,0.04255030304193497
HIHWNMS,2005,SSS,mean,34.4355583190918
HIHWNMS,2005,SSS,stdev,0.04186359420418739
HIHWNMS,2006,SSS,mean,34.4398193359375
HIHWNMS,2006,SSS,stdev,0.041735488921403885
HIHWNMS,2007,SSS,mean,34.465904235839844
HIHWNMS,2007,SSS,stdev,0.040397047996520996
HIHWNMS,2008,SSS,mean,34.464698791503906
HIHWNMS,2008,SSS,stdev,0.0424383245408535
HIHWNMS,2009,SSS,mean,34.43292236328125
HIHWNMS,2009,SSS,stdev,0.043433986604213715
HIHWNMS,2010,SSS,mean,34.45320510864258
HIHWNMS,2010,SSS,stdev,0.04158544912934303
HIHWNMS,2011,SSS,mean,34.4610710144043
HIHWNMS,2011,SSS,stdev,0.04245373606681824
HIHWNMS,2012,SSS,mean,34.436805725097656
HIHWNMS,2012,SSS,stdev,0.04398311674594879
HIHWNMS,2013,SSS,mean,34.40915298461914
HIHWNMS,2013,SSS,stdev,0.04386639967560768
HIHWNMS,2014,SSS,mean,34.39008331298828
HIHWNMS,2014,SSS,stdev,0.04270390048623085
HIHWNMS,2015,SSS,mean,34.40084457397461
HIHWNMS,2015,SSS,stdev,0.03921356797218323
HIHWNMS,2016,SSS,mean,34.39013671875
HIHWNMS,2016,SSS,stdev,0.044309280812740326
HIHWNMS,2017,SSS,mean,34.36737060546875
HIHWNMS,2017,SSS,stdev,0.043718501925468445
HIHWNMS,2018,SSS,mean,34.37290954589844
HIHWNMS,2018,SSS,stdev,0.04036150872707367
HIHWNMS,2019,SSS,mean,34.38472366333008
HIHWNMS,2019,SSS,stdev,0.04445664584636688
HIHWNMS,2020,SSS,mean,34.387393951416016
HIHWNMS,2020,SSS,stdev,0.042474422603845596
HIHWNMS,2021,SSS,mean,34.36463928222656
HIHWNMS,2021,SSS,stdev,0.041704703122377396
HIHWNMS,2022,SSS,mean,34.3564567565918
HIHWNMS,2022,SSS,stdev,0.04274694621562958
HIHWNMS,2023,SSS,mean,34.36457824707031
HIHWNMS,2023,SSS,stdev,0.04070919379591942
HIHWNMS,2024,SSS,mean,34.38124084472656
HIHWNMS,2024,SSS,stdev,0.04230130836367607
HIHWNMS,2025,SSS,mean,34.41746520996094
HIHWNMS,2025,SSS,stdev,0.041208766400814056
HIHWNMS,2026,SSS,mean,34.425743103027344
HIHWNMS,2026,SSS,stdev,0.043360427021980286
HIHWNMS,2027,SSS,mean,34.40325927734375
HIHWNMS,2027,SSS,stdev,0.043318260461091995
HIHWNMS,2028,SSS,mean,34.42188262939453
HIHWNMS,2028,SSS,stdev,0.04038786515593529
HIHWNMS,2029,SSS,mean,34.43295669555664
HIHWNMS,2029,SSS,stdev,0.04138648509979248
HIHWNMS,2030,SSS,mean,34.44017028808594
HIHWNMS,2030,SSS,stdev,0.04123483970761299
HIHWNMS,2031,SSS,mean,34.42176055908203
HIHWNMS,2031,SSS,stdev,0.0433659590780735
HIHWNMS,2032,SSS,mean,34.42084884643555
HIHWNMS,2032,SSS,stdev,0.04206294193863869
HIHWNMS,2033,SSS,mean,34.41197967529297
HIHWNMS,2033,SSS,stdev,0.042928729206323624
HIHWNMS,2034,SSS,mean,34.39432144165039
HIHWNMS,2034,SSS,stdev,0.04379649832844734
HIHWNMS,2035,SSS,mean,34.43887710571289
HIHWNMS,2035,SSS,stdev,0.0403110608458519
HIHWNMS,2036,SSS,mean,34.451812744140625
HIHWNMS,2036,SSS,stdev,0.04191766306757927
HIHWNMS,2037,SSS,mean,34.420841217041016
HIHWNMS,2037,SSS,stdev,0.04510536789894104
HIHWNMS,2038,SSS,mean,34.38798522949219
HIHWNMS,2038,SSS,stdev,0.042502060532569885
HIHWNMS,2039,SSS,mean,34.342079162597656
HIHWNMS,2039,SSS,stdev,0.044518809765577316
HIHWNMS,2040,SSS,mean,34.347015380859375
HIHWNMS,2040,SSS,stdev,0.04108148068189621
HIHWNMS,2041,SSS,mean,34.415557861328125
HIHWNMS,2041,SSS,stdev,0.04079528525471687
HIHWNMS,2042,SSS,mean,34.435420989990234
HIHWNMS,2042,SSS,stdev,0.040586136281490326
HIHWNMS,2043,SSS,mean,34.38801574707031
HIHWNMS,2043,SSS,stdev,0.0465504489839077
HIHWNMS,2044,SSS,mean,34.37643814086914
HIHWNMS,2044,SSS,stdev,0.04452882334589958
HIHWNMS,2045,SSS,mean,34.403411865234375
HIHWNMS,2045,SSS,stdev,0.04004804417490959
HIHWNMS,2046,SSS,mean,34.4268798828125
HIHWNMS,2046,SSS,stdev,0.04253855347633362
HIHWNMS,2047,SSS,mean,34.38067626953125
HIHWNMS,2047,SSS,stdev,0.044173166155815125
HIHWNMS,2048,SSS,mean,34.38349533081055
HIHWNMS,2048,SSS,stdev,0.039398059248924255
HIHWNMS,2049,SSS,mean,34.41073989868164
HIHWNMS,2049,SSS,stdev,0.04089410975575447
HIHWNMS,2050,SSS,mean,34.40516662597656
HIHWNMS,2050,SSS,stdev,0.043838463723659515
HIHWNMS,2051,SSS,mean,34.39791488647461
HIHWNMS,2051,SSS,stdev,0.042611490935087204
HIHWNMS,2052,SSS,mean,34.37589645385742
HIHWNMS,2052,SSS,stdev,0.040922198444604874
HIHWNMS,2053,SSS,mean,34.38676452636719
HIHWNMS,2053,SSS,stdev,0.042505018413066864
HIHWNMS,2054,SSS,mean,34.35578918457031
HIHWNMS,2054,SSS,stdev,0.04398290440440178
HIHWNMS,2055,SSS,mean,34.34332275390625
HIHWNMS,2055,SSS,stdev,0.042875342071056366
HIHWNMS,2056,SSS,mean,34.371543884277344
HIHWNMS,2056,SSS,stdev,0.03883396461606026
HIHWNMS,2057,SSS,mean,34.39238357543945
HIHWNMS,2057,SSS,stdev,0.041285090148448944
HIHWNMS,2058,SSS,mean,34.38758087158203
HIHWNMS,2058,SSS,stdev,0.03891780972480774
HIHWNMS,2059,SSS,mean,34.417625427246094
HIHWNMS,2059,SSS,stdev,0.03925188258290291
HIHWNMS,2060,SSS,mean,34.4179573059082
HIHWNMS,2060,SSS,stdev,0.04217582568526268
HIHWNMS,2061,SSS,mean,34.38933563232422
HIHWNMS,2061,SSS,stdev,0.04071655124425888
HIHWNMS,2062,SSS,mean,34.391910552978516
HIHWNMS,2062,SSS,stdev,0.04142342880368233
HIHWNMS,2063,SSS,mean,34.384159088134766
HIHWNMS,2063,SSS,stdev,0.040678177028894424
HIHWNMS,2064,SSS,mean,34.39719009399414
HIHWNMS,2064,SSS,stdev,0.03991115838289261
HIHWNMS,2065,SSS,mean,34.36686325073242
HIHWNMS,2065,SSS,stdev,0.04293740913271904
HIHWNMS,2066,SSS,mean,34.34446334838867
HIHWNMS,2066,SSS,stdev,0.04130985587835312
HIHWNMS,2067,SSS,mean,34.351829528808594
HIHWNMS,2067,SSS,stdev,0.04001864045858383
HIHWNMS,2068,SSS,mean,34.33085632324219
HIHWNMS,2068,SSS,stdev,0.04190817475318909
HIHWNMS,2069,SSS,mean,34.342315673828125
HIHWNMS,2069,SSS,stdev,0.03791657090187073
HIHWNMS,2070,SSS,mean,34.3926887512207
HIHWNMS,2070,SSS,stdev,0.03655162453651428
HIHWNMS,2071,SSS,mean,34.410186767578125
HIHWNMS,2071,SSS,stdev,0.04037456959486008
HIHWNMS,2072,SSS,mean,34.40835189819336
HIHWNMS,2072,SSS,stdev,0.03872055932879448
HIHWNMS,2073,SSS,mean,34.44635772705078
HIHWNMS,2073,SSS,stdev,0.03838426247239113
HIHWNMS,2074,SSS,mean,34.40488815307617
HIHWNMS,2074,SSS,stdev,0.0428871251642704
HIHWNMS,2075,SSS,mean,34.42417907714844
HIHWNMS,2075,SSS,stdev,0.03944889456033707
HIHWNMS,2076,SSS,mean,34.41857147216797
HIHWNMS,2076,SSS,stdev,0.040739480406045914
HIHWNMS,2077,SSS,mean,34.416473388671875
HIHWNMS,2077,SSS,stdev,0.04126511514186859
HIHWNMS,2078,SSS,mean,34.39451217651367
HIHWNMS,2078,SSS,stdev,0.038889478892087936
HIHWNMS,2079,SSS,mean,34.39731216430664
HIHWNMS,2079,SSS,stdev,0.040542811155319214
HIHWNMS,2080,SSS,mean,34.41294860839844
HIHWNMS,2080,SSS,stdev,0.038691554218530655
HIHWNMS,2081,SSS,mean,34.398597717285156
HIHWNMS,2081,SSS,stdev,0.0420493520796299
HIHWNMS,2082,SSS,mean,34.348663330078125
HIHWNMS,2082,SSS,stdev,0.04487478360533714
HIHWNMS,2083,SSS,mean,34.34562683105469
HIHWNMS,2083,SSS,stdev,0.039233122020959854
HIHWNMS,2084,SSS,mean,34.375091552734375
HIHWNMS,2084,SSS,stdev,0.039760544896125793
HIHWNMS,2085,SSS,mean,34.39305877685547
HIHWNMS,2085,SSS,stdev,0.03958449885249138
HIHWNMS,2086,SSS,mean,34.40262222290039
HIHWNMS,2086,SSS,stdev,0.037835970520973206
HIHWNMS,2087,SSS,mean,34.393218994140625
HIHWNMS,2087,SSS,stdev,0.04240363463759422
HIHWNMS,2088,SSS,mean,34.40582275390625
HIHWNMS,2088,SSS,stdev,0.04074261710047722
HIHWNMS,2089,SSS,mean,34.385684967041016
HIHWNMS,2089,SSS,stdev,0.043477725237607956
HIHWNMS,2090,SSS,mean,34.38017272949219
HIHWNMS,2090,SSS,stdev,0.04289328679442406
HIHWNMS,2091,SSS,mean,34.380714416503906
HIHWNMS,2091,SSS,stdev,0.0423632487654686
HIHWNMS,2092,SSS,mean,34.381919860839844
HIHWNMS,2092,SSS,stdev,0.04273880645632744
HIHWNMS,2093,SSS,mean,34.363990783691406
HIHWNMS,2093,SSS,stdev,0.04131191596388817
HIHWNMS,2094,SSS,mean,34.349159240722656
HIHWNMS,2094,SSS,stdev,0.041981544345617294
HIHWNMS,2095,SSS,mean,34.34125518798828
HIHWNMS,2095,SSS,stdev,0.04300171881914139
HIHWNMS,2096,SSS,mean,34.34649658203125
HIHWNMS,2096,SSS,stdev,0.041413355618715286
HIHWNMS,2097,SSS,mean,34.31317138671875
HIHWNMS,2097,SSS,stdev,0.044003769755363464
HIHWNMS,2098,SSS,mean,34.3139533996582
HIHWNMS,2098,SSS,stdev,0.043838728219270706
HIHWNMS,2099,SSS,mean,34.29365158081055
HIHWNMS,2099,SSS,stdev,0.04202153533697128
HIHWNMS,2100,SSS,mean,34.28110122680664
HIHWNMS,2100,SSS,stdev,0.042080000042915344
MBNMS,1990,SSS,mean,32.37111282348633
MBNMS,1990,SSS,stdev,0.136978417634964
MBNMS,1991,SSS,mean,32.331974029541016
MBNMS,1991,SSS,stdev,0.14578092098236084
MBNMS,1992,SSS,mean,32.299156188964844
MBNMS,1992,SSS,stdev,0.14820334315299988
MBNMS,1993,SSS,mean,32.26688003540039
MBNMS,1993,SSS,stdev,0.15454962849617004
MBNMS,1994,SSS,mean,32.25856399536133
MBNMS,1994,SSS,stdev,0.15557309985160828
MBNMS,1995,SSS,mean,32.35906219482422
MBNMS,1995,SSS,stdev,0.1308363974094391
MBNMS,1996,SSS,mean,32.33067321777344
MBNMS,1996,SSS,stdev,0.14120084047317505
MBNMS,1997,SSS,mean,32.32089614868164
MBNMS,1997,SSS,stdev,0.14343254268169403
MBNMS,1998,SSS,mean,32.33413314819336
MBNMS,1998,SSS,stdev,0.14542172849178314
MBNMS,1999,SSS,mean,32.34022521972656
MBNMS,1999,SSS,stdev,0.14020459353923798
MBNMS,2000,SSS,mean,32.34972381591797
MBNMS,2000,SSS,stdev,0.13429178297519684
MBNMS,2001,SSS,mean,32.3433952331543
MBNMS,2001,SSS,stdev,0.1330452710390091
MBNMS,2002,SSS,mean,32.316768646240234
MBNMS,2002,SSS,stdev,0.1387423276901245
MBNMS,2003,SSS,mean,32.312198638916016
MBNMS,2003,SSS,stdev,0.13600626587867737
MBNMS,2004,SSS,mean,32.32478332519531
MBNMS,2004,SSS,stdev,0.1342640072107315
MBNMS,2005,SSS,mean,32.28043746948242
MBNMS,2005,SSS,stdev,0.1468447744846344
MBNMS,2006,SSS,mean,32.33824920654297
MBNMS,2006,SSS,stdev,0.13413608074188232
MBNMS,2007,SSS,mean,32.31328582763672
MBNMS,2007,SSS,stdev,0.1440727263689041
MBNMS,2008,SSS,mean,32.32540512084961
MBNMS,2008,SSS,stdev,0.1365223228931427
MBNMS,2009,SSS,mean,32.31794738769531
MBNMS,2009,SSS,stdev,0.13714101910591125
MBNMS,2010,SSS,mean,32.3294563293457
MBNMS,2010,SSS,stdev,0.13559269905090332
MBNMS,2011,SSS,mean,32.32707214355469
MBNMS,2011,SSS,stdev,0.1290406584739685
MBNMS,2012,SSS,mean,32.278072357177734
MBNMS,2012,SSS,stdev,0.14595595002174377
MBNMS,2013,SSS,mean,32.25181579589844
MBNMS,2013,SSS,stdev,0.15249945223331451
MBNMS,2014,SSS,mean,32.26255416870117
MBNMS,2014,SSS,stdev,0.1480187624692917
MBNMS,2015,SSS,mean,32.308528900146484
MBNMS,2015,SSS,stdev,0.13695916533470154
MBNMS,2016,SSS,mean,32.30429458618164
MBNMS,2016,SSS,stdev,0.14442679286003113
MBNMS,2017,SSS,mean,32.2957649230957
MBNMS,2017,SSS,stdev,0.1405772864818573
MBNMS,2018,SSS,mean,32.305965423583984
MBNMS,2018,SSS,stdev,0.13288652896881104
MBNMS,2019,SSS,mean,32.273807525634766
MBNMS,2019,SSS,stdev,0.14421473443508148
MBNMS,2020,SSS,mean,32.251304626464844
MBNMS,2020,SSS,stdev,0.15370462834835052
MBNMS,2021,SSS,mean,32.280086517333984
MBNMS,2021,SSS,stdev,0.14310355484485626
MBNMS,2022,SSS,mean,32.29639434814453
MBNMS,2022,SSS,stdev,0.14058572053909302
MBNMS,2023,SSS,mean,32.29818344116211
MBNMS,2023,SSS,stdev,0.13764148950576782
MBNMS,2024,SSS,mean,32.30043411254883
MBNMS,2024,SSS,stdev,0.1398352086544037
MBNMS,2025,SSS,mean,32.298492431640625
MBNMS,2025,SSS,stdev,0.13805994391441345
MBNMS,2026,SSS,mean,32.29403305053711
MBNMS,2026,SSS,stdev,0.1315542459487915
MBNMS,2027,SSS,mean,32.26430892944336
MBNMS,2027,SSS,stdev,0.14009815454483032
MBNMS,2028,SSS,mean,32.21234130859375
MBNMS,2028,SSS,stdev,0.15171977877616882
MBNMS,2029,SSS,mean,32.222984313964844
MBNMS,2029,SSS,stdev,0.14431555569171906
MBNMS,2030,SSS,mean,32.19908905029297
MBNMS,2030,SSS,stdev,0.14678379893302917
MBNMS,2031,SSS,mean,32.22041320800781
MBNMS,2031,SSS,stdev,0.1466624140739441
MBNMS,2032,SSS,mean,32.234527587890625
MBNMS,2032,SSS,stdev,0.14159215986728668
MBNMS,2033,SSS,mean,32.22860336303711
MBNMS,2033,SSS,stdev,0.1395992487668991
MBNMS,2034,SSS,mean,32.20480728149414
MBNMS,2034,SSS,stdev,0.15212303400039673
MBNMS,2035,SSS,mean,32.211727142333984
MBNMS,2035,SSS,stdev,0.14942151308059692
MBNMS,2036,SSS,mean,32.145015716552734
MBNMS,2036,SSS,stdev,0.16193613409996033
MBNMS,2037,SSS,mean,32.174598693847656
MBNMS,2037,SSS,stdev,0.145555779337883
MBNMS,2038,SSS,mean,32.1628532409668
MBNMS,2038,SSS,stdev,0.14342007040977478
MBNMS,2039,SSS,mean,32.18145751953125
MBNMS,2039,SSS,stdev,0.14473497867584229
MBNMS,2040,SSS,mean,32.22190856933594
MBNMS,2040,SSS,stdev,0.1376345455646515
MBNMS,2041,SSS,mean,32.142784118652344
MBNMS,2041,SSS,stdev,0.16096779704093933
MBNMS,2042,SSS,mean,32.20406723022461
MBNMS,2042,SSS,stdev,0.13143931329250336
MBNMS,2043,SSS,mean,32.19761276245117
MBNMS,2043,SSS,stdev,0.1406385749578476
MBNMS,2044,SSS,mean,32.186988830566406
MBNMS,2044,SSS,stdev,0.14397701621055603
MBNMS,2045,SSS,mean,32.13762664794922
MBNMS,2045,SSS,stdev,0.1529202163219452
MBNMS,2046,SSS,mean,32.10017013549805
MBNMS,2046,SSS,stdev,0.15279465913772583
MBNMS,2047,SSS,mean,32.1050910949707
MBNMS,2047,SSS,stdev,0.1503223478794098
MBNMS,2048,SSS,mean,32.14817428588867
MBNMS,2048,SSS,stdev,0.1445976197719574
MBNMS,2049,SSS,mean,32.155025482177734
MBNMS,2049,SSS,stdev,0.14247636497020721
MBNMS,2050,SSS,mean,32.134456634521484
MBNMS,2050,SSS,stdev,0.1470799297094345
MBNMS,2051,SSS,mean,32.110660552978516
MBNMS,2051,SSS,stdev,0.15032833814620972
MBNMS,2052,SSS,mean,32.167449951171875
MBNMS,2052,SSS,stdev,0.133042573928833
MBNMS,2053,SSS,mean,32.16840744018555
MBNMS,2053,SSS,stdev,0.1329013705253601
MBNMS,2054,SSS,mean,32.120662689208984
MBNMS,2054,SSS,stdev,0.14635665714740753
MBNMS,2055,SSS,mean,32.14860534667969
MBNMS,2055,SSS,stdev,0.13357391953468323
MBNMS,2056,SSS,mean,32.08697509765625
MBNMS,2056,SSS,stdev,0.14948305487632751
MBNMS,2057,SSS,mean,32.069461822509766
MBNMS,2057,SSS,stdev,0.15119197964668274
MBNMS,2058,SSS,mean,32.055564880371094
MBNMS,2058,SSS,stdev,0.1516530066728592
MBNMS,2059,SSS,mean,32.10498809814453
MBNMS,2059,SSS,stdev,0.1378246247768402
MBNMS,2060,SSS,mean,32.129085540771484
MBNMS,2060,SSS,stdev,0.1320711225271225
MBNMS,2061,SSS,mean,32.08325958251953
MBNMS,2061,SSS,stdev,0.14685603976249695
MBNMS,2062,SSS,mean,32.03746032714844
MBNMS,2062,SSS,stdev,0.150156170129776
MBNMS,2063,SSS,mean,32.02346420288086
MBNMS,2063,SSS,stdev,0.14875373244285583
MBNMS,2064,SSS,mean,32.01179122924805
MBNMS,2064,SSS,stdev,0.1536037176847458
MBNMS,2065,SSS,mean,32.028907775878906
MBNMS,2065,SSS,stdev,0.1494431048631668
MBNMS,2066,SSS,mean,32.066654205322266
MBNMS,2066,SSS,stdev,0.14899955689907074
MBNMS,2067,SSS,mean,32.022579193115234
MBNMS,2067,SSS,stdev,0.159650981426239
MBNMS,2068,SSS,mean,32.01286697387695
MBNMS,2068,SSS,stdev,0.1530827134847641
MBNMS,2069,SSS,mean,32.032081604003906
MBNMS,2069,SSS,stdev,0.15430979430675507
MBNMS,2070,SSS,mean,32.03251266479492
MBNMS,2070,SSS,stdev,0.13729359209537506
MBNMS,2071,SSS,mean,32.02003479003906
MBNMS,2071,SSS,stdev,0.1441182643175125
MBNMS,2072,SSS,mean,31.955656051635742
MBNMS,2072,SSS,stdev,0.15789812803268433
MBNMS,2073,SSS,mean,31.995317459106445
MBNMS,2073,SSS,stdev,0.13878658413887024
MBNMS,2074,SSS,mean,31.95515251159668
MBNMS,2074,SSS,stdev,0.15702329576015472
MBNMS,2075,SSS,mean,31.871597290039062
MBNMS,2075,SSS,stdev,0.17323513329029083
MBNMS,2076,SSS,mean,31.951547622680664
MBNMS,2076,SSS,stdev,0.13742181658744812
MBNMS,2077,SSS,mean,31.911487579345703
MBNMS,2077,SSS,stdev,0.16437160968780518
MBNMS,2078,SSS,mean,31.91301918029785
MBNMS,2078,SSS,stdev,0.15286719799041748
MBNMS,2079,SSS,mean,31.8995304107666
MBNMS,2079,SSS,stdev,0.15843147039413452
MBNMS,2080,SSS,mean,31.904338836669922
MBNMS,2080,SSS,stdev,0.15549738705158234
MBNMS,2081,SSS,mean,31.905101776123047
MBNMS,2081,SSS,stdev,0.15168315172195435
MBNMS,2082,SSS,mean,31.894426345825195
MBNMS,2082,SSS,stdev,0.16085384786128998
MBNMS,2083,SSS,mean,31.882936477661133
MBNMS,2083,SSS,stdev,0.16793020069599152
MBNMS,2084,SSS,mean,31.87323760986328
MBNMS,2084,SSS,stdev,0.1632140874862671
MBNMS,2085,SSS,mean,31.85865020751953
MBNMS,2085,SSS,stdev,0.16594278812408447
MBNMS,2086,SSS,mean,31.883657455444336
MBNMS,2086,SSS,stdev,0.15715430676937103
MBNMS,2087,SSS,mean,31.904870986938477
MBNMS,2087,SSS,stdev,0.15203793346881866
MBNMS,2088,SSS,mean,31.853294372558594
MBNMS,2088,SSS,stdev,0.16710568964481354
MBNMS,2089,SSS,mean,31.87950897216797
MBNMS,2089,SSS,stdev,0.1486457735300064
MBNMS,2090,SSS,mean,31.852140426635742
MBNMS,2090,SSS,stdev,0.15926405787467957
MBNMS,2091,SSS,mean,31.7852783203125
MBNMS,2091,SSS,stdev,0.16946636140346527
MBNMS,2092,SSS,mean,31.84391975402832
MBNMS,2092,SSS,stdev,0.15122875571250916
MBNMS,2093,SSS,mean,31.856401443481445
MBNMS,2093,SSS,stdev,0.14851070940494537
MBNMS,2094,SSS,mean,31.813241958618164
MBNMS,2094,SSS,stdev,0.1585513800382614
MBNMS,2095,SSS,mean,31.799135208129883
MBNMS,2095,SSS,stdev,0.16159534454345703
MBNMS,2096,SSS,mean,31.728412628173828
MBNMS,2096,SSS,stdev,0.17898960411548615
MBNMS,2097,SSS,mean,31.801292419433594
MBNMS,2097,SSS,stdev,0.15669409930706024
MBNMS,2098,SSS,mean,31.756874084472656
MBNMS,2098,SSS,stdev,0.16408014297485352
MBNMS,2099,SSS,mean,31.768203735351562
MBNMS,2099,SSS,stdev,0.15676279366016388
MBNMS,2100,SSS,mean,31.78131675720215
MBNMS,2100,SSS,stdev,0.158615380525589
MBNMS-david,1990,SSS,mean,32.48538589477539
MBNMS-david,1990,SSS,stdev,0.020765459164977074
MBNMS-david,1991,SSS,mean,32.4594841003418
MBNMS-david,1991,SSS,stdev,0.022476503625512123
MBNMS-david,1992,SSS,mean,32.427555084228516
MBNMS-david,1992,SSS,stdev,0.022470751777291298
MBNMS-david,1993,SSS,mean,32.399173736572266
MBNMS-david,1993,SSS,stdev,0.02311059646308422
MBNMS-david,1994,SSS,mean,32.394813537597656
MBNMS-david,1994,SSS,stdev,0.02334352768957615
MBNMS-david,1995,SSS,mean,32.462745666503906
MBNMS-david,1995,SSS,stdev,0.01919388584792614
MBNMS-david,1996,SSS,mean,32.443485260009766
MBNMS-david,1996,SSS,stdev,0.020536839962005615
MBNMS-david,1997,SSS,mean,32.44740676879883
MBNMS-david,1997,SSS,stdev,0.022150110453367233
MBNMS-david,1998,SSS,mean,32.460758209228516
MBNMS-david,1998,SSS,stdev,0.022229192778468132
MBNMS-david,1999,SSS,mean,32.4561882019043
MBNMS-david,1999,SSS,stdev,0.021004142239689827
MBNMS-david,2000,SSS,mean,32.45799255371094
MBNMS-david,2000,SSS,stdev,0.019895559176802635
MBNMS-david,2001,SSS,mean,32.44643783569336
MBNMS-david,2001,SSS,stdev,0.01964537240564823
MBNMS-david,2002,SSS,mean,32.426326751708984
MBNMS-david,2002,SSS,stdev,0.020250707864761353
MBNMS-david,2003,SSS,mean,32.421478271484375
MBNMS-david,2003,SSS,stdev,0.02001921460032463
MBNMS-david,2004,SSS,mean,32.42931365966797
MBNMS-david,2004,SSS,stdev,0.01960654929280281
MBNMS-david,2005,SSS,mean,32.40511703491211
MBNMS-david,2005,SSS,stdev,0.02214723452925682
MBNMS-david,2006,SSS,mean,32.44643020629883
MBNMS-david,2006,SSS,stdev,0.01968563161790371
MBNMS-david,2007,SSS,mean,32.42731857299805
MBNMS-david,2007,SSS,stdev,0.020742453634738922
MBNMS-david,2008,SSS,mean,32.43160629272461
MBNMS-david,2008,SSS,stdev,0.01957923173904419
MBNMS-david,2009,SSS,mean,32.425384521484375
MBNMS-david,2009,SSS,stdev,0.020042220130562782
MBNMS-david,2010,SSS,mean,32.43635940551758
MBNMS-david,2010,SSS,stdev,0.01973308064043522
MBNMS-david,2011,SSS,mean,32.428955078125
MBNMS-david,2011,SSS,stdev,0.019340546801686287
MBNMS-david,2012,SSS,mean,32.39524459838867
MBNMS-david,2012,SSS,stdev,0.021277334541082382
MBNMS-david,2013,SSS,mean,32.37080001831055
MBNMS-david,2013,SSS,stdev,0.02188410796225071
MBNMS-david,2014,SSS,mean,32.385337829589844
MBNMS-david,2014,SSS,stdev,0.02195456251502037
MBNMS-david,2015,SSS,mean,32.41376495361328
MBNMS-david,2015,SSS,stdev,0.01981503888964653
MBNMS-david,2016,SSS,mean,32.412357330322266
MBNMS-david,2016,SSS,stdev,0.020083917304873466
MBNMS-david,2017,SSS,mean,32.409034729003906
MBNMS-david,2017,SSS,stdev,0.020587164908647537
MBNMS-david,2018,SSS,mean,32.404361724853516
MBNMS-david,2018,SSS,stdev,0.0189925879240036
MBNMS-david,2019,SSS,mean,32.39054489135742
MBNMS-david,2019,SSS,stdev,0.021193938329815865
MBNMS-david,2020,SSS,mean,32.38042449951172
MBNMS-david,2020,SSS,stdev,0.02269361913204193
MBNMS-david,2021,SSS,mean,32.399234771728516
MBNMS-david,2021,SSS,stdev,0.021428309381008148
MBNMS-david,2022,SSS,mean,32.40555191040039
MBNMS-david,2022,SSS,stdev,0.020299594849348068
MBNMS-david,2023,SSS,mean,32.406097412109375
MBNMS-david,2023,SSS,stdev,0.019784843549132347
MBNMS-david,2024,SSS,mean,32.40629196166992
MBNMS-david,2024,SSS,stdev,0.019750336185097694
MBNMS-david,2025,SSS,mean,32.403076171875
MBNMS-david,2025,SSS,stdev,0.019714388996362686
MBNMS-david,2026,SSS,mean,32.384849548339844
MBNMS-david,2026,SSS,stdev,0.01828516460955143
MBNMS-david,2027,SSS,mean,32.3710823059082
MBNMS-david,2027,SSS,stdev,0.019876865670084953
MBNMS-david,2028,SSS,mean,32.335601806640625
MBNMS-david,2028,SSS,stdev,0.021908551454544067
MBNMS-david,2029,SSS,mean,32.333988189697266
MBNMS-david,2029,SSS,stdev,0.0206015445291996
MBNMS-david,2030,SSS,mean,32.3219108581543
MBNMS-david,2030,SSS,stdev,0.02192292921245098
MBNMS-david,2031,SSS,mean,32.34053039550781
MBNMS-david,2031,SSS,stdev,0.02127014473080635
MBNMS-david,2032,SSS,mean,32.34677505493164
MBNMS-david,2032,SSS,stdev,0.020651869475841522
MBNMS-david,2033,SSS,mean,32.340572357177734
MBNMS-david,2033,SSS,stdev,0.02086467109620571
MBNMS-david,2034,SSS,mean,32.32617950439453
MBNMS-david,2034,SSS,stdev,0.02212422899901867
MBNMS-david,2035,SSS,mean,32.32682418823242
MBNMS-david,2035,SSS,stdev,0.021323345601558685
MBNMS-david,2036,SSS,mean,32.28458023071289
MBNMS-david,2036,SSS,stdev,0.024387408047914505
MBNMS-david,2037,SSS,mean,32.294288635253906
MBNMS-david,2037,SSS,stdev,0.021504513919353485
MBNMS-david,2038,SSS,mean,32.27826690673828
MBNMS-david,2038,SSS,stdev,0.020886238664388657
MBNMS-david,2039,SSS,mean,32.29935073852539
MBNMS-david,2039,SSS,stdev,0.02111773192882538
MBNMS-david,2040,SSS,mean,32.32566452026367
MBNMS-david,2040,SSS,stdev,0.020060911774635315
MBNMS-david,2041,SSS,mean,32.27344512939453
MBNMS-david,2041,SSS,stdev,0.023534761741757393
MBNMS-david,2042,SSS,mean,32.299652099609375
MBNMS-david,2042,SSS,stdev,0.018646065145730972
MBNMS-david,2043,SSS,mean,32.30659866333008
MBNMS-david,2043,SSS,stdev,0.020139994099736214
MBNMS-david,2044,SSS,mean,32.30234909057617
MBNMS-david,2044,SSS,stdev,0.021021395921707153
MBNMS-david,2045,SSS,mean,32.26020050048828
MBNMS-david,2045,SSS,stdev,0.022279517725110054
MBNMS-david,2046,SSS,mean,32.226341247558594
MBNMS-david,2046,SSS,stdev,0.022801456972956657
MBNMS-david,2047,SSS,mean,32.22954559326172
MBNMS-david,2047,SSS,stdev,0.022610222920775414
MBNMS-david,2048,SSS,mean,32.26152801513672
MBNMS-david,2048,SSS,stdev,0.02105446718633175
MBNMS-david,2049,SSS,mean,32.2608528137207
MBNMS-david,2049,SSS,stdev,0.020301032811403275
MBNMS-david,2050,SSS,mean,32.24583053588867
MBNMS-david,2050,SSS,stdev,0.02067631296813488
MBNMS-david,2051,SSS,mean,32.23162841796875
MBNMS-david,2051,SSS,stdev,0.021941622719168663
MBNMS-david,2052,SSS,mean,32.266998291015625
MBNMS-david,2052,SSS,stdev,0.01922120526432991
MBNMS-david,2053,SSS,mean,32.26160430908203
MBNMS-david,2053,SSS,stdev,0.01846201904118061
MBNMS-david,2054,SSS,mean,32.234989166259766
MBNMS-david,2054,SSS,stdev,0.0213377233594656
MBNMS-david,2055,SSS,mean,32.25048828125
MBNMS-david,2055,SSS,stdev,0.019557662308216095
MBNMS-david,2056,SSS,mean,32.20438003540039
MBNMS-david,2056,SSS,stdev,0.02168712206184864
MBNMS-david,2057,SSS,mean,32.18663787841797
MBNMS-david,2057,SSS,stdev,0.021603725850582123
MBNMS-david,2058,SSS,mean,32.17533874511719
MBNMS-david,2058,SSS,stdev,0.021983319893479347
MBNMS-david,2059,SSS,mean,32.21145248413086
MBNMS-david,2059,SSS,stdev,0.020186005160212517
MBNMS-david,2060,SSS,mean,32.2293701171875
MBNMS-david,2060,SSS,stdev,0.019478581845760345
MBNMS-david,2061,SSS,mean,32.19709396362305
MBNMS-david,2061,SSS,stdev,0.021441249176859856
MBNMS-david,2062,SSS,mean,32.156009674072266
MBNMS-david,2062,SSS,stdev,0.021794961765408516
MBNMS-david,2063,SSS,mean,32.14064407348633
MBNMS-david,2063,SSS,stdev,0.021771956235170364
MBNMS-david,2064,SSS,mean,32.13236999511719
MBNMS-david,2064,SSS,stdev,0.022010639309883118
MBNMS-david,2065,SSS,mean,32.14876937866211
MBNMS-david,2065,SSS,stdev,0.022085407748818398
MBNMS-david,2066,SSS,mean,32.18896484375
MBNMS-david,2066,SSS,stdev,0.02230827324092388
MBNMS-david,2067,SSS,mean,32.159767150878906
MBNMS-david,2067,SSS,stdev,0.02409840002655983
MBNMS-david,2068,SSS,mean,32.14140701293945
MBNMS-david,2068,SSS,stdev,0.023451367393136024
MBNMS-david,2069,SSS,mean,32.14950180053711
MBNMS-david,2069,SSS,stdev,0.02202214114367962
MBNMS-david,2070,SSS,mean,32.13534164428711
MBNMS-david,2070,SSS,stdev,0.019935818389058113
MBNMS-david,2071,SSS,mean,32.12372589111328
MBNMS-david,2071,SSS,stdev,0.02042037434875965
MBNMS-david,2072,SSS,mean,32.08634948730469
MBNMS-david,2072,SSS,stdev,0.023297516629099846
MBNMS-david,2073,SSS,mean,32.101287841796875
MBNMS-david,2073,SSS,stdev,0.020273713394999504
MBNMS-david,2074,SSS,mean,32.079315185546875
MBNMS-david,2074,SSS,stdev,0.022833090275526047
MBNMS-david,2075,SSS,mean,32.0197868347168
MBNMS-david,2075,SSS,stdev,0.025987736880779266
MBNMS-david,2076,SSS,mean,32.05467224121094
MBNMS-david,2076,SSS,stdev,0.020014900714159012
MBNMS-david,2077,SSS,mean,32.039371490478516
MBNMS-david,2077,SSS,stdev,0.023408949375152588
MBNMS-david,2078,SSS,mean,32.03401184082031
MBNMS-david,2078,SSS,stdev,0.02236219309270382
MBNMS-david,2079,SSS,mean,32.02760696411133
MBNMS-david,2079,SSS,stdev,0.023059552535414696
MBNMS-david,2080,SSS,mean,32.028385162353516
MBNMS-david,2080,SSS,stdev,0.02271590568125248
MBNMS-david,2081,SSS,mean,32.0250129699707
MBNMS-david,2081,SSS,stdev,0.022380884736776352
MBNMS-david,2082,SSS,mean,32.0247802734375
MBNMS-david,2082,SSS,stdev,0.02406676672399044
MBNMS-david,2083,SSS,mean,32.0200080871582
MBNMS-david,2083,SSS,stdev,0.024808699265122414
MBNMS-david,2084,SSS,mean,32.00433349609375
MBNMS-david,2084,SSS,stdev,0.024106308817863464
MBNMS-david,2085,SSS,mean,31.994556427001953
MBNMS-david,2085,SSS,stdev,0.024784255772829056
MBNMS-david,2086,SSS,mean,32.0062255859375
MBNMS-david,2086,SSS,stdev,0.02309405989944935
MBNMS-david,2087,SSS,mean,32.0245246887207
MBNMS-david,2087,SSS,stdev,0.022614536806941032
MBNMS-david,2088,SSS,mean,31.98356819152832
MBNMS-david,2088,SSS,stdev,0.024162383750081062
MBNMS-david,2089,SSS,mean,31.988737106323242
MBNMS-david,2089,SSS,stdev,0.021725943312048912
MBNMS-david,2090,SSS,mean,31.969511032104492
MBNMS-david,2090,SSS,stdev,0.022632509469985962
MBNMS-david,2091,SSS,mean,31.924999237060547
MBNMS-david,2091,SSS,stdev,0.02515881508588791
MBNMS-david,2092,SSS,mean,31.95870590209961
MBNMS-david,2092,SSS,stdev,0.021998416632413864
MBNMS-david,2093,SSS,mean,31.968795776367188
MBNMS-david,2093,SSS,stdev,0.021635359153151512
MBNMS-david,2094,SSS,mean,31.940746307373047
MBNMS-david,2094,SSS,stdev,0.023511037230491638
MBNMS-david,2095,SSS,mean,31.931325912475586
MBNMS-david,2095,SSS,stdev,0.0238762516528368
MBNMS-david,2096,SSS,mean,31.880428314208984
MBNMS-david,2096,SSS,stdev,0.02671816572546959
MBNMS-david,2097,SSS,mean,31.927730560302734
MBNMS-david,2097,SSS,stdev,0.023525414988398552
MBNMS-david,2098,SSS,mean,31.886791229248047
MBNMS-david,2098,SSS,stdev,0.024388127028942108
MBNMS-david,2099,SSS,mean,31.889925003051758
MBNMS-david,2099,SSS,stdev,0.023007070645689964
MBNMS-david,2100,SSS,mean,31.89728546142578
MBNMS-david,2100,SSS,stdev,0.022638261318206787
MBNMS-main,1990,SSS,mean,32.35356521606445
MBNMS-main,1990,SSS,stdev,0.1388038545846939
MBNMS-main,1991,SSS,mean,32.31239700317383
MBNMS-main,1991,SSS,stdev,0.14683286845684052
MBNMS-main,1992,SSS,mean,32.279441833496094
MBNMS-main,1992,SSS,stdev,0.14946991205215454
MBNMS-main,1993,SSS,mean,32.24656677246094
MBNMS-main,1993,SSS,stdev,0.15612000226974487
MBNMS-main,1994,SSS,mean,32.23764419555664
MBNMS-main,1994,SSS,stdev,0.15668417513370514
MBNMS-main,1995,SSS,mean,32.3431396484375
MBNMS-main,1995,SSS,stdev,0.13336940109729767
MBNMS-main,1996,SSS,mean,32.313350677490234
MBNMS-main,1996,SSS,stdev,0.14381155371665955
MBNMS-main,1997,SSS,mean,32.30147171020508
MBNMS-main,1997,SSS,stdev,0.1443038433790207
MBNMS-main,1998,SSS,mean,32.31468963623047
MBNMS-main,1998,SSS,stdev,0.14656320214271545
MBNMS-main,1999,SSS,mean,32.322418212890625
MBNMS-main,1999,SSS,stdev,0.1422245353460312
MBNMS-main,2000,SSS,mean,32.333099365234375
MBNMS-main,2000,SSS,stdev,0.13663046061992645
MBNMS-main,2001,SSS,mean,32.327571868896484
MBNMS-main,2001,SSS,stdev,0.13594332337379456
MBNMS-main,2002,SSS,mean,32.29994583129883
MBNMS-main,2002,SSS,stdev,0.14148445427417755
MBNMS-main,2003,SSS,mean,32.2954216003418
MBNMS-main,2003,SSS,stdev,0.13842995464801788
MBNMS-main,2004,SSS,mean,32.30873107910156
MBNMS-main,2004,SSS,stdev,0.13711965084075928
MBNMS-main,2005,SSS,mean,32.26129150390625
MBNMS-main,2005,SSS,stdev,0.14848420023918152
MBNMS-main,2006,SSS,mean,32.32164001464844
MBNMS-main,2006,SSS,stdev,0.13647104799747467
MBNMS-main,2007,SSS,mean,32.295772552490234
MBNMS-main,2007,SSS,stdev,0.14688937366008759
MBNMS-main,2008,SSS,mean,32.30910110473633
MBNMS-main,2008,SSS,stdev,0.13944628834724426
MBNMS-main,2009,SSS,mean,32.301448822021484
MBNMS-main,2009,SSS,stdev,0.13996778428554535
MBNMS-main,2010,SSS,mean,32.313045501708984
MBNMS-main,2010,SSS,stdev,0.1382967084646225
MBNMS-main,2011,SSS,mean,32.31142807006836
MBNMS-main,2011,SSS,stdev,0.13158147037029266
MBNMS-main,2012,SSS,mean,32.26008224487305
MBNMS-main,2012,SSS,stdev,0.14857599139213562
MBNMS-main,2013,SSS,mean,32.233543395996094
MBNMS-main,2013,SSS,stdev,0.15571701526641846
MBNMS-main,2014,SSS,mean,32.24369812011719
MBNMS-main,2014,SSS,stdev,0.15010397136211395
MBNMS-main,2015,SSS,mean,32.29237365722656
MBNMS-main,2015,SSS,stdev,0.1400635540485382
MBNMS-main,2016,SSS,mean,32.287696838378906
MBNMS-main,2016,SSS,stdev,0.14809899032115936
MBNMS-main,2017,SSS,mean,32.27837371826172
MBNMS-main,2017,SSS,stdev,0.14304028451442719
MBNMS-main,2018,SSS,mean,32.29085922241211
MBNMS-main,2018,SSS,stdev,0.13638733327388763
MBNMS-main,2019,SSS,mean,32.25588607788086
MBNMS-main,2019,SSS,stdev,0.1466643214225769
MBNMS-main,2020,SSS,mean,32.23147964477539
MBNMS-main,2020,SSS,stdev,0.15563680231571198
MBNMS-main,2021,SSS,mean,32.26179122924805
MBNMS-main,2021,SSS,stdev,0.14505110681056976
MBNMS-main,2022,SSS,mean,32.279632568359375
MBNMS-main,2022,SSS,stdev,0.14362089335918427
MBNMS-main,2023,SSS,mean,32.281612396240234
MBNMS-main,2023,SSS,stdev,0.14047418534755707
MBNMS-main,2024,SSS,mean,32.284183502197266
MBNMS-main,2024,SSS,stdev,0.14322441816329956
MBNMS-main,2025,SSS,mean,32.282432556152344
MBNMS-main,2025,SSS,stdev,0.14139260351657867
MBNMS-main,2026,SSS,mean,32.280086517333984
MBNMS-main,2026,SSS,stdev,0.13584160804748535
MBNMS-main,2027,SSS,mean,32.2479133605957
MBNMS-main,2027,SSS,stdev,0.1433972865343094
MBNMS-main,2028,SSS,mean,32.193416595458984
MBNMS-main,2028,SSS,stdev,0.15424242615699768
MBNMS-main,2029,SSS,mean,32.205936431884766
MBNMS-main,2029,SSS,stdev,0.14757664501667023
MBNMS-main,2030,SSS,mean,32.18022918701172
MBNMS-main,2030,SSS,stdev,0.14869385957717896
MBNMS-main,2031,SSS,mean,32.201969146728516
MBNMS-main,2031,SSS,stdev,0.14896135032176971
MBNMS-main,2032,SSS,mean,32.21729278564453
MBNMS-main,2032,SSS,stdev,0.1443304419517517
MBNMS-main,2033,SSS,mean,32.2114143371582
MBNMS-main,2033,SSS,stdev,0.14210784435272217
MBNMS-main,2034,SSS,mean,32.1861686706543
MBNMS-main,2034,SSS,stdev,0.1549585908651352
MBNMS-main,2035,SSS,mean,32.194053649902344
MBNMS-main,2035,SSS,stdev,0.15277615189552307
MBNMS-main,2036,SSS,mean,32.12358856201172
MBNMS-main,2036,SSS,stdev,0.16343505680561066
MBNMS-main,2037,SSS,mean,32.156219482421875
MBNMS-main,2037,SSS,stdev,0.1477597951889038
MBNMS-main,2038,SSS,mean,32.1451301574707
MBNMS-main,2038,SSS,stdev,0.145955890417099
MBNMS-main,2039,SSS,mean,32.163352966308594
MBNMS-main,2039,SSS,stdev,0.14709258079528809
MBNMS-main,2040,SSS,mean,32.20597839355469
MBNMS-main,2040,SSS,stdev,0.1410137265920639
MBNMS-main,2041,SSS,mean,32.122718811035156
MBNMS-main,2041,SSS,stdev,0.16365304589271545
MBNMS-main,2042,SSS,mean,32.18939208984375
MBNMS-main,2042,SSS,stdev,0.13512471318244934
MBNMS-main,2043,SSS,mean,32.180877685546875
MBNMS-main,2043,SSS,stdev,0.14370715618133545
MBNMS-main,2044,SSS,mean,32.16927719116211
MBNMS-main,2044,SSS,stdev,0.14659175276756287
MBNMS-main,2045,SSS,mean,32.118804931640625
MBNMS-main,2045,SSS,stdev,0.15569166839122772
MBNMS-main,2046,SSS,mean,32.0807991027832
MBNMS-main,2046,SSS,stdev,0.15502789616584778
MBNMS-main,2047,SSS,mean,32.08597946166992
MBNMS-main,2047,SSS,stdev,0.1524679958820343
MBNMS-main,2048,SSS,mean,32.130767822265625
MBNMS-main,2048,SSS,stdev,0.14756962656974792
MBNMS-main,2049,SSS,mean,32.13877487182617
MBNMS-main,2049,SSS,stdev,0.1461886465549469
MBNMS-main,2050,SSS,mean,32.11735153198242
MBNMS-main,2050,SSS,stdev,0.15064245462417603
MBNMS-main,2051,SSS,mean,32.09208679199219
MBNMS-main,2051,SSS,stdev,0.15298593044281006
MBNMS-main,2052,SSS,mean,32.15216064453125
MBNMS-main,2052,SSS,stdev,0.13640931248664856
MBNMS-main,2053,SSS,mean,32.154090881347656
MBNMS-main,2053,SSS,stdev,0.13705946505069733
MBNMS-main,2054,SSS,mean,32.10310745239258
MBNMS-main,2054,SSS,stdev,0.14941905438899994
MBNMS-main,2055,SSS,mean,32.13296127319336
MBNMS-main,2055,SSS,stdev,0.1366957277059555
MBNMS-main,2056,SSS,mean,32.06894302368164
MBNMS-main,2056,SSS,stdev,0.15252624452114105
MBNMS-main,2057,SSS,mean,32.05146789550781
MBNMS-main,2057,SSS,stdev,0.15449023246765137
MBNMS-main,2058,SSS,mean,32.037174224853516
MBNMS-main,2058,SSS,stdev,0.1546505242586136
MBNMS-main,2059,SSS,mean,32.08863830566406
MBNMS-main,2059,SSS,stdev,0.14086760580539703
MBNMS-main,2060,SSS,mean,32.113685607910156
MBNMS-main,2060,SSS,stdev,0.13521438837051392
MBNMS-main,2061,SSS,mean,32.06578063964844
MBNMS-main,2061,SSS,stdev,0.1500469446182251
MBNMS-main,2062,SSS,mean,32.019256591796875
MBNMS-main,2062,SSS,stdev,0.15312905609607697
MBNMS-main,2063,SSS,mean,32.005470275878906
MBNMS-main,2063,SSS,stdev,0.15173065662384033
MBNMS-main,2064,SSS,mean,31.993276596069336
MBNMS-main,2064,SSS,stdev,0.15674589574337006
MBNMS-main,2065,SSS,mean,32.010501861572266
MBNMS-main,2065,SSS,stdev,0.152133971452713
MBNMS-main,2066,SSS,mean,32.047874450683594
MBNMS-main,2066,SSS,stdev,0.15127962827682495
MBNMS-main,2067,SSS,mean,32.00151443481445
MBNMS-main,2067,SSS,stdev,0.16118866205215454
MBNMS-main,2068,SSS,mean,31.99312973022461
MBNMS-main,2068,SSS,stdev,0.1549961268901825
MBNMS-main,2069,SSS,mean,32.01405334472656
MBNMS-main,2069,SSS,stdev,0.15796591341495514
MBNMS-main,2070,SSS,mean,32.0167236328125
MBNMS-main,2070,SSS,stdev,0.14075301587581635
MBNMS-main,2071,SSS,mean,32.00410842895508
MBNMS-main,2071,SSS,stdev,0.14829833805561066
MBNMS-main,2072,SSS,mean,31.93558692932129
MBNMS-main,2072,SSS,stdev,0.16016678512096405
MBNMS-main,2073,SSS,mean,31.97904396057129
MBNMS-main,2073,SSS,stdev,0.14201658964157104
MBNMS-main,2074,SSS,mean,31.936084747314453
MBNMS-main,2074,SSS,stdev,0.1601046770811081
MBNMS-main,2075,SSS,mean,31.848844528198242
MBNMS-main,2075,SSS,stdev,0.17500850558280945
MBNMS-main,2076,SSS,mean,31.935710906982422
MBNMS-main,2076,SSS,stdev,0.14085742831230164
MBNMS-main,2077,SSS,mean,31.89185333251953
MBNMS-main,2077,SSS,stdev,0.1678927093744278
MBNMS-main,2078,SSS,mean,31.894437789916992
MBNMS-main,2078,SSS,stdev,0.15584853291511536
MBNMS-main,2079,SSS,mean,31.87986183166504
MBNMS-main,2079,SSS,stdev,0.16115082800388336
MBNMS-main,2080,SSS,mean,31.885292053222656
MBNMS-main,2080,SSS,stdev,0.15839658677577972
MBNMS-main,2081,SSS,mean,31.886688232421875
MBNMS-main,2081,SSS,stdev,0.15465663373470306
MBNMS-main,2082,SSS,mean,31.87441062927246
MBNMS-main,2082,SSS,stdev,0.16355571150779724
MBNMS-main,2083,SSS,mean,31.861886978149414
MBNMS-main,2083,SSS,stdev,0.1706182360649109
MBNMS-main,2084,SSS,mean,31.853105545043945
MBNMS-main,2084,SSS,stdev,0.1661267727613449
MBNMS-main,2085,SSS,mean,31.83778190612793
MBNMS-main,2085,SSS,stdev,0.168528214097023
MBNMS-main,2086,SSS,mean,31.864835739135742
MBNMS-main,2086,SSS,stdev,0.1604647934436798
MBNMS-main,2087,SSS,mean,31.886497497558594
MBNMS-main,2087,SSS,stdev,0.1550886034965515
MBNMS-main,2088,SSS,mean,31.833290100097656
MBNMS-main,2088,SSS,stdev,0.17064186930656433
MBNMS-main,2089,SSS,mean,31.862733840942383
MBNMS-main,2089,SSS,stdev,0.1526573896408081
MBNMS-main,2090,SSS,mean,31.834115982055664
MBNMS-main,2090,SSS,stdev,0.1635330617427826
MBNMS-main,2091,SSS,mean,31.763824462890625
MBNMS-main,2091,SSS,stdev,0.17197707295417786
MBNMS-main,2092,SSS,mean,31.826290130615234
MBNMS-main,2092,SSS,stdev,0.15484024584293365
MBNMS-main,2093,SSS,mean,31.839141845703125
MBNMS-main,2093,SSS,stdev,0.15209975838661194
MBNMS-main,2094,SSS,mean,31.793664932250977
MBNMS-main,2094,SSS,stdev,0.1613575965166092
MBNMS-main,2095,SSS,mean,31.778837203979492
MBNMS-main,2095,SSS,stdev,0.16414093971252441
MBNMS-main,2096,SSS,mean,31.7050724029541
MBNMS-main,2096,SSS,stdev,0.18098828196525574
MBNMS-main,2097,SSS,mean,31.781879425048828
MBNMS-main,2097,SSS,stdev,0.159401074051857
MBNMS-main,2098,SSS,mean,31.736923217773438
MBNMS-main,2098,SSS,stdev,0.16726461052894592
MBNMS-main,2099,SSS,mean,31.749515533447266
MBNMS-main,2099,SSS,stdev,0.16013877093791962
MBNMS-main,2100,SSS,mean,31.763507843017578
MBNMS-main,2100,SSS,stdev,0.16298168897628784
MNMS,1990,SSS,mean,36.520450592041016
MNMS,1990,SSS,stdev,0
MNMS,1991,SSS,mean,36.509212493896484
MNMS,1991,SSS,stdev,0
MNMS,1992,SSS,mean,36.5135498046875
MNMS,1992,SSS,stdev,0
MNMS,1993,SSS,mean,36.50265121459961
MNMS,1993,SSS,stdev,0
MNMS,1994,SSS,mean,36.499629974365234
MNMS,1994,SSS,stdev,0
MNMS,1995,SSS,mean,36.50731658935547
MNMS,1995,SSS,stdev,0
MNMS,1996,SSS,mean,36.49925994873047
MNMS,1996,SSS,stdev,0
MNMS,1997,SSS,mean,36.51765060424805
MNMS,1997,SSS,stdev,0
MNMS,1998,SSS,mean,36.52095413208008
MNMS,1998,SSS,stdev,0
MNMS,1999,SSS,mean,36.514217376708984
MNMS,1999,SSS,stdev,0
MNMS,2000,SSS,mean,36.52769470214844
MNMS,2000,SSS,stdev,0
MNMS,2001,SSS,mean,36.51276397705078
MNMS,2001,SSS,stdev,0
MNMS,2002,SSS,mean,36.5278434753418
MNMS,2002,SSS,stdev,0
MNMS,2003,SSS,mean,36.558929443359375
MNMS,2003,SSS,stdev,0
MNMS,2004,SSS,mean,36.5723991394043
MNMS,2004,SSS,stdev,0
MNMS,2005,SSS,mean,36.57435607910156
MNMS,2005,SSS,stdev,0
MNMS,2006,SSS,mean,36.57270812988281
MNMS,2006,SSS,stdev,0
MNMS,2007,SSS,mean,36.58348083496094
MNMS,2007,SSS,stdev,0
MNMS,2008,SSS,mean,36.5927734375
MNMS,2008,SSS,stdev,0
MNMS,2009,SSS,mean,36.620277404785156
MNMS,2009,SSS,stdev,0
MNMS,2010,SSS,mean,36.63267517089844
MNMS,2010,SSS,stdev,0
MNMS,2011,SSS,mean,36.6427116394043
MNMS,2011,SSS,stdev,0
MNMS,2012,SSS,mean,36.641502380371094
MNMS,2012,SSS,stdev,0
MNMS,2013,SSS,mean,36.648040771484375
MNMS,2013,SSS,stdev,0
MNMS,2014,SSS,mean,36.653404235839844
MNMS,2014,SSS,stdev,0
MNMS,2015,SSS,mean,36.67706298828125
MNMS,2015,SSS,stdev,0
MNMS,2016,SSS,mean,36.67392349243164
MNMS,2016,SSS,stdev,0
MNMS,2017,SSS,mean,36.663124084472656
MNMS,2017,SSS,stdev,0
MNMS,2018,SSS,mean,36.70024108886719
MNMS,2018,SSS,stdev,0
MNMS,2019,SSS,mean,36.692081451416016
MNMS,2019,SSS,stdev,0
MNMS,2020,SSS,mean,36.687713623046875
MNMS,2020,SSS,stdev,0
MNMS,2021,SSS,mean,36.72122573852539
MNMS,2021,SSS,stdev,0
MNMS,2022,SSS,mean,36.72239685058594
MNMS,2022,SSS,stdev,0
MNMS,2023,SSS,mean,36.74790954589844
MNMS,2023,SSS,stdev,0
MNMS,2024,SSS,mean,36.739959716796875
MNMS,2024,SSS,stdev,0
MNMS,2025,SSS,mean,36.74068069458008
MNMS,2025,SSS,stdev,0
MNMS,2026,SSS,mean,36.757442474365234
MNMS,2026,SSS,stdev,0
MNMS,2027,SSS,mean,36.764015197753906
MNMS,2027,SSS,stdev,0
MNMS,2028,SSS,mean,36.77445983886719
MNMS,2028,SSS,stdev,0
MNMS,2029,SSS,mean,36.79891586303711
MNMS,2029,SSS,stdev,0
MNMS,2030,SSS,mean,36.79871368408203
MNMS,2030,SSS,stdev,0
MNMS,2031,SSS,mean,36.79047393798828
MNMS,2031,SSS,stdev,0
MNMS,2032,SSS,mean,36.830116271972656
MNMS,2032,SSS,stdev,0
MNMS,2033,SSS,mean,36.83303451538086
MNMS,2033,SSS,stdev,0
MNMS,2034,SSS,mean,36.833988189697266
MNMS,2034,SSS,stdev,0
MNMS,2035,SSS,mean,36.841651916503906
MNMS,2035,SSS,stdev,0
MNMS,2036,SSS,mean,36.838348388671875
MNMS,2036,SSS,stdev,0
MNMS,2037,SSS,mean,36.858741760253906
MNMS,2037,SSS,stdev,0
MNMS,2038,SSS,mean,36.888797760009766
MNMS,2038,SSS,stdev,0
MNMS,2039,SSS,mean,36.905616760253906
MNMS,2039,SSS,stdev,0
MNMS,2040,SSS,mean,36.904571533203125
MNMS,2040,SSS,stdev,0
MNMS,2041,SSS,mean,36.90378189086914
MNMS,2041,SSS,stdev,0
MNMS,2042,SSS,mean,36.916160583496094
MNMS,2042,SSS,stdev,0
MNMS,2043,SSS,mean,36.93983459472656
MNMS,2043,SSS,stdev,0
MNMS,2044,SSS,mean,36.951255798339844
MNMS,2044,SSS,stdev,0
MNMS,2045,SSS,mean,36.979759216308594
MNMS,2045,SSS,stdev,0
MNMS,2046,SSS,mean,36.97175598144531
MNMS,2046,SSS,stdev,0
MNMS,2047,SSS,mean,36.9827995300293
MNMS,2047,SSS,stdev,0
MNMS,2048,SSS,mean,36.998687744140625
MNMS,2048,SSS,stdev,0
MNMS,2049,SSS,mean,37.02427673339844
MNMS,2049,SSS,stdev,0
MNMS,2050,SSS,mean,37.053794860839844
MNMS,2050,SSS,stdev,0
MNMS,2051,SSS,mean,37.04908752441406
MNMS,2051,SSS,stdev,0
MNMS,2052,SSS,mean,37.06358337402344
MNMS,2052,SSS,stdev,0
MNMS,2053,SSS,mean,37.08654022216797
MNMS,2053,SSS,stdev,0
MNMS,2054,SSS,mean,37.08488845825195
MNMS,2054,SSS,stdev,0
MNMS,2055,SSS,mean,37.092689514160156
MNMS,2055,SSS,stdev,0
MNMS,2056,SSS,mean,37.1037483215332
MNMS,2056,SSS,stdev,0
MNMS,2057,SSS,mean,37.10971450805664
MNMS,2057,SSS,stdev,0
MNMS,2058,SSS,mean,37.14746856689453
MNMS,2058,SSS,stdev,0
MNMS,2059,SSS,mean,37.15900802612305
MNMS,2059,SSS,stdev,0
MNMS,2060,SSS,mean,37.18832778930664
MNMS,2060,SSS,stdev,0
MNMS,2061,SSS,mean,37.179710388183594
MNMS,2061,SSS,stdev,0
MNMS,2062,SSS,mean,37.19131088256836
MNMS,2062,SSS,stdev,0
MNMS,2063,SSS,mean,37.20384216308594
MNMS,2063,SSS,stdev,0
MNMS,2064,SSS,mean,37.21536636352539
MNMS,2064,SSS,stdev,0
MNMS,2065,SSS,mean,37.243167877197266
MNMS,2065,SSS,stdev,0
MNMS,2066,SSS,mean,37.257789611816406
MNMS,2066,SSS,stdev,0
MNMS,2067,SSS,mean,37.27004623413086
MNMS,2067,SSS,stdev,0
MNMS,2068,SSS,mean,37.2866325378418
MNMS,2068,SSS,stdev,0
MNMS,2069,SSS,mean,37.29703140258789
MNMS,2069,SSS,stdev,0
MNMS,2070,SSS,mean,37.324180603027344
MNMS,2070,SSS,stdev,0
MNMS,2071,SSS,mean,37.33782196044922
MNMS,2071,SSS,stdev,0
MNMS,2072,SSS,mean,37.3726692199707
MNMS,2072,SSS,stdev,0
MNMS,2073,SSS,mean,37.38671112060547
MNMS,2073,SSS,stdev,0
MNMS,2074,SSS,mean,37.420860290527344
MNMS,2074,SSS,stdev,0
MNMS,2075,SSS,mean,37.42776107788086
MNMS,2075,SSS,stdev,0
MNMS,2076,SSS,mean,37.45307922363281
MNMS,2076,SSS,stdev,0
MNMS,2077,SSS,mean,37.44465255737305
MNMS,2077,SSS,stdev,0
MNMS,2078,SSS,mean,37.4754638671875
MNMS,2078,SSS,stdev,0
MNMS,2079,SSS,mean,37.491371154785156
MNMS,2079,SSS,stdev,0
MNMS,2080,SSS,mean,37.497291564941406
MNMS,2080,SSS,stdev,0
MNMS,2081,SSS,mean,37.50395584106445
MNMS,2081,SSS,stdev,0
MNMS,2082,SSS,mean,37.52173614501953
MNMS,2082,SSS,stdev,0
MNMS,2083,SSS,mean,37.5461540222168
MNMS,2083,SSS,stdev,0
MNMS,2084,SSS,mean,37.569976806640625
MNMS,2084,SSS,stdev,0
MNMS,2085,SSS,mean,37.581172943115234
MNMS,2085,SSS,stdev,0
MNMS,2086,SSS,mean,37.610084533691406
MNMS,2086,SSS,stdev,0
MNMS,2087,SSS,mean,37.626956939697266
MNMS,2087,SSS,stdev,0
MNMS,2088,SSS,mean,37.636810302734375
MNMS,2088,SSS,stdev,0
MNMS,2089,SSS,mean,37.63240051269531
MNMS,2089,SSS,stdev,0
MNMS,2090,SSS,mean,37.65700149536133
MNMS,2090,SSS,stdev,0
MNMS,2091,SSS,mean,37.67943572998047
MNMS,2091,SSS,stdev,0
MNMS,2092,SSS,mean,37.68844223022461
MNMS,2092,SSS,stdev,0
MNMS,2093,SSS,mean,37.70854568481445
MNMS,2093,SSS,stdev,0
MNMS,2094,SSS,mean,37.739681243896484
MNMS,2094,SSS,stdev,0
MNMS,2095,SSS,mean,37.777198791503906
MNMS,2095,SSS,stdev,0
MNMS,2096,SSS,mean,37.78363037109375
MNMS,2096,SSS,stdev,0
MNMS,2097,SSS,mean,37.79917526245117
MNMS,2097,SSS,stdev,0
MNMS,2098,SSS,mean,37.8177490234375
MNMS,2098,SSS,stdev,0
MNMS,2099,SSS,mean,37.834320068359375
MNMS,2099,SSS,stdev,0
MNMS,2100,SSS,mean,37.86323547363281
MNMS,2100,SSS,stdev,0
NMSAS,1990,SSS,mean,34.342979431152344
NMSAS,1990,SSS,stdev,0.060316164046525955
NMSAS,1991,SSS,mean,34.29938507080078
NMSAS,1991,SSS,stdev,0.06335201114416122
NMSAS,1992,SSS,mean,34.26755905151367
NMSAS,1992,SSS,stdev,0.06264551728963852
NMSAS,1993,SSS,mean,34.275691986083984
NMSAS,1993,SSS,stdev,0.06310812383890152
NMSAS,1994,SSS,mean,34.308921813964844
NMSAS,1994,SSS,stdev,0.061849724501371384
NMSAS,1995,SSS,mean,34.318904876708984
NMSAS,1995,SSS,stdev,0.05965481325984001
NMSAS,1996,SSS,mean,34.38930892944336
NMSAS,1996,SSS,stdev,0.05675182491540909
NMSAS,1997,SSS,mean,34.4283332824707
NMSAS,1997,SSS,stdev,0.05617796257138252
NMSAS,1998,SSS,mean,34.47685623168945
NMSAS,1998,SSS,stdev,0.05412684753537178
NMSAS,1999,SSS,mean,34.42262649536133
NMSAS,1999,SSS,stdev,0.06202968582510948
NMSAS,2000,SSS,mean,34.354957580566406
NMSAS,2000,SSS,stdev,0.059927087277173996
NMSAS,2001,SSS,mean,34.421993255615234
NMSAS,2001,SSS,stdev,0.05393637716770172
NMSAS,2002,SSS,mean,34.42927932739258
NMSAS,2002,SSS,stdev,0.06257786601781845
NMSAS,2003,SSS,mean,34.3676643371582
NMSAS,2003,SSS,stdev,0.06564071774482727
NMSAS,2004,SSS,mean,34.369346618652344
NMSAS,2004,SSS,stdev,0.05946563184261322
NMSAS,2005,SSS,mean,34.403953552246094
NMSAS,2005,SSS,stdev,0.05986781790852547
NMSAS,2006,SSS,mean,34.419315338134766
NMSAS,2006,SSS,stdev,0.06230272725224495
NMSAS,2007,SSS,mean,34.37649154663086
NMSAS,2007,SSS,stdev,0.06357640773057938
NMSAS,2008,SSS,mean,34.375701904296875
NMSAS,2008,SSS,stdev,0.05703222006559372
NMSAS,2009,SSS,mean,34.486175537109375
NMSAS,2009,SSS,stdev,0.05613309144973755
NMSAS,2010,SSS,mean,34.45922088623047
NMSAS,2010,SSS,stdev,0.06293141841888428
NMSAS,2011,SSS,mean,34.4245491027832
NMSAS,2011,SSS,stdev,0.06252206861972809
NMSAS,2012,SSS,mean,34.361881256103516
NMSAS,2012,SSS,stdev,0.061271846294403076
NMSAS,2013,SSS,mean,34.36076354980469
NMSAS,2013,SSS,stdev,0.05928533151745796
NMSAS,2014,SSS,mean,34.356204986572266
NMSAS,2014,SSS,stdev,0.0588667169213295
NMSAS,2015,SSS,mean,34.36604309082031
NMSAS,2015,SSS,stdev,0.06410960108041763
NMSAS,2016,SSS,mean,34.397430419921875
NMSAS,2016,SSS,stdev,0.05998251959681511
NMSAS,2017,SSS,mean,34.43318176269531
NMSAS,2017,SSS,stdev,0.05999525263905525
NMSAS,2018,SSS,mean,34.342857360839844
NMSAS,2018,SSS,stdev,0.06172915920615196
NMSAS,2019,SSS,mean,34.39652633666992
NMSAS,2019,SSS,stdev,0.057542525231838226
NMSAS,2020,SSS,mean,34.36727523803711
NMSAS,2020,SSS,stdev,0.06020946428179741
NMSAS,2021,SSS,mean,34.390262603759766
NMSAS,2021,SSS,stdev,0.06344346702098846
NMSAS,2022,SSS,mean,34.42021179199219
NMSAS,2022,SSS,stdev,0.0647972822189331
NMSAS,2023,SSS,mean,34.3862190246582
NMSAS,2023,SSS,stdev,0.057501908391714096
NMSAS,2024,SSS,mean,34.42903137207031
NMSAS,2024,SSS,stdev,0.06136101111769676
NMSAS,2025,SSS,mean,34.364585876464844
NMSAS,2025,SSS,stdev,0.06340856850147247
NMSAS,2026,SSS,mean,34.36026382446289
NMSAS,2026,SSS,stdev,0.06687513738870621
NMSAS,2027,SSS,mean,34.349884033203125
NMSAS,2027,SSS,stdev,0.06235784292221069
NMSAS,2028,SSS,mean,34.33100891113281
NMSAS,2028,SSS,stdev,0.06801628321409225
NMSAS,2029,SSS,mean,34.24679183959961
NMSAS,2029,SSS,stdev,0.061395253986120224
NMSAS,2030,SSS,mean,34.28879165649414
NMSAS,2030,SSS,stdev,0.058122869580984116
NMSAS,2031,SSS,mean,34.332664489746094
NMSAS,2031,SSS,stdev,0.06027602404356003
NMSAS,2032,SSS,mean,34.26014709472656
NMSAS,2032,SSS,stdev,0.06038182973861694
NMSAS,2033,SSS,mean,34.31150436401367
NMSAS,2033,SSS,stdev,0.06411336362361908
NMSAS,2034,SSS,mean,34.32196044921875
NMSAS,2034,SSS,stdev,0.06560926139354706
NMSAS,2035,SSS,mean,34.29682159423828
NMSAS,2035,SSS,stdev,0.06502066552639008
NMSAS,2036,SSS,mean,34.27659606933594
NMSAS,2036,SSS,stdev,0.0654115155339241
NMSAS,2037,SSS,mean,34.2095947265625
NMSAS,2037,SSS,stdev,0.06527220457792282
NMSAS,2038,SSS,mean,34.180320739746094
NMSAS,2038,SSS,stdev,0.05623447522521019
NMSAS,2039,SSS,mean,34.326988220214844
NMSAS,2039,SSS,stdev,0.056162599474191666
NMSAS,2040,SSS,mean,34.365440368652344
NMSAS,2040,SSS,stdev,0.06405504792928696
NMSAS,2041,SSS,mean,34.28931427001953
NMSAS,2041,SSS,stdev,0.06446938961744308
NMSAS,2042,SSS,mean,34.27804946899414
NMSAS,2042,SSS,stdev,0.06771491467952728
NMSAS,2043,SSS,mean,34.297428131103516
NMSAS,2043,SSS,stdev,0.06241551786661148
NMSAS,2044,SSS,mean,34.32164764404297
NMSAS,2044,SSS,stdev,0.06592230498790741
NMSAS,2045,SSS,mean,34.224613189697266
NMSAS,2045,SSS,stdev,0.06668224185705185
NMSAS,2046,SSS,mean,34.225059509277344
NMSAS,2046,SSS,stdev,0.06373541057109833
NMSAS,2047,SSS,mean,34.24821472167969
NMSAS,2047,SSS,stdev,0.06652168184518814
NMSAS,2048,SSS,mean,34.20952606201172
NMSAS,2048,SSS,stdev,0.06796134263277054
NMSAS,2049,SSS,mean,34.15752029418945
NMSAS,2049,SSS,stdev,0.06170639395713806
NMSAS,2050,SSS,mean,34.29475402832031
NMSAS,2050,SSS,stdev,0.0651588961482048
NMSAS,2051,SSS,mean,34.28140640258789
NMSAS,2051,SSS,stdev,0.07272981852293015
NMSAS,2052,SSS,mean,34.22227478027344
NMSAS,2052,SSS,stdev,0.07028882205486298
NMSAS,2053,SSS,mean,34.20146942138672
NMSAS,2053,SSS,stdev,0.06775709241628647
NMSAS,2054,SSS,mean,34.25297164916992
NMSAS,2054,SSS,stdev,0.061831459403038025
NMSAS,2055,SSS,mean,34.284202575683594
NMSAS,2055,SSS,stdev,0.06810983270406723
NMSAS,2056,SSS,mean,34.211158752441406
NMSAS,2056,SSS,stdev,0.06886531412601471
NMSAS,2057,SSS,mean,34.19620132446289
NMSAS,2057,SSS,stdev,0.07224570214748383
NMSAS,2058,SSS,mean,34.20625305175781
NMSAS,2058,SSS,stdev,0.07252562046051025
NMSAS,2059,SSS,mean,34.15321731567383
NMSAS,2059,SSS,stdev,0.07038883119821548
NMSAS,2060,SSS,mean,34.201778411865234
NMSAS,2060,SSS,stdev,0.06767377257347107
NMSAS,2061,SSS,mean,34.14870834350586
NMSAS,2061,SSS,stdev,0.07065339386463165
NMSAS,2062,SSS,mean,34.09282684326172
NMSAS,2062,SSS,stdev,0.07334654778242111
NMSAS,2063,SSS,mean,34.09755325317383
NMSAS,2063,SSS,stdev,0.06399007886648178
NMSAS,2064,SSS,mean,34.185428619384766
NMSAS,2064,SSS,stdev,0.06915797293186188
NMSAS,2065,SSS,mean,34.177215576171875
NMSAS,2065,SSS,stdev,0.06993120908737183
NMSAS,2066,SSS,mean,34.18782424926758
NMSAS,2066,SSS,stdev,0.07796275615692139
NMSAS,2067,SSS,mean,34.05998992919922
NMSAS,2067,SSS,stdev,0.08320499211549759
NMSAS,2068,SSS,mean,33.975738525390625
NMSAS,2068,SSS,stdev,0.07539252936840057
NMSAS,2069,SSS,mean,34.01042175292969
NMSAS,2069,SSS,stdev,0.07840140908956528
NMSAS,2070,SSS,mean,33.95417022705078
NMSAS,2070,SSS,stdev,0.08741433173418045
NMSAS,2071,SSS,mean,33.97532653808594
NMSAS,2071,SSS,stdev,0.08140238374471664
NMSAS,2072,SSS,mean,33.947967529296875
NMSAS,2072,SSS,stdev,0.08236319571733475
NMSAS,2073,SSS,mean,33.909095764160156
NMSAS,2073,SSS,stdev,0.07192964106798172
NMSAS,2074,SSS,mean,34.01986312866211
NMSAS,2074,SSS,stdev,0.07972472161054611
NMSAS,2075,SSS,mean,33.906742095947266
NMSAS,2075,SSS,stdev,0.08272460848093033
NMSAS,2076,SSS,mean,33.9517822265625
NMSAS,2076,SSS,stdev,0.07896556705236435
NMSAS,2077,SSS,mean,33.895999908447266
NMSAS,2077,SSS,stdev,0.08357954025268555
NMSAS,2078,SSS,mean,33.92021560668945
NMSAS,2078,SSS,stdev,0.08208499103784561
NMSAS,2079,SSS,mean,33.934303283691406
NMSAS,2079,SSS,stdev,0.07814627885818481
NMSAS,2080,SSS,mean,33.90963363647461
NMSAS,2080,SSS,stdev,0.08921864628791809
NMSAS,2081,SSS,mean,33.889949798583984
NMSAS,2081,SSS,stdev,0.07822882384061813
NMSAS,2082,SSS,mean,33.92176055908203
NMSAS,2082,SSS,stdev,0.0772053673863411
NMSAS,2083,SSS,mean,33.905052185058594
NMSAS,2083,SSS,stdev,0.0885784700512886
NMSAS,2084,SSS,mean,33.87062454223633
NMSAS,2084,SSS,stdev,0.08203261345624924
NMSAS,2085,SSS,mean,33.86434555053711
NMSAS,2085,SSS,stdev,0.08515872061252594
NMSAS,2086,SSS,mean,33.85851287841797
NMSAS,2086,SSS,stdev,0.08286462724208832
NMSAS,2087,SSS,mean,33.800392150878906
NMSAS,2087,SSS,stdev,0.08821137249469757
NMSAS,2088,SSS,mean,33.77325439453125
NMSAS,2088,SSS,stdev,0.09152786433696747
NMSAS,2089,SSS,mean,33.75305938720703
NMSAS,2089,SSS,stdev,0.08055347949266434
NMSAS,2090,SSS,mean,33.795772552490234
NMSAS,2090,SSS,stdev,0.08657877892255783
NMSAS,2091,SSS,mean,33.797119140625
NMSAS,2091,SSS,stdev,0.08956193178892136
NMSAS,2092,SSS,mean,33.80651092529297
NMSAS,2092,SSS,stdev,0.09041965007781982
NMSAS,2093,SSS,mean,33.804412841796875
NMSAS,2093,SSS,stdev,0.09002961218357086
NMSAS,2094,SSS,mean,33.72978973388672
NMSAS,2094,SSS,stdev,0.09858419746160507
NMSAS,2095,SSS,mean,33.6533088684082
NMSAS,2095,SSS,stdev,0.08942488580942154
NMSAS,2096,SSS,mean,33.82736587524414
NMSAS,2096,SSS,stdev,0.09019475430250168
NMSAS,2097,SSS,mean,33.78556442260742
NMSAS,2097,SSS,stdev,0.09260012209415436
NMSAS,2098,SSS,mean,33.661705017089844
NMSAS,2098,SSS,stdev,0.093012735247612
NMSAS,2099,SSS,mean,33.81312942504883
NMSAS,2099,SSS,stdev,0.0846598893404007
NMSAS,2100,SSS,mean,33.76389694213867
NMSAS,2100,SSS,stdev,0.09505720436573029
OCNMS,1990,SSS,mean,30.1746768951416
OCNMS,1990,SSS,stdev,0.38545113801956177
OCNMS,1991,SSS,mean,30.068498611450195
OCNMS,1991,SSS,stdev,0.4047805070877075
OCNMS,1992,SSS,mean,30.01335906982422
OCNMS,1992,SSS,stdev,0.41065260767936707
OCNMS,1993,SSS,mean,30.015518188476562
OCNMS,1993,SSS,stdev,0.3999989628791809
OCNMS,1994,SSS,mean,30.021713256835938
OCNMS,1994,SSS,stdev,0.4079783260822296
OCNMS,1995,SSS,mean,30.09147071838379
OCNMS,1995,SSS,stdev,0.39858606457710266
OCNMS,1996,SSS,mean,30.002782821655273
OCNMS,1996,SSS,stdev,0.41039395332336426
OCNMS,1997,SSS,mean,30.1131649017334
OCNMS,1997,SSS,stdev,0.38374000787734985
OCNMS,1998,SSS,mean,30.089475631713867
OCNMS,1998,SSS,stdev,0.3863312900066376
OCNMS,1999,SSS,mean,30.156091690063477
OCNMS,1999,SSS,stdev,0.37475109100341797
OCNMS,2000,SSS,mean,30.054277420043945
OCNMS,2000,SSS,stdev,0.39753007888793945
OCNMS,2001,SSS,mean,29.994197845458984
OCNMS,2001,SSS,stdev,0.4124160706996918
OCNMS,2002,SSS,mean,30.038259506225586
OCNMS,2002,SSS,stdev,0.38945192098617554
OCNMS,2003,SSS,mean,30.067285537719727
OCNMS,2003,SSS,stdev,0.4016023874282837
OCNMS,2004,SSS,mean,30.047775268554688
OCNMS,2004,SSS,stdev,0.3880116939544678
OCNMS,2005,SSS,mean,30.095787048339844
OCNMS,2005,SSS,stdev,0.38948842883110046
OCNMS,2006,SSS,mean,30.061702728271484
OCNMS,2006,SSS,stdev,0.39867985248565674
OCNMS,2007,SSS,mean,29.988492965698242
OCNMS,2007,SSS,stdev,0.41217294335365295
OCNMS,2008,SSS,mean,29.991931915283203
OCNMS,2008,SSS,stdev,0.4087390601634979
OCNMS,2009,SSS,mean,29.986024856567383
OCNMS,2009,SSS,stdev,0.4011269509792328
OCNMS,2010,SSS,mean,30.068273544311523
OCNMS,2010,SSS,stdev,0.3908374011516571
OCNMS,2011,SSS,mean,30.089984893798828
OCNMS,2011,SSS,stdev,0.39048469066619873
OCNMS,2012,SSS,mean,29.93364143371582
OCNMS,2012,SSS,stdev,0.4189227223396301
OCNMS,2013,SSS,mean,29.89214324951172
OCNMS,2013,SSS,stdev,0.406588077545166
OCNMS,2014,SSS,mean,30.02034568786621
OCNMS,2014,SSS,stdev,0.4000142514705658
OCNMS,2015,SSS,mean,29.965513229370117
OCNMS,2015,SSS,stdev,0.40760791301727295
OCNMS,2016,SSS,mean,29.9663028717041
OCNMS,2016,SSS,stdev,0.41241103410720825
OCNMS,2017,SSS,mean,30.04557228088379
OCNMS,2017,SSS,stdev,0.3966419994831085
OCNMS,2018,SSS,mean,29.89461326599121
OCNMS,2018,SSS,stdev,0.4202406704425812
OCNMS,2019,SSS,mean,29.96651268005371
OCNMS,2019,SSS,stdev,0.4037327766418457
OCNMS,2020,SSS,mean,30.03659439086914
OCNMS,2020,SSS,stdev,0.39487770199775696
OCNMS,2021,SSS,mean,30.01961898803711
OCNMS,2021,SSS,stdev,0.39801791310310364
OCNMS,2022,SSS,mean,29.967777252197266
OCNMS,2022,SSS,stdev,0.4103178083896637
OCNMS,2023,SSS,mean,29.95310401916504
OCNMS,2023,SSS,stdev,0.39682847261428833
OCNMS,2024,SSS,mean,29.976696014404297
OCNMS,2024,SSS,stdev,0.4039895534515381
OCNMS,2025,SSS,mean,29.965293884277344
OCNMS,2025,SSS,stdev,0.40559205412864685
OCNMS,2026,SSS,mean,29.890865325927734
OCNMS,2026,SSS,stdev,0.4106423556804657
OCNMS,2027,SSS,mean,30.017099380493164
OCNMS,2027,SSS,stdev,0.38974249362945557
OCNMS,2028,SSS,mean,29.9864501953125
OCNMS,2028,SSS,stdev,0.3949362635612488
OCNMS,2029,SSS,mean,29.930574417114258
OCNMS,2029,SSS,stdev,0.3992328345775604
OCNMS,2030,SSS,mean,29.990495681762695
OCNMS,2030,SSS,stdev,0.3872314393520355
OCNMS,2031,SSS,mean,29.97258758544922
OCNMS,2031,SSS,stdev,0.39998629689216614
OCNMS,2032,SSS,mean,29.93680191040039
OCNMS,2032,SSS,stdev,0.3997925817966461
OCNMS,2033,SSS,mean,30.002548217773438
OCNMS,2033,SSS,stdev,0.38413727283477783
OCNMS,2034,SSS,mean,29.879562377929688
OCNMS,2034,SSS,stdev,0.41146838665008545
OCNMS,2035,SSS,mean,29.86260986328125
OCNMS,2035,SSS,stdev,0.40294820070266724
OCNMS,2036,SSS,mean,29.90899658203125
OCNMS,2036,SSS,stdev,0.38976672291755676
OCNMS,2037,SSS,mean,29.954185485839844
OCNMS,2037,SSS,stdev,0.3989419639110565
OCNMS,2038,SSS,mean,29.862340927124023
OCNMS,2038,SSS,stdev,0.40940821170806885
OCNMS,2039,SSS,mean,29.94733238220215
OCNMS,2039,SSS,stdev,0.3926241099834442
OCNMS,2040,SSS,mean,29.850873947143555
OCNMS,2040,SSS,stdev,0.4109823703765869
OCNMS,2041,SSS,mean,29.885103225708008
OCNMS,2041,SSS,stdev,0.40882059931755066
OCNMS,2042,SSS,mean,29.824419021606445
OCNMS,2042,SSS,stdev,0.41938427090644836
OCNMS,2043,SSS,mean,29.901405334472656
OCNMS,2043,SSS,stdev,0.3977336287498474
OCNMS,2044,SSS,mean,29.999958038330078
OCNMS,2044,SSS,stdev,0.38762030005455017
OCNMS,2045,SSS,mean,29.823793411254883
OCNMS,2045,SSS,stdev,0.41147854924201965
OCNMS,2046,SSS,mean,29.8100643157959
OCNMS,2046,SSS,stdev,0.41263940930366516
OCNMS,2047,SSS,mean,29.874507904052734
OCNMS,2047,SSS,stdev,0.3918423354625702
OCNMS,2048,SSS,mean,29.871883392333984
OCNMS,2048,SSS,stdev,0.4097788333892822
OCNMS,2049,SSS,mean,29.811782836914062
OCNMS,2049,SSS,stdev,0.4116012156009674
OCNMS,2050,SSS,mean,29.774866104125977
OCNMS,2050,SSS,stdev,0.4205561876296997
OCNMS,2051,SSS,mean,29.813518524169922
OCNMS,2051,SSS,stdev,0.40280649065971375
OCNMS,2052,SSS,mean,29.82334327697754
OCNMS,2052,SSS,stdev,0.4099881649017334
OCNMS,2053,SSS,mean,29.783817291259766
OCNMS,2053,SSS,stdev,0.4170886278152466
OCNMS,2054,SSS,mean,29.778959274291992
OCNMS,2054,SSS,stdev,0.40652114152908325
OCNMS,2055,SSS,mean,29.784151077270508
OCNMS,2055,SSS,stdev,0.4192518889904022
OCNMS,2056,SSS,mean,29.782123565673828
OCNMS,2056,SSS,stdev,0.40161412954330444
OCNMS,2057,SSS,mean,29.68360710144043
OCNMS,2057,SSS,stdev,0.43371668457984924
OCNMS,2058,SSS,mean,29.71742820739746
OCNMS,2058,SSS,stdev,0.41457197070121765
OCNMS,2059,SSS,mean,29.81620216369629
OCNMS,2059,SSS,stdev,0.4060520827770233
OCNMS,2060,SSS,mean,29.86042594909668
OCNMS,2060,SSS,stdev,0.3994810879230499
OCNMS,2061,SSS,mean,29.69481658935547
OCNMS,2061,SSS,stdev,0.4335186779499054
OCNMS,2062,SSS,mean,29.59299659729004
OCNMS,2062,SSS,stdev,0.44055527448654175
OCNMS,2063,SSS,mean,29.597993850708008
OCNMS,2063,SSS,stdev,0.44556766748428345
OCNMS,2064,SSS,mean,29.64150619506836
OCNMS,2064,SSS,stdev,0.4270244538784027
OCNMS,2065,SSS,mean,29.72838592529297
OCNMS,2065,SSS,stdev,0.42105144262313843
OCNMS,2066,SSS,mean,29.788063049316406
OCNMS,2066,SSS,stdev,0.4100859761238098
OCNMS,2067,SSS,mean,29.709627151489258
OCNMS,2067,SSS,stdev,0.41979801654815674
OCNMS,2068,SSS,mean,29.692922592163086
OCNMS,2068,SSS,stdev,0.42390355467796326
OCNMS,2069,SSS,mean,29.573368072509766
OCNMS,2069,SSS,stdev,0.4340202808380127
OCNMS,2070,SSS,mean,29.61457633972168
OCNMS,2070,SSS,stdev,0.4405171871185303
OCNMS,2071,SSS,mean,29.564434051513672
OCNMS,2071,SSS,stdev,0.4332883358001709
OCNMS,2072,SSS,mean,29.669198989868164
OCNMS,2072,SSS,stdev,0.41396912932395935
OCNMS,2073,SSS,mean,29.60713005065918
OCNMS,2073,SSS,stdev,0.4218778610229492
OCNMS,2074,SSS,mean,29.594728469848633
OCNMS,2074,SSS,stdev,0.42528679966926575
OCNMS,2075,SSS,mean,29.56662940979004
OCNMS,2075,SSS,stdev,0.42545658349990845
OCNMS,2076,SSS,mean,29.565916061401367
OCNMS,2076,SSS,stdev,0.4300488531589508
OCNMS,2077,SSS,mean,29.537336349487305
OCNMS,2077,SSS,stdev,0.43558353185653687
OCNMS,2078,SSS,mean,29.499736785888672
OCNMS,2078,SSS,stdev,0.4359859824180603
OCNMS,2079,SSS,mean,29.598129272460938
OCNMS,2079,SSS,stdev,0.42186737060546875
OCNMS,2080,SSS,mean,29.55964469909668
OCNMS,2080,SSS,stdev,0.430585652589798
OCNMS,2081,SSS,mean,29.483110427856445
OCNMS,2081,SSS,stdev,0.44099387526512146
OCNMS,2082,SSS,mean,29.599458694458008
OCNMS,2082,SSS,stdev,0.42232245206832886
OCNMS,2083,SSS,mean,29.56269645690918
OCNMS,2083,SSS,stdev,0.42791181802749634
OCNMS,2084,SSS,mean,29.44313621520996
OCNMS,2084,SSS,stdev,0.45314303040504456
OCNMS,2085,SSS,mean,29.423288345336914
OCNMS,2085,SSS,stdev,0.45315077900886536
OCNMS,2086,SSS,mean,29.430448532104492
OCNMS,2086,SSS,stdev,0.4418596923351288
OCNMS,2087,SSS,mean,29.452295303344727
OCNMS,2087,SSS,stdev,0.44190558791160583
OCNMS,2088,SSS,mean,29.31561279296875
OCNMS,2088,SSS,stdev,0.4668799638748169
OCNMS,2089,SSS,mean,29.377750396728516
OCNMS,2089,SSS,stdev,0.439704567193985
OCNMS,2090,SSS,mean,29.407705307006836
OCNMS,2090,SSS,stdev,0.44940802454948425
OCNMS,2091,SSS,mean,29.38530921936035
OCNMS,2091,SSS,stdev,0.4426415264606476
OCNMS,2092,SSS,mean,29.45229721069336
OCNMS,2092,SSS,stdev,0.43953925371170044
OCNMS,2093,SSS,mean,29.39384651184082
OCNMS,2093,SSS,stdev,0.441257506608963
OCNMS,2094,SSS,mean,29.451862335205078
OCNMS,2094,SSS,stdev,0.42749306559562683
OCNMS,2095,SSS,mean,29.3603572845459
OCNMS,2095,SSS,stdev,0.4526832699775696
OCNMS,2096,SSS,mean,29.283510208129883
OCNMS,2096,SSS,stdev,0.4550761282444
OCNMS,2097,SSS,mean,29.378829956054688
OCNMS,2097,SSS,stdev,0.43561166524887085
OCNMS,2098,SSS,mean,29.27478790283203
OCNMS,2098,SSS,stdev,0.4507192075252533
OCNMS,2099,SSS,mean,29.217056274414062
OCNMS,2099,SSS,stdev,0.46089082956314087
OCNMS,2100,SSS,mean,29.276411056518555
OCNMS,2100,SSS,stdev,0.45616209506988525
SBNMS,1990,SSS,mean,35.058475494384766
SBNMS,1990,SSS,stdev,0.20070716738700867
SBNMS,1991,SSS,mean,35.09028244018555
SBNMS,1991,SSS,stdev,0.1974211484193802
SBNMS,1992,SSS,mean,35.032859802246094
SBNMS,1992,SSS,stdev,0.20000746846199036
SBNMS,1993,SSS,mean,35.05183410644531
SBNMS,1993,SSS,stdev,0.19791598618030548
SBNMS,1994,SSS,mean,35.0622673034668
SBNMS,1994,SSS,stdev,0.19924405217170715
SBNMS,1995,SSS,mean,35.09004211425781
SBNMS,1995,SSS,stdev,0.19878919422626495
SBNMS,1996,SSS,mean,35.09083557128906
SBNMS,1996,SSS,stdev,0.1968957930803299
SBNMS,1997,SSS,mean,35.133262634277344
SBNMS,1997,SSS,stdev,0.1987404078245163
SBNMS,1998,SSS,mean,35.15135955810547
SBNMS,1998,SSS,stdev,0.19314780831336975
SBNMS,1999,SSS,mean,35.10828399658203
SBNMS,1999,SSS,stdev,0.20288537442684174
SBNMS,2000,SSS,mean,35.158504486083984
SBNMS,2000,SSS,stdev,0.19835367798805237
SBNMS,2001,SSS,mean,35.12405776977539
SBNMS,2001,SSS,stdev,0.19871355593204498
SBNMS,2002,SSS,mean,35.17684555053711
SBNMS,2002,SSS,stdev,0.19314707815647125
SBNMS,2003,SSS,mean,35.135623931884766
SBNMS,2003,SSS,stdev,0.2029491513967514
SBNMS,2004,SSS,mean,35.20738983154297
SBNMS,2004,SSS,stdev,0.19640083611011505
SBNMS,2005,SSS,mean,35.25830078125
SBNMS,2005,SSS,stdev,0.19035528600215912
SBNMS,2006,SSS,mean,35.24864196777344
SBNMS,2006,SSS,stdev,0.19545769691467285
SBNMS,2007,SSS,mean,35.24510192871094
SBNMS,2007,SSS,stdev,0.19913075864315033
SBNMS,2008,SSS,mean,35.294742584228516
SBNMS,2008,SSS,stdev,0.1954415738582611
SBNMS,2009,SSS,mean,35.28095626831055
SBNMS,2009,SSS,stdev,0.19532233476638794
SBNMS,2010,SSS,mean,35.24484634399414
SBNMS,2010,SSS,stdev,0.1988588571548462
SBNMS,2011,SSS,mean,35.259239196777344
SBNMS,2011,SSS,stdev,0.19756199419498444
SBNMS,2012,SSS,mean,35.28384017944336
SBNMS,2012,SSS,stdev,0.1960485726594925
SBNMS,2013,SSS,mean,35.27305221557617
SBNMS,2013,SSS,stdev,0.1983436644077301
SBNMS,2014,SSS,mean,35.295806884765625
SBNMS,2014,SSS,stdev,0.1999535709619522
SBNMS,2015,SSS,mean,35.288719177246094
SBNMS,2015,SSS,stdev,0.20503082871437073
SBNMS,2016,SSS,mean,35.31160354614258
SBNMS,2016,SSS,stdev,0.19580331444740295
SBNMS,2017,SSS,mean,35.311275482177734
SBNMS,2017,SSS,stdev,0.19656023383140564
SBNMS,2018,SSS,mean,35.31614685058594
SBNMS,2018,SSS,stdev,0.20077373087406158
SBNMS,2019,SSS,mean,35.33250045776367
SBNMS,2019,SSS,stdev,0.19544431567192078
SBNMS,2020,SSS,mean,35.26890182495117
SBNMS,2020,SSS,stdev,0.20282907783985138
SBNMS,2021,SSS,mean,35.299285888671875
SBNMS,2021,SSS,stdev,0.20032013952732086
SBNMS,2022,SSS,mean,35.30558776855469
SBNMS,2022,SSS,stdev,0.19843289256095886
SBNMS,2023,SSS,mean,35.37018585205078
SBNMS,2023,SSS,stdev,0.19370217621326447
SBNMS,2024,SSS,mean,35.318817138671875
SBNMS,2024,SSS,stdev,0.1998010128736496
SBNMS,2025,SSS,mean,35.32605743408203
SBNMS,2025,SSS,stdev,0.19794242084026337
SBNMS,2026,SSS,mean,35.346038818359375
SBNMS,2026,SSS,stdev,0.19716230034828186
SBNMS,2027,SSS,mean,35.28232192993164
SBNMS,2027,SSS,stdev,0.20417745411396027
SBNMS,2028,SSS,mean,35.299041748046875
SBNMS,2028,SSS,stdev,0.20457139611244202
SBNMS,2029,SSS,mean,35.32175064086914
SBNMS,2029,SSS,stdev,0.2009948194026947
SBNMS,2030,SSS,mean,35.285884857177734
SBNMS,2030,SSS,stdev,0.20379343628883362
SBNMS,2031,SSS,mean,35.312984466552734
SBNMS,2031,SSS,stdev,0.20116685330867767
SBNMS,2032,SSS,mean,35.340999603271484
SBNMS,2032,SSS,stdev,0.20160625874996185
SBNMS,2033,SSS,mean,35.361751556396484
SBNMS,2033,SSS,stdev,0.20244616270065308
SBNMS,2034,SSS,mean,35.334407806396484
SBNMS,2034,SSS,stdev,0.2035772055387497
SBNMS,2035,SSS,mean,35.36375427246094
SBNMS,2035,SSS,stdev,0.20431895554065704
SBNMS,2036,SSS,mean,35.33624267578125
SBNMS,2036,SSS,stdev,0.2072485238313675
SBNMS,2037,SSS,mean,35.33540344238281
SBNMS,2037,SSS,stdev,0.2081705927848816
SBNMS,2038,SSS,mean,35.30166244506836
SBNMS,2038,SSS,stdev,0.20988057553768158
SBNMS,2039,SSS,mean,35.33828353881836
SBNMS,2039,SSS,stdev,0.2099977433681488
SBNMS,2040,SSS,mean,35.3441276550293
SBNMS,2040,SSS,stdev,0.2100020796060562
SBNMS,2041,SSS,mean,35.349517822265625
SBNMS,2041,SSS,stdev,0.20940662920475006
SBNMS,2042,SSS,mean,35.391963958740234
SBNMS,2042,SSS,stdev,0.20686222612857819
SBNMS,2043,SSS,mean,35.38090896606445
SBNMS,2043,SSS,stdev,0.20469287037849426
SBNMS,2044,SSS,mean,35.2951545715332
SBNMS,2044,SSS,stdev,0.2104620337486267
SBNMS,2045,SSS,mean,35.31504821777344
SBNMS,2045,SSS,stdev,0.2111532837152481
SBNMS,2046,SSS,mean,35.343326568603516
SBNMS,2046,SSS,stdev,0.20903101563453674
SBNMS,2047,SSS,mean,35.36263656616211
SBNMS,2047,SSS,stdev,0.20821204781532288
SBNMS,2048,SSS,mean,35.36334991455078
SBNMS,2048,SSS,stdev,0.20793317258358002
SBNMS,2049,SSS,mean,35.35331726074219
SBNMS,2049,SSS,stdev,0.20862054824829102
SBNMS,2050,SSS,mean,35.37263107299805
SBNMS,2050,SSS,stdev,0.2111184000968933
SBNMS,2051,SSS,mean,35.382972717285156
SBNMS,2051,SSS,stdev,0.21019011735916138
SBNMS,2052,SSS,mean,35.328556060791016
SBNMS,2052,SSS,stdev,0.21343882381916046
SBNMS,2053,SSS,mean,35.33781051635742
SBNMS,2053,SSS,stdev,0.21457505226135254
SBNMS,2054,SSS,mean,35.3565559387207
SBNMS,2054,SSS,stdev,0.2135741114616394
SBNMS,2055,SSS,mean,35.35108947753906
SBNMS,2055,SSS,stdev,0.21153075993061066
SBNMS,2056,SSS,mean,35.27935028076172
SBNMS,2056,SSS,stdev,0.2201269418001175
SBNMS,2057,SSS,mean,35.27778625488281
SBNMS,2057,SSS,stdev,0.222115620970726
SBNMS,2058,SSS,mean,35.31727981567383
SBNMS,2058,SSS,stdev,0.21769973635673523
SBNMS,2059,SSS,mean,35.28750991821289
SBNMS,2059,SSS,stdev,0.21841874718666077
SBNMS,2060,SSS,mean,35.29351806640625
SBNMS,2060,SSS,stdev,0.21986322104930878
SBNMS,2061,SSS,mean,35.26234436035156
SBNMS,2061,SSS,stdev,0.2191992849111557
SBNMS,2062,SSS,mean,35.29680633544922
SBNMS,2062,SSS,stdev,0.21512776613235474
SBNMS,2063,SSS,mean,35.30061721801758
SBNMS,2063,SSS,stdev,0.2186892181634903
SBNMS,2064,SSS,mean,35.210975646972656
SBNMS,2064,SSS,stdev,0.22027608752250671
SBNMS,2065,SSS,mean,35.22214889526367
SBNMS,2065,SSS,stdev,0.2228066474199295
SBNMS,2066,SSS,mean,35.23236846923828
SBNMS,2066,SSS,stdev,0.21783050894737244
SBNMS,2067,SSS,mean,35.201866149902344
SBNMS,2067,SSS,stdev,0.21876463294029236
SBNMS,2068,SSS,mean,35.16849136352539
SBNMS,2068,SSS,stdev,0.22418275475502014
SBNMS,2069,SSS,mean,35.161231994628906
SBNMS,2069,SSS,stdev,0.2213759422302246
SBNMS,2070,SSS,mean,35.20235824584961
SBNMS,2070,SSS,stdev,0.2275637984275818
SBNMS,2071,SSS,mean,35.20984649658203
SBNMS,2071,SSS,stdev,0.21643920242786407
SBNMS,2072,SSS,mean,35.092288970947266
SBNMS,2072,SSS,stdev,0.2268572747707367
SBNMS,2073,SSS,mean,35.09327697753906
SBNMS,2073,SSS,stdev,0.23422715067863464
SBNMS,2074,SSS,mean,35.144554138183594
SBNMS,2074,SSS,stdev,0.22905196249485016
SBNMS,2075,SSS,mean,35.10282897949219
SBNMS,2075,SSS,stdev,0.22744673490524292
SBNMS,2076,SSS,mean,35.20610809326172
SBNMS,2076,SSS,stdev,0.2221365123987198
SBNMS,2077,SSS,mean,35.12873458862305
SBNMS,2077,SSS,stdev,0.22235338389873505
SBNMS,2078,SSS,mean,35.04440689086914
SBNMS,2078,SSS,stdev,0.23286433517932892
SBNMS,2079,SSS,mean,35.054443359375
SBNMS,2079,SSS,stdev,0.2237197756767273
SBNMS,2080,SSS,mean,34.91595458984375
SBNMS,2080,SSS,stdev,0.22894448041915894
SBNMS,2081,SSS,mean,34.92341232299805
SBNMS,2081,SSS,stdev,0.23204199969768524
SBNMS,2082,SSS,mean,34.88697052001953
SBNMS,2082,SSS,stdev,0.22934572398662567
SBNMS,2083,SSS,mean,34.76776123046875
SBNMS,2083,SSS,stdev,0.23287352919578552
SBNMS,2084,SSS,mean,34.7451057434082
SBNMS,2084,SSS,stdev,0.2436809092760086
SBNMS,2085,SSS,mean,34.78116989135742
SBNMS,2085,SSS,stdev,0.2295149266719818
SBNMS,2086,SSS,mean,34.809696197509766
SBNMS,2086,SSS,stdev,0.23946908116340637
SBNMS,2087,SSS,mean,34.83298873901367
SBNMS,2087,SSS,stdev,0.23316872119903564
SBNMS,2088,SSS,mean,34.72522735595703
SBNMS,2088,SSS,stdev,0.2313913255929947
SBNMS,2089,SSS,mean,34.752479553222656
SBNMS,2089,SSS,stdev,0.23489676415920258
SBNMS,2090,SSS,mean,34.71860122680664
SBNMS,2090,SSS,stdev,0.2324446141719818
SBNMS,2091,SSS,mean,34.67788314819336
SBNMS,2091,SSS,stdev,0.23468643426895142
SBNMS,2092,SSS,mean,34.62483596801758
SBNMS,2092,SSS,stdev,0.2340160608291626
SBNMS,2093,SSS,mean,34.597068786621094
SBNMS,2093,SSS,stdev,0.2391863465309143
SBNMS,2094,SSS,mean,34.54072189331055
SBNMS,2094,SSS,stdev,0.2411574423313141
SBNMS,2095,SSS,mean,34.42109298706055
SBNMS,2095,SSS,stdev,0.2365911304950714
SBNMS,2096,SSS,mean,34.34818649291992
SBNMS,2096,SSS,stdev,0.24498768150806427
SBNMS,2097,SSS,mean,34.31699752807617
SBNMS,2097,SSS,stdev,0.23956121504306793
SBNMS,2098,SSS,mean,34.1548957824707
SBNMS,2098,SSS,stdev,0.23861077427864075
SBNMS,2099,SSS,mean,34.082069396972656
SBNMS,2099,SSS,stdev,0.24563640356063843
SBNMS,2100,SSS,mean,34.05683517456055
SBNMS,2100,SSS,stdev,0.2437942773103714
TBNMS,1990,SSS,mean,NA
TBNMS,1990,SSS,stdev,NA
TBNMS,1991,SSS,mean,NA
TBNMS,1991,SSS,stdev,NA
TBNMS,1992,SSS,mean,NA
TBNMS,1992,SSS,stdev,NA
TBNMS,1993,SSS,mean,NA
TBNMS,1993,SSS,stdev,NA
TBNMS,1994,SSS,mean,NA
TBNMS,1994,SSS,stdev,NA
TBNMS,1995,SSS,mean,NA
TBNMS,1995,SSS,stdev,NA
TBNMS,1996,SSS,mean,NA
TBNMS,1996,SSS,stdev,NA
TBNMS,1997,SSS,mean,NA
TBNMS,1997,SSS,stdev,NA
TBNMS,1998,SSS,mean,NA
TBNMS,1998,SSS,stdev,NA
TBNMS,1999,SSS,mean,NA
TBNMS,1999,SSS,stdev,NA
TBNMS,2000,SSS,mean,NA
TBNMS,2000,SSS,stdev,NA
TBNMS,2001,SSS,mean,NA
TBNMS,2001,SSS,stdev,NA
TBNMS,2002,SSS,mean,NA
TBNMS,2002,SSS,stdev,NA
TBNMS,2003,SSS,mean,NA
TBNMS,2003,SSS,stdev,NA
TBNMS,2004,SSS,mean,NA
TBNMS,2004,SSS,stdev,NA
TBNMS,2005,SSS,mean,NA
TBNMS,2005,SSS,stdev,NA
TBNMS,2006,SSS,mean,NA
TBNMS,2006,SSS,stdev,NA
TBNMS,2007,SSS,mean,NA
TBNMS,2007,SSS,stdev,NA
TBNMS,2008,SSS,mean,NA
TBNMS,2008,SSS,stdev,NA
TBNMS,2009,SSS,mean,NA
TBNMS,2009,SSS,stdev,NA
TBNMS,2010,SSS,mean,NA
TBNMS,2010,SSS,stdev,NA
TBNMS,2011,SSS,mean,NA
TBNMS,2011,SSS,stdev,NA
TBNMS,2012,SSS,mean,NA
TBNMS,2012,SSS,stdev,NA
TBNMS,2013,SSS,mean,NA
TBNMS,2013,SSS,stdev,NA
TBNMS,2014,SSS,mean,NA
TBNMS,2014,SSS,stdev,NA
TBNMS,2015,SSS,mean,NA
TBNMS,2015,SSS,stdev,NA
TBNMS,2016,SSS,mean,NA
TBNMS,2016,SSS,stdev,NA
TBNMS,2017,SSS,mean,NA
TBNMS,2017,SSS,stdev,NA
TBNMS,2018,SSS,mean,NA
TBNMS,2018,SSS,stdev,NA
TBNMS,2019,SSS,mean,NA
TBNMS,2019,SSS,stdev,NA
TBNMS,2020,SSS,mean,NA
TBNMS,2020,SSS,stdev,NA
TBNMS,2021,SSS,mean,NA
TBNMS,2021,SSS,stdev,NA
TBNMS,2022,SSS,mean,NA
TBNMS,2022,SSS,stdev,NA
TBNMS,2023,SSS,mean,NA
TBNMS,2023,SSS,stdev,NA
TBNMS,2024,SSS,mean,NA
TBNMS,2024,SSS,stdev,NA
TBNMS,2025,SSS,mean,NA
TBNMS,2025,SSS,stdev,NA
TBNMS,2026,SSS,mean,NA
TBNMS,2026,SSS,stdev,NA
TBNMS,2027,SSS,mean,NA
TBNMS,2027,SSS,stdev,NA
TBNMS,2028,SSS,mean,NA
TBNMS,2028,SSS,stdev,NA
TBNMS,2029,SSS,mean,NA
TBNMS,2029,SSS,stdev,NA
TBNMS,2030,SSS,mean,NA
TBNMS,2030,SSS,stdev,NA
TBNMS,2031,SSS,mean,NA
TBNMS,2031,SSS,stdev,NA
TBNMS,2032,SSS,mean,NA
TBNMS,2032,SSS,stdev,NA
TBNMS,2033,SSS,mean,NA
TBNMS,2033,SSS,stdev,NA
TBNMS,2034,SSS,mean,NA
TBNMS,2034,SSS,stdev,NA
TBNMS,2035,SSS,mean,NA
TBNMS,2035,SSS,stdev,NA
TBNMS,2036,SSS,mean,NA
TBNMS,2036,SSS,stdev,NA
TBNMS,2037,SSS,mean,NA
TBNMS,2037,SSS,stdev,NA
TBNMS,2038,SSS,mean,NA
TBNMS,2038,SSS,stdev,NA
TBNMS,2039,SSS,mean,NA
TBNMS,2039,SSS,stdev,NA
TBNMS,2040,SSS,mean,NA
TBNMS,2040,SSS,stdev,NA
TBNMS,2041,SSS,mean,NA
TBNMS,2041,SSS,stdev,NA
TBNMS,2042,SSS,mean,NA
TBNMS,2042,SSS,stdev,NA
TBNMS,2043,SSS,mean,NA
TBNMS,2043,SSS,stdev,NA
TBNMS,2044,SSS,mean,NA
TBNMS,2044,SSS,stdev,NA
TBNMS,2045,SSS,mean,NA
TBNMS,2045,SSS,stdev,NA
TBNMS,2046,SSS,mean,NA
TBNMS,2046,SSS,stdev,NA
TBNMS,2047,SSS,mean,NA
TBNMS,2047,SSS,stdev,NA
TBNMS,2048,SSS,mean,NA
TBNMS,2048,SSS,stdev,NA
TBNMS,2049,SSS,mean,NA
TBNMS,2049,SSS,stdev,NA
TBNMS,2050,SSS,mean,NA
TBNMS,2050,SSS,stdev,NA
TBNMS,2051,SSS,mean,NA
TBNMS,2051,SSS,stdev,NA
TBNMS,2052,SSS,mean,NA
TBNMS,2052,SSS,stdev,NA
TBNMS,2053,SSS,mean,NA
TBNMS,2053,SSS,stdev,NA
TBNMS,2054,SSS,mean,NA
TBNMS,2054,SSS,stdev,NA
TBNMS,2055,SSS,mean,NA
TBNMS,2055,SSS,stdev,NA
TBNMS,2056,SSS,mean,NA
TBNMS,2056,SSS,stdev,NA
TBNMS,2057,SSS,mean,NA
TBNMS,2057,SSS,stdev,NA
TBNMS,2058,SSS,mean,NA
TBNMS,2058,SSS,stdev,NA
TBNMS,2059,SSS,mean,NA
TBNMS,2059,SSS,stdev,NA
TBNMS,2060,SSS,mean,NA
TBNMS,2060,SSS,stdev,NA
TBNMS,2061,SSS,mean,NA
TBNMS,2061,SSS,stdev,NA
TBNMS,2062,SSS,mean,NA
TBNMS,2062,SSS,stdev,NA
TBNMS,2063,SSS,mean,NA
TBNMS,2063,SSS,stdev,NA
TBNMS,2064,SSS,mean,NA
TBNMS,2064,SSS,stdev,NA
TBNMS,2065,SSS,mean,NA
TBNMS,2065,SSS,stdev,NA
TBNMS,2066,SSS,mean,NA
TBNMS,2066,SSS,stdev,NA
TBNMS,2067,SSS,mean,NA
TBNMS,2067,SSS,stdev,NA
TBNMS,2068,SSS,mean,NA
TBNMS,2068,SSS,stdev,NA
TBNMS,2069,SSS,mean,NA
TBNMS,2069,SSS,stdev,NA
TBNMS,2070,SSS,mean,NA
TBNMS,2070,SSS,stdev,NA
TBNMS,2071,SSS,mean,NA
TBNMS,2071,SSS,stdev,NA
TBNMS,2072,SSS,mean,NA
TBNMS,2072,SSS,stdev,NA
TBNMS,2073,SSS,mean,NA
TBNMS,2073,SSS,stdev,NA
TBNMS,2074,SSS,mean,NA
TBNMS,2074,SSS,stdev,NA
TBNMS,2075,SSS,mean,NA
TBNMS,2075,SSS,stdev,NA
TBNMS,2076,SSS,mean,NA
TBNMS,2076,SSS,stdev,NA
TBNMS,2077,SSS,mean,NA
TBNMS,2077,SSS,stdev,NA
TBNMS,2078,SSS,mean,NA
TBNMS,2078,SSS,stdev,NA
TBNMS,2079,SSS,mean,NA
TBNMS,2079,SSS,stdev,NA
TBNMS,2080,SSS,mean,NA
TBNMS,2080,SSS,stdev,NA
TBNMS,2081,SSS,mean,NA
TBNMS,2081,SSS,stdev,NA
TBNMS,2082,SSS,mean,NA
TBNMS,2082,SSS,stdev,NA
TBNMS,2083,SSS,mean,NA
TBNMS,2083,SSS,stdev,NA
TBNMS,2084,SSS,mean,NA
TBNMS,2084,SSS,stdev,NA
TBNMS,2085,SSS,mean,NA
TBNMS,2085,SSS,stdev,NA
TBNMS,2086,SSS,mean,NA
TBNMS,2086,SSS,stdev,NA
TBNMS,2087,SSS,mean,NA
TBNMS,2087,SSS,stdev,NA
TBNMS,2088,SSS,mean,NA
TBNMS,2088,SSS,stdev,NA
TBNMS,2089,SSS,mean,NA
TBNMS,2089,SSS,stdev,NA
TBNMS,2090,SSS,mean,NA
TBNMS,2090,SSS,stdev,NA
TBNMS,2091,SSS,mean,NA
TBNMS,2091,SSS,stdev,NA
TBNMS,2092,SSS,mean,NA
TBNMS,2092,SSS,stdev,NA
TBNMS,2093,SSS,mean,NA
TBNMS,2093,SSS,stdev,NA
TBNMS,2094,SSS,mean,NA
TBNMS,2094,SSS,stdev,NA
TBNMS,2095,SSS,mean,NA
TBNMS,2095,SSS,stdev,NA
TBNMS,2096,SSS,mean,NA
TBNMS,2096,SSS,stdev,NA
TBNMS,2097,SSS,mean,NA
TBNMS,2097,SSS,stdev,NA
TBNMS,2098,SSS,mean,NA
TBNMS,2098,SSS,stdev,NA
TBNMS,2099,SSS,mean,NA
TBNMS,2099,SSS,stdev,NA
TBNMS,2100,SSS,mean,NA
TBNMS,2100,SSS,stdev,NA
CBNMS,1990,SST,mean,15.550702095031738
CBNMS,1990,SST,stdev,0.2477090060710907
CBNMS,1991,SST,mean,15.529152870178223
CBNMS,1991,SST,stdev,0.2431911826133728
CBNMS,1992,SST,mean,15.383376121520996
CBNMS,1992,SST,stdev,0.24069128930568695
CBNMS,1993,SST,mean,15.420799255371094
CBNMS,1993,SST,stdev,0.24352943897247314
CBNMS,1994,SST,mean,15.459964752197266
CBNMS,1994,SST,stdev,0.25339028239250183
CBNMS,1995,SST,mean,15.384593963623047
CBNMS,1995,SST,stdev,0.2557390034198761
CBNMS,1996,SST,mean,15.45675277709961
CBNMS,1996,SST,stdev,0.25565576553344727
CBNMS,1997,SST,mean,15.691242218017578
CBNMS,1997,SST,stdev,0.2554124593734741
CBNMS,1998,SST,mean,15.714807510375977
CBNMS,1998,SST,stdev,0.25667956471443176
CBNMS,1999,SST,mean,15.717083930969238
CBNMS,1999,SST,stdev,0.2571908235549927
CBNMS,2000,SST,mean,15.761601448059082
CBNMS,2000,SST,stdev,0.2547709047794342
CBNMS,2001,SST,mean,15.997641563415527
CBNMS,2001,SST,stdev,0.24998468160629272
CBNMS,2002,SST,mean,16.01589584350586
CBNMS,2002,SST,stdev,0.25490236282348633
CBNMS,2003,SST,mean,15.881913185119629
CBNMS,2003,SST,stdev,0.253538578748703
CBNMS,2004,SST,mean,15.936016082763672
CBNMS,2004,SST,stdev,0.25290942192077637
CBNMS,2005,SST,mean,16.104402542114258
CBNMS,2005,SST,stdev,0.251320481300354
CBNMS,2006,SST,mean,15.93808364868164
CBNMS,2006,SST,stdev,0.25623947381973267
CBNMS,2007,SST,mean,16.00276756286621
CBNMS,2007,SST,stdev,0.2527531385421753
CBNMS,2008,SST,mean,15.979880332946777
CBNMS,2008,SST,stdev,0.25730761885643005
CBNMS,2009,SST,mean,16.082412719726562
CBNMS,2009,SST,stdev,0.2524266839027405
CBNMS,2010,SST,mean,16.1057186126709
CBNMS,2010,SST,stdev,0.25540393590927124
CBNMS,2011,SST,mean,16.187711715698242
CBNMS,2011,SST,stdev,0.24626243114471436
CBNMS,2012,SST,mean,16.09037971496582
CBNMS,2012,SST,stdev,0.2542240023612976
CBNMS,2013,SST,mean,16.17296600341797
CBNMS,2013,SST,stdev,0.25520047545433044
CBNMS,2014,SST,mean,16.205638885498047
CBNMS,2014,SST,stdev,0.2564259469509125
CBNMS,2015,SST,mean,16.13014793395996
CBNMS,2015,SST,stdev,0.2584092617034912
CBNMS,2016,SST,mean,16.137786865234375
CBNMS,2016,SST,stdev,0.25863176584243774
CBNMS,2017,SST,mean,16.18826675415039
CBNMS,2017,SST,stdev,0.2525404095649719
CBNMS,2018,SST,mean,16.089210510253906
CBNMS,2018,SST,stdev,0.25983381271362305
CBNMS,2019,SST,mean,16.301668167114258
CBNMS,2019,SST,stdev,0.25071972608566284
CBNMS,2020,SST,mean,16.2233829498291
CBNMS,2020,SST,stdev,0.2565145194530487
CBNMS,2021,SST,mean,16.14495277404785
CBNMS,2021,SST,stdev,0.2621105909347534
CBNMS,2022,SST,mean,16.166269302368164
CBNMS,2022,SST,stdev,0.25641030073165894
CBNMS,2023,SST,mean,16.050939559936523
CBNMS,2023,SST,stdev,0.2645227909088135
CBNMS,2024,SST,mean,16.158794403076172
CBNMS,2024,SST,stdev,0.2565159499645233
CBNMS,2025,SST,mean,16.197956085205078
CBNMS,2025,SST,stdev,0.25492924451828003
CBNMS,2026,SST,mean,16.31947135925293
CBNMS,2026,SST,stdev,0.25163713097572327
CBNMS,2027,SST,mean,16.228796005249023
CBNMS,2027,SST,stdev,0.2539118528366089
CBNMS,2028,SST,mean,16.30276870727539
CBNMS,2028,SST,stdev,0.25665155053138733
CBNMS,2029,SST,mean,16.371612548828125
CBNMS,2029,SST,stdev,0.25806182622909546
CBNMS,2030,SST,mean,16.356727600097656
CBNMS,2030,SST,stdev,0.25359368324279785
CBNMS,2031,SST,mean,16.337982177734375
CBNMS,2031,SST,stdev,0.24905677139759064
CBNMS,2032,SST,mean,16.419967651367188
CBNMS,2032,SST,stdev,0.25273242592811584
CBNMS,2033,SST,mean,16.43387794494629
CBNMS,2033,SST,stdev,0.24854589998722076
CBNMS,2034,SST,mean,16.48078727722168
CBNMS,2034,SST,stdev,0.25268512964248657
CBNMS,2035,SST,mean,16.64133071899414
CBNMS,2035,SST,stdev,0.2572009563446045
CBNMS,2036,SST,mean,16.70530128479004
CBNMS,2036,SST,stdev,0.2543835937976837
CBNMS,2037,SST,mean,16.569961547851562
CBNMS,2037,SST,stdev,0.25258952379226685
CBNMS,2038,SST,mean,16.594532012939453
CBNMS,2038,SST,stdev,0.2559604048728943
CBNMS,2039,SST,mean,16.5991153717041
CBNMS,2039,SST,stdev,0.256041020154953
CBNMS,2040,SST,mean,16.689056396484375
CBNMS,2040,SST,stdev,0.2531523108482361
CBNMS,2041,SST,mean,16.778717041015625
CBNMS,2041,SST,stdev,0.25291526317596436
CBNMS,2042,SST,mean,16.58755111694336
CBNMS,2042,SST,stdev,0.25418001413345337
CBNMS,2043,SST,mean,16.716693878173828
CBNMS,2043,SST,stdev,0.25808072090148926
CBNMS,2044,SST,mean,16.948219299316406
CBNMS,2044,SST,stdev,0.2515319585800171
CBNMS,2045,SST,mean,16.931882858276367
CBNMS,2045,SST,stdev,0.24864260852336884
CBNMS,2046,SST,mean,16.959928512573242
CBNMS,2046,SST,stdev,0.24577829241752625
CBNMS,2047,SST,mean,17.006521224975586
CBNMS,2047,SST,stdev,0.2472463846206665
CBNMS,2048,SST,mean,17.03062629699707
CBNMS,2048,SST,stdev,0.24770011007785797
CBNMS,2049,SST,mean,17.061492919921875
CBNMS,2049,SST,stdev,0.2553970515727997
CBNMS,2050,SST,mean,17.024232864379883
CBNMS,2050,SST,stdev,0.25248056650161743
CBNMS,2051,SST,mean,17.076946258544922
CBNMS,2051,SST,stdev,0.2573387026786804
CBNMS,2052,SST,mean,17.004465103149414
CBNMS,2052,SST,stdev,0.2564123868942261
CBNMS,2053,SST,mean,17.139286041259766
CBNMS,2053,SST,stdev,0.2511923611164093
CBNMS,2054,SST,mean,17.149206161499023
CBNMS,2054,SST,stdev,0.24713937938213348
CBNMS,2055,SST,mean,17.224458694458008
CBNMS,2055,SST,stdev,0.2576311230659485
CBNMS,2056,SST,mean,17.30708122253418
CBNMS,2056,SST,stdev,0.24915280938148499
CBNMS,2057,SST,mean,17.227794647216797
CBNMS,2057,SST,stdev,0.24439109861850739
CBNMS,2058,SST,mean,17.19520378112793
CBNMS,2058,SST,stdev,0.2472476363182068
CBNMS,2059,SST,mean,17.351863861083984
CBNMS,2059,SST,stdev,0.2527330219745636
CBNMS,2060,SST,mean,17.440589904785156
CBNMS,2060,SST,stdev,0.24617208540439606
CBNMS,2061,SST,mean,17.503305435180664
CBNMS,2061,SST,stdev,0.2526586651802063
CBNMS,2062,SST,mean,17.546506881713867
CBNMS,2062,SST,stdev,0.24669913947582245
CBNMS,2063,SST,mean,17.654478073120117
CBNMS,2063,SST,stdev,0.24823977053165436
CBNMS,2064,SST,mean,17.600858688354492
CBNMS,2064,SST,stdev,0.24731294810771942
CBNMS,2065,SST,mean,17.607511520385742
CBNMS,2065,SST,stdev,0.24708087742328644
CBNMS,2066,SST,mean,17.614900588989258
CBNMS,2066,SST,stdev,0.2501591145992279
CBNMS,2067,SST,mean,17.72344398498535
CBNMS,2067,SST,stdev,0.24647453427314758
CBNMS,2068,SST,mean,17.83045768737793
CBNMS,2068,SST,stdev,0.24169638752937317
CBNMS,2069,SST,mean,17.703935623168945
CBNMS,2069,SST,stdev,0.24890893697738647
CBNMS,2070,SST,mean,17.728713989257812
CBNMS,2070,SST,stdev,0.25165238976478577
CBNMS,2071,SST,mean,17.81226348876953
CBNMS,2071,SST,stdev,0.25061893463134766
CBNMS,2072,SST,mean,17.83047103881836
CBNMS,2072,SST,stdev,0.2450258582830429
CBNMS,2073,SST,mean,17.891902923583984
CBNMS,2073,SST,stdev,0.2413981556892395
CBNMS,2074,SST,mean,17.997333526611328
CBNMS,2074,SST,stdev,0.24195051193237305
CBNMS,2075,SST,mean,17.98024559020996
CBNMS,2075,SST,stdev,0.24506402015686035
CBNMS,2076,SST,mean,17.962230682373047
CBNMS,2076,SST,stdev,0.24378539621829987
CBNMS,2077,SST,mean,18.01946449279785
CBNMS,2077,SST,stdev,0.24283862113952637
CBNMS,2078,SST,mean,18.06073570251465
CBNMS,2078,SST,stdev,0.24660839140415192
CBNMS,2079,SST,mean,18.15348243713379
CBNMS,2079,SST,stdev,0.2424938827753067
CBNMS,2080,SST,mean,18.181869506835938
CBNMS,2080,SST,stdev,0.2453019917011261
CBNMS,2081,SST,mean,18.324804306030273
CBNMS,2081,SST,stdev,0.24978755414485931
CBNMS,2082,SST,mean,18.43020248413086
CBNMS,2082,SST,stdev,0.2398189753293991
CBNMS,2083,SST,mean,18.389955520629883
CBNMS,2083,SST,stdev,0.23718002438545227
CBNMS,2084,SST,mean,18.390451431274414
CBNMS,2084,SST,stdev,0.2463395893573761
CBNMS,2085,SST,mean,18.53655433654785
CBNMS,2085,SST,stdev,0.23899376392364502
CBNMS,2086,SST,mean,18.4664363861084
CBNMS,2086,SST,stdev,0.2423497587442398
CBNMS,2087,SST,mean,18.486757278442383
CBNMS,2087,SST,stdev,0.2424178570508957
CBNMS,2088,SST,mean,18.347585678100586
CBNMS,2088,SST,stdev,0.23983953893184662
CBNMS,2089,SST,mean,18.4910888671875
CBNMS,2089,SST,stdev,0.2397243082523346
CBNMS,2090,SST,mean,18.61944007873535
CBNMS,2090,SST,stdev,0.2408972829580307
CBNMS,2091,SST,mean,18.746219635009766
CBNMS,2091,SST,stdev,0.24047939479351044
CBNMS,2092,SST,mean,18.77387809753418
CBNMS,2092,SST,stdev,0.24062500894069672
CBNMS,2093,SST,mean,18.76380729675293
CBNMS,2093,SST,stdev,0.24297237396240234
CBNMS,2094,SST,mean,18.842830657958984
CBNMS,2094,SST,stdev,0.23833777010440826
CBNMS,2095,SST,mean,18.858448028564453
CBNMS,2095,SST,stdev,0.24639815092086792
CBNMS,2096,SST,mean,18.909297943115234
CBNMS,2096,SST,stdev,0.2416711300611496
CBNMS,2097,SST,mean,18.955957412719727
CBNMS,2097,SST,stdev,0.24204497039318085
CBNMS,2098,SST,mean,19.068262100219727
CBNMS,2098,SST,stdev,0.23772957921028137
CBNMS,2099,SST,mean,19.07210350036621
CBNMS,2099,SST,stdev,0.2421472817659378
CBNMS,2100,SST,mean,19.116493225097656
CBNMS,2100,SST,stdev,0.23268331587314606
CINMS,1990,SST,mean,18.164976119995117
CINMS,1990,SST,stdev,0.3462570011615753
CINMS,1991,SST,mean,18.051305770874023
CINMS,1991,SST,stdev,0.3361161947250366
CINMS,1992,SST,mean,17.866174697875977
CINMS,1992,SST,stdev,0.33123666048049927
CINMS,1993,SST,mean,17.967565536499023
CINMS,1993,SST,stdev,0.34279292821884155
CINMS,1994,SST,mean,18.023656845092773
CINMS,1994,SST,stdev,0.34244903922080994
CINMS,1995,SST,mean,17.982892990112305
CINMS,1995,SST,stdev,0.34849560260772705
CINMS,1996,SST,mean,18.06558609008789
CINMS,1996,SST,stdev,0.355231374502182
CINMS,1997,SST,mean,18.349552154541016
CINMS,1997,SST,stdev,0.3471537232398987
CINMS,1998,SST,mean,18.335229873657227
CINMS,1998,SST,stdev,0.3463214635848999
CINMS,1999,SST,mean,18.339658737182617
CINMS,1999,SST,stdev,0.35206544399261475
CINMS,2000,SST,mean,18.359060287475586
CINMS,2000,SST,stdev,0.35265564918518066
CINMS,2001,SST,mean,18.545881271362305
CINMS,2001,SST,stdev,0.3402048945426941
CINMS,2002,SST,mean,18.618602752685547
CINMS,2002,SST,stdev,0.3521837890148163
CINMS,2003,SST,mean,18.461408615112305
CINMS,2003,SST,stdev,0.35379117727279663
CINMS,2004,SST,mean,18.52193260192871
CINMS,2004,SST,stdev,0.3453502953052521
CINMS,2005,SST,mean,18.68260955810547
CINMS,2005,SST,stdev,0.3450252115726471
CINMS,2006,SST,mean,18.575355529785156
CINMS,2006,SST,stdev,0.35147470235824585
CINMS,2007,SST,mean,18.558368682861328
CINMS,2007,SST,stdev,0.342617005109787
CINMS,2008,SST,mean,18.612756729125977
CINMS,2008,SST,stdev,0.3584865629673004
CINMS,2009,SST,mean,18.690204620361328
CINMS,2009,SST,stdev,0.3508526086807251
CINMS,2010,SST,mean,18.71224021911621
CINMS,2010,SST,stdev,0.3449573218822479
CINMS,2011,SST,mean,18.751712799072266
CINMS,2011,SST,stdev,0.34447959065437317
CINMS,2012,SST,mean,18.68499755859375
CINMS,2012,SST,stdev,0.3551501929759979
CINMS,2013,SST,mean,18.80065155029297
CINMS,2013,SST,stdev,0.3574902415275574
CINMS,2014,SST,mean,18.85455322265625
CINMS,2014,SST,stdev,0.3545789420604706
CINMS,2015,SST,mean,18.765079498291016
CINMS,2015,SST,stdev,0.3590293228626251
CINMS,2016,SST,mean,18.797096252441406
CINMS,2016,SST,stdev,0.3568757176399231
CINMS,2017,SST,mean,18.764373779296875
CINMS,2017,SST,stdev,0.3497290313243866
CINMS,2018,SST,mean,18.70695686340332
CINMS,2018,SST,stdev,0.3548080325126648
CINMS,2019,SST,mean,18.891298294067383
CINMS,2019,SST,stdev,0.348075270652771
CINMS,2020,SST,mean,18.862895965576172
CINMS,2020,SST,stdev,0.35494136810302734
CINMS,2021,SST,mean,18.843074798583984
CINMS,2021,SST,stdev,0.36210379004478455
CINMS,2022,SST,mean,18.777664184570312
CINMS,2022,SST,stdev,0.35465702414512634
CINMS,2023,SST,mean,18.741268157958984
CINMS,2023,SST,stdev,0.36238986253738403
CINMS,2024,SST,mean,18.8065185546875
CINMS,2024,SST,stdev,0.3578019142150879
CINMS,2025,SST,mean,18.82780647277832
CINMS,2025,SST,stdev,0.35825082659721375
CINMS,2026,SST,mean,18.917783737182617
CINMS,2026,SST,stdev,0.3549526333808899
CINMS,2027,SST,mean,18.833858489990234
CINMS,2027,SST,stdev,0.34987926483154297
CINMS,2028,SST,mean,18.90323257446289
CINMS,2028,SST,stdev,0.3521246314048767
CINMS,2029,SST,mean,18.998579025268555
CINMS,2029,SST,stdev,0.3578670620918274
CINMS,2030,SST,mean,18.935882568359375
CINMS,2030,SST,stdev,0.3522258698940277
CINMS,2031,SST,mean,18.918230056762695
CINMS,2031,SST,stdev,0.3529312014579773
CINMS,2032,SST,mean,18.996126174926758
CINMS,2032,SST,stdev,0.34791606664657593
CINMS,2033,SST,mean,19.008298873901367
CINMS,2033,SST,stdev,0.35354742407798767
CINMS,2034,SST,mean,19.10456657409668
CINMS,2034,SST,stdev,0.35292336344718933
CINMS,2035,SST,mean,19.259746551513672
CINMS,2035,SST,stdev,0.35031673312187195
CINMS,2036,SST,mean,19.29726791381836
CINMS,2036,SST,stdev,0.349671334028244
CINMS,2037,SST,mean,19.161314010620117
CINMS,2037,SST,stdev,0.3534943163394928
CINMS,2038,SST,mean,19.16635513305664
CINMS,2038,SST,stdev,0.3529999554157257
CINMS,2039,SST,mean,19.208961486816406
CINMS,2039,SST,stdev,0.35089346766471863
CINMS,2040,SST,mean,19.30623435974121
CINMS,2040,SST,stdev,0.35529884696006775
CINMS,2041,SST,mean,19.382265090942383
CINMS,2041,SST,stdev,0.35786786675453186
CINMS,2042,SST,mean,19.177095413208008
CINMS,2042,SST,stdev,0.3601115942001343
CINMS,2043,SST,mean,19.377195358276367
CINMS,2043,SST,stdev,0.35152459144592285
CINMS,2044,SST,mean,19.527877807617188
CINMS,2044,SST,stdev,0.3472025394439697
CINMS,2045,SST,mean,19.473329544067383
CINMS,2045,SST,stdev,0.3451750576496124
CINMS,2046,SST,mean,19.481369018554688
CINMS,2046,SST,stdev,0.34655633568763733
CINMS,2047,SST,mean,19.562007904052734
CINMS,2047,SST,stdev,0.3444479703903198
CINMS,2048,SST,mean,19.565349578857422
CINMS,2048,SST,stdev,0.3474534749984741
CINMS,2049,SST,mean,19.68040657043457
CINMS,2049,SST,stdev,0.3544800281524658
CINMS,2050,SST,mean,19.625415802001953
CINMS,2050,SST,stdev,0.35354337096214294
CINMS,2051,SST,mean,19.67116355895996
CINMS,2051,SST,stdev,0.3515501022338867
CINMS,2052,SST,mean,19.61537742614746
CINMS,2052,SST,stdev,0.35569697618484497
CINMS,2053,SST,mean,19.69133186340332
CINMS,2053,SST,stdev,0.3507346510887146
CINMS,2054,SST,mean,19.67525291442871
CINMS,2054,SST,stdev,0.34339630603790283
CINMS,2055,SST,mean,19.810293197631836
CINMS,2055,SST,stdev,0.3506498336791992
CINMS,2056,SST,mean,19.829763412475586
CINMS,2056,SST,stdev,0.34766852855682373
CINMS,2057,SST,mean,19.718915939331055
CINMS,2057,SST,stdev,0.34185242652893066
CINMS,2058,SST,mean,19.72947120666504
CINMS,2058,SST,stdev,0.34815460443496704
CINMS,2059,SST,mean,19.931869506835938
CINMS,2059,SST,stdev,0.34834209084510803
CINMS,2060,SST,mean,19.93893814086914
CINMS,2060,SST,stdev,0.3358393609523773
CINMS,2061,SST,mean,20.070329666137695
CINMS,2061,SST,stdev,0.3457891345024109
CINMS,2062,SST,mean,20.076522827148438
CINMS,2062,SST,stdev,0.3398665487766266
CINMS,2063,SST,mean,20.151039123535156
CINMS,2063,SST,stdev,0.3339121639728546
CINMS,2064,SST,mean,20.10654640197754
CINMS,2064,SST,stdev,0.3425452709197998
CINMS,2065,SST,mean,20.11957550048828
CINMS,2065,SST,stdev,0.3390956223011017
CINMS,2066,SST,mean,20.151716232299805
CINMS,2066,SST,stdev,0.3377240300178528
CINMS,2067,SST,mean,20.259233474731445
CINMS,2067,SST,stdev,0.34484970569610596
CINMS,2068,SST,mean,20.332775115966797
CINMS,2068,SST,stdev,0.3363301455974579
CINMS,2069,SST,mean,20.227575302124023
CINMS,2069,SST,stdev,0.3386354148387909
CINMS,2070,SST,mean,20.23113250732422
CINMS,2070,SST,stdev,0.3369932174682617
CINMS,2071,SST,mean,20.332094192504883
CINMS,2071,SST,stdev,0.3372535705566406
CINMS,2072,SST,mean,20.31122398376465
CINMS,2072,SST,stdev,0.3373904228210449
CINMS,2073,SST,mean,20.350305557250977
CINMS,2073,SST,stdev,0.3348544239997864
CINMS,2074,SST,mean,20.446277618408203
CINMS,2074,SST,stdev,0.3328607380390167
CINMS,2075,SST,mean,20.430797576904297
CINMS,2075,SST,stdev,0.33414405584335327
CINMS,2076,SST,mean,20.44410514831543
CINMS,2076,SST,stdev,0.3402928113937378
CINMS,2077,SST,mean,20.484966278076172
CINMS,2077,SST,stdev,0.3324635326862335
CINMS,2078,SST,mean,20.504426956176758
CINMS,2078,SST,stdev,0.3305063545703888
CINMS,2079,SST,mean,20.601762771606445
CINMS,2079,SST,stdev,0.3299081325531006
CINMS,2080,SST,mean,20.637012481689453
CINMS,2080,SST,stdev,0.3344998359680176
CINMS,2081,SST,mean,20.822649002075195
CINMS,2081,SST,stdev,0.3353751301765442
CINMS,2082,SST,mean,20.842897415161133
CINMS,2082,SST,stdev,0.32285383343696594
CINMS,2083,SST,mean,20.809383392333984
CINMS,2083,SST,stdev,0.3309953510761261
CINMS,2084,SST,mean,20.885082244873047
CINMS,2084,SST,stdev,0.3342359960079193
CINMS,2085,SST,mean,20.959449768066406
CINMS,2085,SST,stdev,0.3273961544036865
CINMS,2086,SST,mean,20.9086971282959
CINMS,2086,SST,stdev,0.3353042006492615
CINMS,2087,SST,mean,20.946327209472656
CINMS,2087,SST,stdev,0.3304280936717987
CINMS,2088,SST,mean,20.787555694580078
CINMS,2088,SST,stdev,0.3411068022251129
CINMS,2089,SST,mean,20.95458221435547
CINMS,2089,SST,stdev,0.3360752761363983
CINMS,2090,SST,mean,21.01607894897461
CINMS,2090,SST,stdev,0.3269060552120209
CINMS,2091,SST,mean,21.212989807128906
CINMS,2091,SST,stdev,0.33109384775161743
CINMS,2092,SST,mean,21.191173553466797
CINMS,2092,SST,stdev,0.32995811104774475
CINMS,2093,SST,mean,21.215356826782227
CINMS,2093,SST,stdev,0.3308303654193878
CINMS,2094,SST,mean,21.2188663482666
CINMS,2094,SST,stdev,0.32603493332862854
CINMS,2095,SST,mean,21.277767181396484
CINMS,2095,SST,stdev,0.32571354508399963
CINMS,2096,SST,mean,21.318635940551758
CINMS,2096,SST,stdev,0.32614535093307495
CINMS,2097,SST,mean,21.373973846435547
CINMS,2097,SST,stdev,0.32526805996894836
CINMS,2098,SST,mean,21.432571411132812
CINMS,2098,SST,stdev,0.3241458237171173
CINMS,2099,SST,mean,21.471982955932617
CINMS,2099,SST,stdev,0.32631707191467285
CINMS,2100,SST,mean,21.444625854492188
CINMS,2100,SST,stdev,0.31950831413269043
CPNMS,1990,SST,mean,17.133052825927734
CPNMS,1990,SST,stdev,0.27174004912376404
CPNMS,1991,SST,mean,17.05634307861328
CPNMS,1991,SST,stdev,0.2579821050167084
CPNMS,1992,SST,mean,16.8868408203125
CPNMS,1992,SST,stdev,0.253011018037796
CPNMS,1993,SST,mean,16.954008102416992
CPNMS,1993,SST,stdev,0.26314353942871094
CPNMS,1994,SST,mean,17.014404296875
CPNMS,1994,SST,stdev,0.2639833390712738
CPNMS,1995,SST,mean,16.953432083129883
CPNMS,1995,SST,stdev,0.27000150084495544
CPNMS,1996,SST,mean,17.02536392211914
CPNMS,1996,SST,stdev,0.271675705909729
CPNMS,1997,SST,mean,17.305356979370117
CPNMS,1997,SST,stdev,0.27651575207710266
CPNMS,1998,SST,mean,17.303451538085938
CPNMS,1998,SST,stdev,0.27274274826049805
CPNMS,1999,SST,mean,17.298585891723633
CPNMS,1999,SST,stdev,0.27356624603271484
CPNMS,2000,SST,mean,17.319353103637695
CPNMS,2000,SST,stdev,0.27169930934906006
CPNMS,2001,SST,mean,17.5383358001709
CPNMS,2001,SST,stdev,0.2646065652370453
CPNMS,2002,SST,mean,17.583276748657227
CPNMS,2002,SST,stdev,0.26977089047431946
CPNMS,2003,SST,mean,17.424816131591797
CPNMS,2003,SST,stdev,0.2685088515281677
CPNMS,2004,SST,mean,17.49847412109375
CPNMS,2004,SST,stdev,0.26967787742614746
CPNMS,2005,SST,mean,17.65936279296875
CPNMS,2005,SST,stdev,0.2682656943798065
CPNMS,2006,SST,mean,17.527624130249023
CPNMS,2006,SST,stdev,0.27675315737724304
CPNMS,2007,SST,mean,17.547937393188477
CPNMS,2007,SST,stdev,0.2663007378578186
CPNMS,2008,SST,mean,17.556499481201172
CPNMS,2008,SST,stdev,0.2771807610988617
CPNMS,2009,SST,mean,17.649534225463867
CPNMS,2009,SST,stdev,0.2739350497722626
CPNMS,2010,SST,mean,17.683151245117188
CPNMS,2010,SST,stdev,0.2716202139854431
CPNMS,2011,SST,mean,17.731632232666016
CPNMS,2011,SST,stdev,0.26536986231803894
CPNMS,2012,SST,mean,17.644500732421875
CPNMS,2012,SST,stdev,0.2696322798728943
CPNMS,2013,SST,mean,17.74698257446289
CPNMS,2013,SST,stdev,0.27612775564193726
CPNMS,2014,SST,mean,17.801305770874023
CPNMS,2014,SST,stdev,0.27774226665496826
CPNMS,2015,SST,mean,17.710689544677734
CPNMS,2015,SST,stdev,0.2770442068576813
CPNMS,2016,SST,mean,17.737991333007812
CPNMS,2016,SST,stdev,0.27920904755592346
CPNMS,2017,SST,mean,17.73264503479004
CPNMS,2017,SST,stdev,0.26924723386764526
CPNMS,2018,SST,mean,17.66444206237793
CPNMS,2018,SST,stdev,0.2730422616004944
CPNMS,2019,SST,mean,17.857837677001953
CPNMS,2019,SST,stdev,0.27019402384757996
CPNMS,2020,SST,mean,17.810462951660156
CPNMS,2020,SST,stdev,0.2768479883670807
CPNMS,2021,SST,mean,17.76930809020996
CPNMS,2021,SST,stdev,0.28235626220703125
CPNMS,2022,SST,mean,17.7336368560791
CPNMS,2022,SST,stdev,0.27188268303871155
CPNMS,2023,SST,mean,17.66765785217285
CPNMS,2023,SST,stdev,0.28503039479255676
CPNMS,2024,SST,mean,17.747241973876953
CPNMS,2024,SST,stdev,0.27818191051483154
CPNMS,2025,SST,mean,17.769140243530273
CPNMS,2025,SST,stdev,0.27620387077331543
CPNMS,2026,SST,mean,17.871356964111328
CPNMS,2026,SST,stdev,0.2726907730102539
CPNMS,2027,SST,mean,17.799509048461914
CPNMS,2027,SST,stdev,0.27221450209617615
CPNMS,2028,SST,mean,17.864974975585938
CPNMS,2028,SST,stdev,0.2708897590637207
CPNMS,2029,SST,mean,17.945770263671875
CPNMS,2029,SST,stdev,0.2751930356025696
CPNMS,2030,SST,mean,17.901941299438477
CPNMS,2030,SST,stdev,0.2681727707386017
CPNMS,2031,SST,mean,17.87703514099121
CPNMS,2031,SST,stdev,0.27028539776802063
CPNMS,2032,SST,mean,17.96832847595215
CPNMS,2032,SST,stdev,0.2702794075012207
CPNMS,2033,SST,mean,17.969135284423828
CPNMS,2033,SST,stdev,0.26795700192451477
CPNMS,2034,SST,mean,18.058528900146484
CPNMS,2034,SST,stdev,0.27331382036209106
CPNMS,2035,SST,mean,18.220977783203125
CPNMS,2035,SST,stdev,0.2714290916919708
CPNMS,2036,SST,mean,18.261646270751953
CPNMS,2036,SST,stdev,0.26990818977355957
CPNMS,2037,SST,mean,18.121122360229492
CPNMS,2037,SST,stdev,0.2711320221424103
CPNMS,2038,SST,mean,18.134889602661133
CPNMS,2038,SST,stdev,0.269180029630661
CPNMS,2039,SST,mean,18.174304962158203
CPNMS,2039,SST,stdev,0.27162638306617737
CPNMS,2040,SST,mean,18.25362777709961
CPNMS,2040,SST,stdev,0.2731892168521881
CPNMS,2041,SST,mean,18.326663970947266
CPNMS,2041,SST,stdev,0.2740802764892578
CPNMS,2042,SST,mean,18.12308692932129
CPNMS,2042,SST,stdev,0.27311989665031433
CPNMS,2043,SST,mean,18.323450088500977
CPNMS,2043,SST,stdev,0.28071653842926025
CPNMS,2044,SST,mean,18.49537467956543
CPNMS,2044,SST,stdev,0.266841858625412
CPNMS,2045,SST,mean,18.45439338684082
CPNMS,2045,SST,stdev,0.26404789090156555
CPNMS,2046,SST,mean,18.4604434967041
CPNMS,2046,SST,stdev,0.2643059194087982
CPNMS,2047,SST,mean,18.541025161743164
CPNMS,2047,SST,stdev,0.26559925079345703
CPNMS,2048,SST,mean,18.543426513671875
CPNMS,2048,SST,stdev,0.2630040645599365
CPNMS,2049,SST,mean,18.630477905273438
CPNMS,2049,SST,stdev,0.2750788629055023
CPNMS,2050,SST,mean,18.57830810546875
CPNMS,2050,SST,stdev,0.272020161151886
CPNMS,2051,SST,mean,18.63396453857422
CPNMS,2051,SST,stdev,0.27128878235816956
CPNMS,2052,SST,mean,18.564136505126953
CPNMS,2052,SST,stdev,0.2745507061481476
CPNMS,2053,SST,mean,18.664016723632812
CPNMS,2053,SST,stdev,0.26579517126083374
CPNMS,2054,SST,mean,18.66217803955078
CPNMS,2054,SST,stdev,0.26306790113449097
CPNMS,2055,SST,mean,18.777379989624023
CPNMS,2055,SST,stdev,0.2693338394165039
CPNMS,2056,SST,mean,18.811412811279297
CPNMS,2056,SST,stdev,0.26179414987564087
CPNMS,2057,SST,mean,18.71776580810547
CPNMS,2057,SST,stdev,0.25715371966362
CPNMS,2058,SST,mean,18.704421997070312
CPNMS,2058,SST,stdev,0.2659033238887787
CPNMS,2059,SST,mean,18.897525787353516
CPNMS,2059,SST,stdev,0.2696020305156708
CPNMS,2060,SST,mean,18.94521141052246
CPNMS,2060,SST,stdev,0.2580130696296692
CPNMS,2061,SST,mean,19.046205520629883
CPNMS,2061,SST,stdev,0.2667832672595978
CPNMS,2062,SST,mean,19.069528579711914
CPNMS,2062,SST,stdev,0.2626478374004364
CPNMS,2063,SST,mean,19.161638259887695
CPNMS,2063,SST,stdev,0.25687745213508606
CPNMS,2064,SST,mean,19.096820831298828
CPNMS,2064,SST,stdev,0.262138307094574
CPNMS,2065,SST,mean,19.113231658935547
CPNMS,2065,SST,stdev,0.2602938711643219
CPNMS,2066,SST,mean,19.14849281311035
CPNMS,2066,SST,stdev,0.26324182748794556
CPNMS,2067,SST,mean,19.2379150390625
CPNMS,2067,SST,stdev,0.2655661106109619
CPNMS,2068,SST,mean,19.33055877685547
CPNMS,2068,SST,stdev,0.25784415006637573
CPNMS,2069,SST,mean,19.226173400878906
CPNMS,2069,SST,stdev,0.2617748975753784
CPNMS,2070,SST,mean,19.237390518188477
CPNMS,2070,SST,stdev,0.2578188478946686
CPNMS,2071,SST,mean,19.32965660095215
CPNMS,2071,SST,stdev,0.26119351387023926
CPNMS,2072,SST,mean,19.317739486694336
CPNMS,2072,SST,stdev,0.25720348954200745
CPNMS,2073,SST,mean,19.362768173217773
CPNMS,2073,SST,stdev,0.2554173767566681
CPNMS,2074,SST,mean,19.46091651916504
CPNMS,2074,SST,stdev,0.25511565804481506
CPNMS,2075,SST,mean,19.447229385375977
CPNMS,2075,SST,stdev,0.25336751341819763
CPNMS,2076,SST,mean,19.444551467895508
CPNMS,2076,SST,stdev,0.25795820355415344
CPNMS,2077,SST,mean,19.499183654785156
CPNMS,2077,SST,stdev,0.25475847721099854
CPNMS,2078,SST,mean,19.531719207763672
CPNMS,2078,SST,stdev,0.25216105580329895
CPNMS,2079,SST,mean,19.62099266052246
CPNMS,2079,SST,stdev,0.2533988654613495
CPNMS,2080,SST,mean,19.656827926635742
CPNMS,2080,SST,stdev,0.2518173158168793
CPNMS,2081,SST,mean,19.826982498168945
CPNMS,2081,SST,stdev,0.25900936126708984
CPNMS,2082,SST,mean,19.883195877075195
CPNMS,2082,SST,stdev,0.24741120636463165
CPNMS,2083,SST,mean,19.83371925354004
CPNMS,2083,SST,stdev,0.2492300570011139
CPNMS,2084,SST,mean,19.893768310546875
CPNMS,2084,SST,stdev,0.2582334280014038
CPNMS,2085,SST,mean,19.991384506225586
CPNMS,2085,SST,stdev,0.2487197369337082
CPNMS,2086,SST,mean,19.921802520751953
CPNMS,2086,SST,stdev,0.25267407298088074
CPNMS,2087,SST,mean,19.961101531982422
CPNMS,2087,SST,stdev,0.25559377670288086
CPNMS,2088,SST,mean,19.787368774414062
CPNMS,2088,SST,stdev,0.25370001792907715
CPNMS,2089,SST,mean,19.95820426940918
CPNMS,2089,SST,stdev,0.2559015452861786
CPNMS,2090,SST,mean,20.056703567504883
CPNMS,2090,SST,stdev,0.24677465856075287
CPNMS,2091,SST,mean,20.222000122070312
CPNMS,2091,SST,stdev,0.25748080015182495
CPNMS,2092,SST,mean,20.220870971679688
CPNMS,2092,SST,stdev,0.24927344918251038
CPNMS,2093,SST,mean,20.232980728149414
CPNMS,2093,SST,stdev,0.25385379791259766
CPNMS,2094,SST,mean,20.26048469543457
CPNMS,2094,SST,stdev,0.24587483704090118
CPNMS,2095,SST,mean,20.31751251220703
CPNMS,2095,SST,stdev,0.24841496348381042
CPNMS,2096,SST,mean,20.354721069335938
CPNMS,2096,SST,stdev,0.2469252198934555
CPNMS,2097,SST,mean,20.411287307739258
CPNMS,2097,SST,stdev,0.24891895055770874
CPNMS,2098,SST,mean,20.481653213500977
CPNMS,2098,SST,stdev,0.24333204329013824
CPNMS,2099,SST,mean,20.50819206237793
CPNMS,2099,SST,stdev,0.24893350899219513
CPNMS,2100,SST,mean,20.50498390197754
CPNMS,2100,SST,stdev,0.23791863024234772
FGBNMS,1990,SST,mean,25.819292068481445
FGBNMS,1990,SST,stdev,0.06345345824956894
FGBNMS,1991,SST,mean,25.764564514160156
FGBNMS,1991,SST,stdev,0.06575104594230652
FGBNMS,1992,SST,mean,25.52291488647461
FGBNMS,1992,SST,stdev,0.06893336027860641
FGBNMS,1993,SST,mean,25.673324584960938
FGBNMS,1993,SST,stdev,0.0661347508430481
FGBNMS,1994,SST,mean,25.75394630432129
FGBNMS,1994,SST,stdev,0.06410329788923264
FGBNMS,1995,SST,mean,25.84650421142578
FGBNMS,1995,SST,stdev,0.06857846677303314
FGBNMS,1996,SST,mean,25.976987838745117
FGBNMS,1996,SST,stdev,0.061834532767534256
FGBNMS,1997,SST,mean,25.980310440063477
FGBNMS,1997,SST,stdev,0.0653519481420517
FGBNMS,1998,SST,mean,25.967376708984375
FGBNMS,1998,SST,stdev,0.06601076573133469
FGBNMS,1999,SST,mean,26.01434326171875
FGBNMS,1999,SST,stdev,0.07345957309007645
FGBNMS,2000,SST,mean,26.126338958740234
FGBNMS,2000,SST,stdev,0.06639646738767624
FGBNMS,2001,SST,mean,26.131532669067383
FGBNMS,2001,SST,stdev,0.06610246747732162
FGBNMS,2002,SST,mean,26.225746154785156
FGBNMS,2002,SST,stdev,0.06276071816682816
FGBNMS,2003,SST,mean,26.17850112915039
FGBNMS,2003,SST,stdev,0.06723812222480774
FGBNMS,2004,SST,mean,26.187223434448242
FGBNMS,2004,SST,stdev,0.0674317330121994
FGBNMS,2005,SST,mean,26.138376235961914
FGBNMS,2005,SST,stdev,0.06630111485719681
FGBNMS,2006,SST,mean,26.293460845947266
FGBNMS,2006,SST,stdev,0.06777499616146088
FGBNMS,2007,SST,mean,26.346094131469727
FGBNMS,2007,SST,stdev,0.06531433761119843
FGBNMS,2008,SST,mean,26.364116668701172
FGBNMS,2008,SST,stdev,0.0646526962518692
FGBNMS,2009,SST,mean,26.35775375366211
FGBNMS,2009,SST,stdev,0.068797968327999115
FGBNMS,2010,SST,mean,26.347148895263672
FGBNMS,2010,SST,stdev,0.06296990811824799
FGBNMS,2011,SST,mean,26.379432678222656
FGBNMS,2011,SST,stdev,0.06610742956399918
FGBNMS,2012,SST,mean,26.464332580566406
FGBNMS,2012,SST,stdev,0.06288526952266693
FGBNMS,2013,SST,mean,26.504398345947266
FGBNMS,2013,SST,stdev,0.06783139705657959
FGBNMS,2014,SST,mean,26.60533905029297
FGBNMS,2014,SST,stdev,0.06028670445084572
FGBNMS,2015,SST,mean,26.58700180053711
FGBNMS,2015,SST,stdev,0.06310379505157471
FGBNMS,2016,SST,mean,26.600065231323242
FGBNMS,2016,SST,stdev,0.06404850631952286
FGBNMS,2017,SST,mean,26.537954330444336
FGBNMS,2017,SST,stdev,0.06487750262022018
FGBNMS,2018,SST,mean,26.63066864013672
FGBNMS,2018,SST,stdev,0.0666872039437294
FGBNMS,2019,SST,mean,26.594799041748047
FGBNMS,2019,SST,stdev,0.06642800569534302
FGBNMS,2020,SST,mean,26.609453201293945
FGBNMS,2020,SST,stdev,0.06116848811507225
FGBNMS,2021,SST,mean,26.682870864868164
FGBNMS,2021,SST,stdev,0.0668838620185852
FGBNMS,2022,SST,mean,26.667987823486328
FGBNMS,2022,SST,stdev,0.06617939472198486
FGBNMS,2023,SST,mean,26.692834854125977
FGBNMS,2023,SST,stdev,0.0717710629105568
FGBNMS,2024,SST,mean,26.72138786315918
FGBNMS,2024,SST,stdev,0.06862848252058029
FGBNMS,2025,SST,mean,26.73336410522461
FGBNMS,2025,SST,stdev,0.06803900748491287
FGBNMS,2026,SST,mean,26.762393951416016
FGBNMS,2026,SST,stdev,0.06950250267982483
FGBNMS,2027,SST,mean,26.762165069580078
FGBNMS,2027,SST,stdev,0.06858208775520325
FGBNMS,2028,SST,mean,26.778722763061523
FGBNMS,2028,SST,stdev,0.06458842754364014
FGBNMS,2029,SST,mean,26.801746368408203
FGBNMS,2029,SST,stdev,0.06132644787430763
FGBNMS,2030,SST,mean,26.86617088317871
FGBNMS,2030,SST,stdev,0.06235517933964729
FGBNMS,2031,SST,mean,26.918012619018555
FGBNMS,2031,SST,stdev,0.06566642224788666
FGBNMS,2032,SST,mean,26.90900421142578
FGBNMS,2032,SST,stdev,0.06598993390798569
FGBNMS,2033,SST,mean,26.974308013916016
FGBNMS,2033,SST,stdev,0.06878076493740082
FGBNMS,2034,SST,mean,26.969863891601562
FGBNMS,2034,SST,stdev,0.0665406808257103
FGBNMS,2035,SST,mean,27.052648544311523
FGBNMS,2035,SST,stdev,0.06557797640562057
FGBNMS,2036,SST,mean,27.150012969970703
FGBNMS,2036,SST,stdev,0.06629504263401031
FGBNMS,2037,SST,mean,27.170137405395508
FGBNMS,2037,SST,stdev,0.06657513976097107
FGBNMS,2038,SST,mean,27.14659309387207
FGBNMS,2038,SST,stdev,0.06495130062103271
FGBNMS,2039,SST,mean,27.180736541748047
FGBNMS,2039,SST,stdev,0.06555220484733582
FGBNMS,2040,SST,mean,27.217592239379883
FGBNMS,2040,SST,stdev,0.06701871007680893
FGBNMS,2041,SST,mean,27.25795555114746
FGBNMS,2041,SST,stdev,0.0614243783056736
FGBNMS,2042,SST,mean,27.33196449279785
FGBNMS,2042,SST,stdev,0.0687025636434555
FGBNMS,2043,SST,mean,27.328876495361328
FGBNMS,2043,SST,stdev,0.07002207636833191
FGBNMS,2044,SST,mean,27.211183547973633
FGBNMS,2044,SST,stdev,0.06637855619192123
FGBNMS,2045,SST,mean,27.307870864868164
FGBNMS,2045,SST,stdev,0.06292229145765305
FGBNMS,2046,SST,mean,27.383649826049805
FGBNMS,2046,SST,stdev,0.06966418772935867
FGBNMS,2047,SST,mean,27.44301414489746
FGBNMS,2047,SST,stdev,0.06617328524589539
FGBNMS,2048,SST,mean,27.430513381958008
FGBNMS,2048,SST,stdev,0.0654996782541275
FGBNMS,2049,SST,mean,27.43598747253418
FGBNMS,2049,SST,stdev,0.06734801828861237
FGBNMS,2050,SST,mean,27.487506866455078
FGBNMS,2050,SST,stdev,0.06468263268470764
FGBNMS,2051,SST,mean,27.520132064819336
FGBNMS,2051,SST,stdev,0.0656658411026001
FGBNMS,2052,SST,mean,27.552949905395508
FGBNMS,2052,SST,stdev,0.0684923529624939
FGBNMS,2053,SST,mean,27.516210556030273
FGBNMS,2053,SST,stdev,0.06325320899486542
FGBNMS,2054,SST,mean,27.642911911010742
FGBNMS,2054,SST,stdev,0.07207109779119492
FGBNMS,2055,SST,mean,27.67449378967285
FGBNMS,2055,SST,stdev,0.06727095693349838
FGBNMS,2056,SST,mean,27.691255569458008
FGBNMS,2056,SST,stdev,0.06842046231031418
FGBNMS,2057,SST,mean,27.715633392333984
FGBNMS,2057,SST,stdev,0.06286211311817169
FGBNMS,2058,SST,mean,27.822980880737305
FGBNMS,2058,SST,stdev,0.06926557421684265
FGBNMS,2059,SST,mean,27.776962280273438
FGBNMS,2059,SST,stdev,0.06896413862705231
FGBNMS,2060,SST,mean,27.769453048706055
FGBNMS,2060,SST,stdev,0.06603971123695374
FGBNMS,2061,SST,mean,27.79680824279785
FGBNMS,2061,SST,stdev,0.061326779425144196
FGBNMS,2062,SST,mean,27.874616622924805
FGBNMS,2062,SST,stdev,0.06643262505531311
FGBNMS,2063,SST,mean,27.898832321166992
FGBNMS,2063,SST,stdev,0.062182143330574036
FGBNMS,2064,SST,mean,28.008073806762695
FGBNMS,2064,SST,stdev,0.062495436519384384
FGBNMS,2065,SST,mean,27.994766235351562
FGBNMS,2065,SST,stdev,0.0701301246881485
FGBNMS,2066,SST,mean,27.964927673339844
FGBNMS,2066,SST,stdev,0.06696456670761108
FGBNMS,2067,SST,mean,28.03020477294922
FGBNMS,2067,SST,stdev,0.06483487784862518
FGBNMS,2068,SST,mean,27.99464988708496
FGBNMS,2068,SST,stdev,0.06711126863956451
FGBNMS,2069,SST,mean,28.072975158691406
FGBNMS,2069,SST,stdev,0.05976350978016853
FGBNMS,2070,SST,mean,28.16767692565918
FGBNMS,2070,SST,stdev,0.06432560831308365
FGBNMS,2071,SST,mean,28.158899307250977
FGBNMS,2071,SST,stdev,0.06753120571374893
FGBNMS,2072,SST,mean,28.14661407470703
FGBNMS,2072,SST,stdev,0.05945989489555359
FGBNMS,2073,SST,mean,28.194278717041016
FGBNMS,2073,SST,stdev,0.06704490631818771
FGBNMS,2074,SST,mean,28.224599838256836
FGBNMS,2074,SST,stdev,0.0663747787475586
FGBNMS,2075,SST,mean,28.262842178344727
FGBNMS,2075,SST,stdev,0.0566646084189415
FGBNMS,2076,SST,mean,28.330434799194336
FGBNMS,2076,SST,stdev,0.06790593266487122
FGBNMS,2077,SST,mean,28.27326011657715
FGBNMS,2077,SST,stdev,0.06174400448799133
FGBNMS,2078,SST,mean,28.43378257751465
FGBNMS,2078,SST,stdev,0.06610626727342606
FGBNMS,2079,SST,mean,28.41616439819336
FGBNMS,2079,SST,stdev,0.06349749118089676
FGBNMS,2080,SST,mean,28.435346603393555
FGBNMS,2080,SST,stdev,0.057756852358579636
FGBNMS,2081,SST,mean,28.572933197021484
FGBNMS,2081,SST,stdev,0.06450262665748596
FGBNMS,2082,SST,mean,28.543474197387695
FGBNMS,2082,SST,stdev,0.06545069813728333
FGBNMS,2083,SST,mean,28.543716430664062
FGBNMS,2083,SST,stdev,0.057156674563884735
FGBNMS,2084,SST,mean,28.672210693359375
FGBNMS,2084,SST,stdev,0.0636707991361618
FGBNMS,2085,SST,mean,28.64876937866211
FGBNMS,2085,SST,stdev,0.05575280636548996
FGBNMS,2086,SST,mean,28.681413650512695
FGBNMS,2086,SST,stdev,0.06238219514489174
FGBNMS,2087,SST,mean,28.706050872802734
FGBNMS,2087,SST,stdev,0.06147363409399986
FGBNMS,2088,SST,mean,28.75465965270996
FGBNMS,2088,SST,stdev,0.05904315784573555
FGBNMS,2089,SST,mean,28.878042221069336
FGBNMS,2089,SST,stdev,0.06229928508400917
FGBNMS,2090,SST,mean,28.8378963470459
FGBNMS,2090,SST,stdev,0.06186471879482269
FGBNMS,2091,SST,mean,28.914186477661133
FGBNMS,2091,SST,stdev,0.06187865510582924
FGBNMS,2092,SST,mean,28.8576602935791
FGBNMS,2092,SST,stdev,0.05944110453128815
FGBNMS,2093,SST,mean,28.935243606567383
FGBNMS,2093,SST,stdev,0.06113622710108757
FGBNMS,2094,SST,mean,28.953821182250977
FGBNMS,2094,SST,stdev,0.06182540953159332
FGBNMS,2095,SST,mean,29.03958511352539
FGBNMS,2095,SST,stdev,0.05737899988889694
FGBNMS,2096,SST,mean,29.0977783203125
FGBNMS,2096,SST,stdev,0.060404930263757706
FGBNMS,2097,SST,mean,29.05559730529785
FGBNMS,2097,SST,stdev,0.06042368710041046
FGBNMS,2098,SST,mean,29.15926742553711
FGBNMS,2098,SST,stdev,0.05657866224646568
FGBNMS,2099,SST,mean,29.19939613342285
FGBNMS,2099,SST,stdev,0.06436949968338013
FGBNMS,2100,SST,mean,29.191242218017578
FGBNMS,2100,SST,stdev,0.05923910439014435
FKNMS,1990,SST,mean,27.624990463256836
FKNMS,1990,SST,stdev,0.08906318992376328
FKNMS,1991,SST,mean,27.61205291748047
FKNMS,1991,SST,stdev,0.08856979757547379
FKNMS,1992,SST,mean,27.46098518371582
FKNMS,1992,SST,stdev,0.09071440249681473
FKNMS,1993,SST,mean,27.521852493286133
FKNMS,1993,SST,stdev,0.08592057973146439
FKNMS,1994,SST,mean,27.587488174438477
FKNMS,1994,SST,stdev,0.0863504633307457
FKNMS,1995,SST,mean,27.666234970092773
FKNMS,1995,SST,stdev,0.08336234837770462
FKNMS,1996,SST,mean,27.709182739257812
FKNMS,1996,SST,stdev,0.08095823973417282
FKNMS,1997,SST,mean,27.72252655029297
FKNMS,1997,SST,stdev,0.08330877870321274
FKNMS,1998,SST,mean,27.8059139251709
FKNMS,1998,SST,stdev,0.08626508712768555
FKNMS,1999,SST,mean,27.8548583984375
FKNMS,1999,SST,stdev,0.08306846767663956
FKNMS,2000,SST,mean,27.886070251464844
FKNMS,2000,SST,stdev,0.08290988951921463
FKNMS,2001,SST,mean,27.944536209106445
FKNMS,2001,SST,stdev,0.08382371068000793
FKNMS,2002,SST,mean,28.03225326538086
FKNMS,2002,SST,stdev,0.08564307540655136
FKNMS,2003,SST,mean,27.97968101501465
FKNMS,2003,SST,stdev,0.08455069363117218
FKNMS,2004,SST,mean,28.006853103637695
FKNMS,2004,SST,stdev,0.08225636929273605
FKNMS,2005,SST,mean,28.004261016845703
FKNMS,2005,SST,stdev,0.08690017461776733
FKNMS,2006,SST,mean,28.064353942871094
FKNMS,2006,SST,stdev,0.0828387439250946
FKNMS,2007,SST,mean,28.10026741027832
FKNMS,2007,SST,stdev,0.08157499134540558
FKNMS,2008,SST,mean,28.103702545166016
FKNMS,2008,SST,stdev,0.08135107904672623
FKNMS,2009,SST,mean,28.135866165161133
FKNMS,2009,SST,stdev,0.08177467435598373
FKNMS,2010,SST,mean,28.172210693359375
FKNMS,2010,SST,stdev,0.0863950327038765
FKNMS,2011,SST,mean,28.150880813598633
FKNMS,2011,SST,stdev,0.08362209796905518
FKNMS,2012,SST,mean,28.211322784423828
FKNMS,2012,SST,stdev,0.08229868859052658
FKNMS,2013,SST,mean,28.217208862304688
FKNMS,2013,SST,stdev,0.08038806915283203
FKNMS,2014,SST,mean,28.29782485961914
FKNMS,2014,SST,stdev,0.0823531374335289
FKNMS,2015,SST,mean,28.256370544433594
FKNMS,2015,SST,stdev,0.08014839142560959
FKNMS,2016,SST,mean,28.282808303833008
FKNMS,2016,SST,stdev,0.07783292979001999
FKNMS,2017,SST,mean,28.29892921447754
FKNMS,2017,SST,stdev,0.08387742936611176
FKNMS,2018,SST,mean,28.274471282958984
FKNMS,2018,SST,stdev,0.07653459906578064
FKNMS,2019,SST,mean,28.320035934448242
FKNMS,2019,SST,stdev,0.08147002011537552
FKNMS,2020,SST,mean,28.37647247314453
FKNMS,2020,SST,stdev,0.08281365036964417
FKNMS,2021,SST,mean,28.32025718688965
FKNMS,2021,SST,stdev,0.0785328820347786
FKNMS,2022,SST,mean,28.362712860107422
FKNMS,2022,SST,stdev,0.07916797697544098
FKNMS,2023,SST,mean,28.396846771240234
FKNMS,2023,SST,stdev,0.0761781558394432
FKNMS,2024,SST,mean,28.421428680419922
FKNMS,2024,SST,stdev,0.08100048452615738
FKNMS,2025,SST,mean,28.424110412597656
FKNMS,2025,SST,stdev,0.07860247045755386
FKNMS,2026,SST,mean,28.464168548583984
FKNMS,2026,SST,stdev,0.0779803991317749
FKNMS,2027,SST,mean,28.472400665283203
FKNMS,2027,SST,stdev,0.07895121723413467
FKNMS,2028,SST,mean,28.514728546142578
FKNMS,2028,SST,stdev,0.08105155825614929
FKNMS,2029,SST,mean,28.482431411743164
FKNMS,2029,SST,stdev,0.08100652694702148
FKNMS,2030,SST,mean,28.53746223449707
FKNMS,2030,SST,stdev,0.07714994251728058
FKNMS,2031,SST,mean,28.63758659362793
FKNMS,2031,SST,stdev,0.0814286544919014
FKNMS,2032,SST,mean,28.579626083374023
FKNMS,2032,SST,stdev,0.07817596197128296
FKNMS,2033,SST,mean,28.644775390625
FKNMS,2033,SST,stdev,0.07645808160305023
FKNMS,2034,SST,mean,28.65856170654297
FKNMS,2034,SST,stdev,0.07837487012147903
FKNMS,2035,SST,mean,28.763334274291992
FKNMS,2035,SST,stdev,0.07835949957370758
FKNMS,2036,SST,mean,28.830224990844727
FKNMS,2036,SST,stdev,0.07703510671854019
FKNMS,2037,SST,mean,28.84969139099121
FKNMS,2037,SST,stdev,0.0793713852763176
FKNMS,2038,SST,mean,28.851415634155273
FKNMS,2038,SST,stdev,0.0774039626121521
FKNMS,2039,SST,mean,28.823509216308594
FKNMS,2039,SST,stdev,0.07580693811178207
FKNMS,2040,SST,mean,28.872583389282227
FKNMS,2040,SST,stdev,0.07634737342596054
FKNMS,2041,SST,mean,28.93431282043457
FKNMS,2041,SST,stdev,0.08053356409072876
FKNMS,2042,SST,mean,28.96640396118164
FKNMS,2042,SST,stdev,0.07308517396450043
FKNMS,2043,SST,mean,28.97001075744629
FKNMS,2043,SST,stdev,0.07436390966176987
FKNMS,2044,SST,mean,28.97284698486328
FKNMS,2044,SST,stdev,0.082179494202137
FKNMS,2045,SST,mean,28.96695899963379
FKNMS,2045,SST,stdev,0.07916034013032913
FKNMS,2046,SST,mean,29.053316116333008
FKNMS,2046,SST,stdev,0.07770469784736633
FKNMS,2047,SST,mean,29.117828369140625
FKNMS,2047,SST,stdev,0.074030801653862
FKNMS,2048,SST,mean,29.118419647216797
FKNMS,2048,SST,stdev,0.07957623898983002
FKNMS,2049,SST,mean,29.119844436645508
FKNMS,2049,SST,stdev,0.07789748162031174
FKNMS,2050,SST,mean,29.1672420501709
FKNMS,2050,SST,stdev,0.0763576552271843
FKNMS,2051,SST,mean,29.218461990356445
FKNMS,2051,SST,stdev,0.07637684792280197
FKNMS,2052,SST,mean,29.241252899169922
FKNMS,2052,SST,stdev,0.0766790360212326
FKNMS,2053,SST,mean,29.197601318359375
FKNMS,2053,SST,stdev,0.07937721163034439
FKNMS,2054,SST,mean,29.284271240234375
FKNMS,2054,SST,stdev,0.07250905781984329
FKNMS,2055,SST,mean,29.30457878112793
FKNMS,2055,SST,stdev,0.07823441922664642
FKNMS,2056,SST,mean,29.3598690032959
FKNMS,2056,SST,stdev,0.07714216411113739
FKNMS,2057,SST,mean,29.383432388305664
FKNMS,2057,SST,stdev,0.08153674751520157
FKNMS,2058,SST,mean,29.413904190063477
FKNMS,2058,SST,stdev,0.07328580319881439
FKNMS,2059,SST,mean,29.412277221679688
FKNMS,2059,SST,stdev,0.07705370336771011
FKNMS,2060,SST,mean,29.423269271850586
FKNMS,2060,SST,stdev,0.07623576372861862
FKNMS,2061,SST,mean,29.448490142822266
FKNMS,2061,SST,stdev,0.07949446886777878
FKNMS,2062,SST,mean,29.494619369506836
FKNMS,2062,SST,stdev,0.07491812855005264
FKNMS,2063,SST,mean,29.538616180419922
FKNMS,2063,SST,stdev,0.08002981543540955
FKNMS,2064,SST,mean,29.61996078491211
FKNMS,2064,SST,stdev,0.07937068492174149
FKNMS,2065,SST,mean,29.617177963256836
FKNMS,2065,SST,stdev,0.07623060792684555
FKNMS,2066,SST,mean,29.65692710876465
FKNMS,2066,SST,stdev,0.07941791415214539
FKNMS,2067,SST,mean,29.655973434448242
FKNMS,2067,SST,stdev,0.07785104960203171
FKNMS,2068,SST,mean,29.700227737426758
FKNMS,2068,SST,stdev,0.07897327095270157
FKNMS,2069,SST,mean,29.728593826293945
FKNMS,2069,SST,stdev,0.08451066166162491
FKNMS,2070,SST,mean,29.774431228637695
FKNMS,2070,SST,stdev,0.07583064585924149
FKNMS,2071,SST,mean,29.82222557067871
FKNMS,2071,SST,stdev,0.07835184037685394
FKNMS,2072,SST,mean,29.79509162902832
FKNMS,2072,SST,stdev,0.08156070113182068
FKNMS,2073,SST,mean,29.851655960083008
FKNMS,2073,SST,stdev,0.07627998292446136
FKNMS,2074,SST,mean,29.85422134399414
FKNMS,2074,SST,stdev,0.0771055743098259
FKNMS,2075,SST,mean,29.906536102294922
FKNMS,2075,SST,stdev,0.08375504612922668
FKNMS,2076,SST,mean,29.914003372192383
FKNMS,2076,SST,stdev,0.0730554461479187
FKNMS,2077,SST,mean,29.95042610168457
FKNMS,2077,SST,stdev,0.08167795091867447
FKNMS,2078,SST,mean,30.023279190063477
FKNMS,2078,SST,stdev,0.07740960270166397
FKNMS,2079,SST,mean,30.03350830078125
FKNMS,2079,SST,stdev,0.07928251475095749
FKNMS,2080,SST,mean,30.085996627807617
FKNMS,2080,SST,stdev,0.08652564883232117
FKNMS,2081,SST,mean,30.150318145751953
FKNMS,2081,SST,stdev,0.0783914104104042
FKNMS,2082,SST,mean,30.210418701171875
FKNMS,2082,SST,stdev,0.08029641211032867
FKNMS,2083,SST,mean,30.22543716430664
FKNMS,2083,SST,stdev,0.08590995520353317
FKNMS,2084,SST,mean,30.237272262573242
FKNMS,2084,SST,stdev,0.07800609618425369
FKNMS,2085,SST,mean,30.2900447845459
FKNMS,2085,SST,stdev,0.0847514420747757
FKNMS,2086,SST,mean,30.29676628112793
FKNMS,2086,SST,stdev,0.0795120820403099
FKNMS,2087,SST,mean,30.314247131347656
FKNMS,2087,SST,stdev,0.08444207906723022
FKNMS,2088,SST,mean,30.371095657348633
FKNMS,2088,SST,stdev,0.08829522877931595
FKNMS,2089,SST,mean,30.45842933654785
FKNMS,2089,SST,stdev,0.07990281283855438
FKNMS,2090,SST,mean,30.46196746826172
FKNMS,2090,SST,stdev,0.08282884955406189
FKNMS,2091,SST,mean,30.535629272460938
FKNMS,2091,SST,stdev,0.08159089088439941
FKNMS,2092,SST,mean,30.511390686035156
FKNMS,2092,SST,stdev,0.08730621635913849
FKNMS,2093,SST,mean,30.592039108276367
FKNMS,2093,SST,stdev,0.08439912647008896
FKNMS,2094,SST,mean,30.61068344116211
FKNMS,2094,SST,stdev,0.08706848323345184
FKNMS,2095,SST,mean,30.62084197998047
FKNMS,2095,SST,stdev,0.08730646222829819
FKNMS,2096,SST,mean,30.669288635253906
FKNMS,2096,SST,stdev,0.08328887820243835
FKNMS,2097,SST,mean,30.683090209960938
FKNMS,2097,SST,stdev,0.08503159880638123
FKNMS,2098,SST,mean,30.722476959228516
FKNMS,2098,SST,stdev,0.08940333127975464
FKNMS,2099,SST,mean,30.786550521850586
FKNMS,2099,SST,stdev,0.08537358045578003
FKNMS,2100,SST,mean,30.83230209350586
FKNMS,2100,SST,stdev,0.08749056607484818
GFNMS,1990,SST,mean,15.56970500946045
GFNMS,1990,SST,stdev,0.3722844123840332
GFNMS,1991,SST,mean,15.546675682067871
GFNMS,1991,SST,stdev,0.3658292591571808
GFNMS,1992,SST,mean,15.398113250732422
GFNMS,1992,SST,stdev,0.36325740814208984
GFNMS,1993,SST,mean,15.4393310546875
GFNMS,1993,SST,stdev,0.366142213344574
GFNMS,1994,SST,mean,15.484408378601074
GFNMS,1994,SST,stdev,0.3777085542678833
GFNMS,1995,SST,mean,15.409366607666016
GFNMS,1995,SST,stdev,0.382326602935791
GFNMS,1996,SST,mean,15.482755661010742
GFNMS,1996,SST,stdev,0.381124347448349
GFNMS,1997,SST,mean,15.713534355163574
GFNMS,1997,SST,stdev,0.38246041536331177
GFNMS,1998,SST,mean,15.739629745483398
GFNMS,1998,SST,stdev,0.38321197032928467
GFNMS,1999,SST,mean,15.7409086227417
GFNMS,1999,SST,stdev,0.3849288821220398
GFNMS,2000,SST,mean,15.79008674621582
GFNMS,2000,SST,stdev,0.37853607535362244
GFNMS,2001,SST,mean,16.021032333374023
GFNMS,2001,SST,stdev,0.3741861879825592
GFNMS,2002,SST,mean,16.042346954345703
GFNMS,2002,SST,stdev,0.37951311469078064
GFNMS,2003,SST,mean,15.909647941589355
GFNMS,2003,SST,stdev,0.37722188234329224
GFNMS,2004,SST,mean,15.962667465209961
GFNMS,2004,SST,stdev,0.37692704796791077
GFNMS,2005,SST,mean,16.127552032470703
GFNMS,2005,SST,stdev,0.3759567439556122
GFNMS,2006,SST,mean,15.964263916015625
GFNMS,2006,SST,stdev,0.38213953375816345
GFNMS,2007,SST,mean,16.028839111328125
GFNMS,2007,SST,stdev,0.3770194351673126
GFNMS,2008,SST,mean,16.00927734375
GFNMS,2008,SST,stdev,0.3824017345905304
GFNMS,2009,SST,mean,16.10802459716797
GFNMS,2009,SST,stdev,0.376632958650589
GFNMS,2010,SST,mean,16.12985610961914
GFNMS,2010,SST,stdev,0.38216662406921387
GFNMS,2011,SST,mean,16.209033966064453
GFNMS,2011,SST,stdev,0.3695751428604126
GFNMS,2012,SST,mean,16.117626190185547
GFNMS,2012,SST,stdev,0.37831684947013855
GFNMS,2013,SST,mean,16.202512741088867
GFNMS,2013,SST,stdev,0.3787831664085388
GFNMS,2014,SST,mean,16.2314510345459
GFNMS,2014,SST,stdev,0.3825059235095978
GFNMS,2015,SST,mean,16.16063117980957
GFNMS,2015,SST,stdev,0.3836996853351593
GFNMS,2016,SST,mean,16.166046142578125
GFNMS,2016,SST,stdev,0.3848336935043335
GFNMS,2017,SST,mean,16.21599006652832
GFNMS,2017,SST,stdev,0.375785768032074
GFNMS,2018,SST,mean,16.118358612060547
GFNMS,2018,SST,stdev,0.3865419030189514
GFNMS,2019,SST,mean,16.325916290283203
GFNMS,2019,SST,stdev,0.37442126870155334
GFNMS,2020,SST,mean,16.251340866088867
GFNMS,2020,SST,stdev,0.38129961490631104
GFNMS,2021,SST,mean,16.175426483154297
GFNMS,2021,SST,stdev,0.3889966309070587
GFNMS,2022,SST,mean,16.194028854370117
GFNMS,2022,SST,stdev,0.38199934363365173
GFNMS,2023,SST,mean,16.08441162109375
GFNMS,2023,SST,stdev,0.39174884557724
GFNMS,2024,SST,mean,16.186552047729492
GFNMS,2024,SST,stdev,0.3821389377117157
GFNMS,2025,SST,mean,16.226985931396484
GFNMS,2025,SST,stdev,0.37908557057380676
GFNMS,2026,SST,mean,16.346778869628906
GFNMS,2026,SST,stdev,0.37492114305496216
GFNMS,2027,SST,mean,16.25619125366211
GFNMS,2027,SST,stdev,0.37832292914390564
GFNMS,2028,SST,mean,16.331140518188477
GFNMS,2028,SST,stdev,0.38188043236732483
GFNMS,2029,SST,mean,16.402353286743164
GFNMS,2029,SST,stdev,0.38303032517433167
GFNMS,2030,SST,mean,16.38381576538086
GFNMS,2030,SST,stdev,0.37791919708251953
GFNMS,2031,SST,mean,16.363924026489258
GFNMS,2031,SST,stdev,0.3714110255241394
GFNMS,2032,SST,mean,16.447996139526367
GFNMS,2032,SST,stdev,0.376298189163208
GFNMS,2033,SST,mean,16.459890365600586
GFNMS,2033,SST,stdev,0.37067756056785583
GFNMS,2034,SST,mean,16.505802154541016
GFNMS,2034,SST,stdev,0.3772628605365753
GFNMS,2035,SST,mean,16.6682071685791
GFNMS,2035,SST,stdev,0.3835432827472687
GFNMS,2036,SST,mean,16.732816696166992
GFNMS,2036,SST,stdev,0.3787878453731537
GFNMS,2037,SST,mean,16.59929084777832
GFNMS,2037,SST,stdev,0.37513405084609985
GFNMS,2038,SST,mean,16.62470817565918
GFNMS,2038,SST,stdev,0.3800116181373596
GFNMS,2039,SST,mean,16.626890182495117
GFNMS,2039,SST,stdev,0.38139984011650085
GFNMS,2040,SST,mean,16.71596908569336
GFNMS,2040,SST,stdev,0.37723636627197266
GFNMS,2041,SST,mean,16.808326721191406
GFNMS,2041,SST,stdev,0.3757719397544861
GFNMS,2042,SST,mean,16.620519638061523
GFNMS,2042,SST,stdev,0.37608063220977783
GFNMS,2043,SST,mean,16.745725631713867
GFNMS,2043,SST,stdev,0.3839966058731079
GFNMS,2044,SST,mean,16.972431182861328
GFNMS,2044,SST,stdev,0.3761869966983795
GFNMS,2045,SST,mean,16.95895004272461
GFNMS,2045,SST,stdev,0.37031808495521545
GFNMS,2046,SST,mean,16.98815155029297
GFNMS,2046,SST,stdev,0.3654055595397949
GFNMS,2047,SST,mean,17.031492233276367
GFNMS,2047,SST,stdev,0.3695988357067108
GFNMS,2048,SST,mean,17.05611228942871
GFNMS,2048,SST,stdev,0.3696295917034149
GFNMS,2049,SST,mean,17.09211540222168
GFNMS,2049,SST,stdev,0.3788227140903473
GFNMS,2050,SST,mean,17.051916122436523
GFNMS,2050,SST,stdev,0.3759079575538635
GFNMS,2051,SST,mean,17.108070373535156
GFNMS,2051,SST,stdev,0.3817139267921448
GFNMS,2052,SST,mean,17.03809356689453
GFNMS,2052,SST,stdev,0.37889695167541504
GFNMS,2053,SST,mean,17.168867111206055
GFNMS,2053,SST,stdev,0.3732237219810486
GFNMS,2054,SST,mean,17.174657821655273
GFNMS,2054,SST,stdev,0.3688315451145172
GFNMS,2055,SST,mean,17.255708694458008
GFNMS,2055,SST,stdev,0.38199660181999207
GFNMS,2056,SST,mean,17.332910537719727
GFNMS,2056,SST,stdev,0.3716939091682434
GFNMS,2057,SST,mean,17.252342224121094
GFNMS,2057,SST,stdev,0.3648222088813782
GFNMS,2058,SST,mean,17.22287940979004
GFNMS,2058,SST,stdev,0.36809587478637695
GFNMS,2059,SST,mean,17.379613876342773
GFNMS,2059,SST,stdev,0.3764974772930145
GFNMS,2060,SST,mean,17.46721839904785
GFNMS,2060,SST,stdev,0.3666112720966339
GFNMS,2061,SST,mean,17.53074836730957
GFNMS,2061,SST,stdev,0.3762531578540802
GFNMS,2062,SST,mean,17.56963539123535
GFNMS,2062,SST,stdev,0.36953669786453247
GFNMS,2063,SST,mean,17.678462982177734
GFNMS,2063,SST,stdev,0.37105223536491394
GFNMS,2064,SST,mean,17.629737854003906
GFNMS,2064,SST,stdev,0.36753347516059875
GFNMS,2065,SST,mean,17.63176918029785
GFNMS,2065,SST,stdev,0.3694676458835602
GFNMS,2066,SST,mean,17.641448974609375
GFNMS,2066,SST,stdev,0.37297385931015015
GFNMS,2067,SST,mean,17.750167846679688
GFNMS,2067,SST,stdev,0.3671700656414032
GFNMS,2068,SST,mean,17.850740432739258
GFNMS,2068,SST,stdev,0.3630690574645996
GFNMS,2069,SST,mean,17.730438232421875
GFNMS,2069,SST,stdev,0.3709333837032318
GFNMS,2070,SST,mean,17.755491256713867
GFNMS,2070,SST,stdev,0.3755553960800171
GFNMS,2071,SST,mean,17.838720321655273
GFNMS,2071,SST,stdev,0.37381792068481445
GFNMS,2072,SST,mean,17.85494041442871
GFNMS,2072,SST,stdev,0.366416335105896
GFNMS,2073,SST,mean,17.91901206970215
GFNMS,2073,SST,stdev,0.3594266474246979
GFNMS,2074,SST,mean,18.02311134338379
GFNMS,2074,SST,stdev,0.36102572083473206
GFNMS,2075,SST,mean,18.005998611450195
GFNMS,2075,SST,stdev,0.3656078279018402
GFNMS,2076,SST,mean,17.991609573364258
GFNMS,2076,SST,stdev,0.3619440793991089
GFNMS,2077,SST,mean,18.042409896850586
GFNMS,2077,SST,stdev,0.3633102774620056
GFNMS,2078,SST,mean,18.08932113647461
GFNMS,2078,SST,stdev,0.36673209071159363
GFNMS,2079,SST,mean,18.178285598754883
GFNMS,2079,SST,stdev,0.362342894077301
GFNMS,2080,SST,mean,18.208011627197266
GFNMS,2080,SST,stdev,0.3654429018497467
GFNMS,2081,SST,mean,18.352006912231445
GFNMS,2081,SST,stdev,0.3722531497478485
GFNMS,2082,SST,mean,18.4519100189209
GFNMS,2082,SST,stdev,0.3592952489852905
GFNMS,2083,SST,mean,18.414648056030273
GFNMS,2083,SST,stdev,0.35398659110069275
GFNMS,2084,SST,mean,18.415611267089844
GFNMS,2084,SST,stdev,0.3679080009460449
GFNMS,2085,SST,mean,18.55864906311035
GFNMS,2085,SST,stdev,0.35803526639938354
GFNMS,2086,SST,mean,18.49335479736328
GFNMS,2086,SST,stdev,0.3609550893306732
GFNMS,2087,SST,mean,18.51279067993164
GFNMS,2087,SST,stdev,0.36131709814071655
GFNMS,2088,SST,mean,18.3739070892334
GFNMS,2088,SST,stdev,0.35708028078079224
GFNMS,2089,SST,mean,18.515230178833008
GFNMS,2089,SST,stdev,0.3582066595554352
GFNMS,2090,SST,mean,18.644304275512695
GFNMS,2090,SST,stdev,0.35973140597343445
GFNMS,2091,SST,mean,18.771427154541016
GFNMS,2091,SST,stdev,0.35885223746299744
GFNMS,2092,SST,mean,18.801342010498047
GFNMS,2092,SST,stdev,0.3580416738986969
GFNMS,2093,SST,mean,18.788711547851562
GFNMS,2093,SST,stdev,0.3628908693790436
GFNMS,2094,SST,mean,18.87000846862793
GFNMS,2094,SST,stdev,0.35464003682136536
GFNMS,2095,SST,mean,18.887535095214844
GFNMS,2095,SST,stdev,0.36636972427368164
GFNMS,2096,SST,mean,18.93337631225586
GFNMS,2096,SST,stdev,0.3611902594566345
GFNMS,2097,SST,mean,18.981525421142578
GFNMS,2097,SST,stdev,0.3611566722393036
GFNMS,2098,SST,mean,19.094446182250977
GFNMS,2098,SST,stdev,0.3540736436843872
GFNMS,2099,SST,mean,19.098922729492188
GFNMS,2099,SST,stdev,0.36099061369895935
GFNMS,2100,SST,mean,19.139070510864258
GFNMS,2100,SST,stdev,0.34812742471694946
GRNMS,1990,SST,mean,24.830671310424805
GRNMS,1990,SST,stdev,0
GRNMS,1991,SST,mean,24.830223083496094
GRNMS,1991,SST,stdev,0
GRNMS,1992,SST,mean,24.523523330688477
GRNMS,1992,SST,stdev,0
GRNMS,1993,SST,mean,24.715097427368164
GRNMS,1993,SST,stdev,0
GRNMS,1994,SST,mean,24.795730590820312
GRNMS,1994,SST,stdev,0
GRNMS,1995,SST,mean,24.93218994140625
GRNMS,1995,SST,stdev,0
GRNMS,1996,SST,mean,25.024574279785156
GRNMS,1996,SST,stdev,0
GRNMS,1997,SST,mean,25.03190803527832
GRNMS,1997,SST,stdev,0
GRNMS,1998,SST,mean,25.03639030456543
GRNMS,1998,SST,stdev,0
GRNMS,1999,SST,mean,25.12237548828125
GRNMS,1999,SST,stdev,0
GRNMS,2000,SST,mean,25.18996810913086
GRNMS,2000,SST,stdev,0
GRNMS,2001,SST,mean,25.16668128967285
GRNMS,2001,SST,stdev,0
GRNMS,2002,SST,mean,25.267257690429688
GRNMS,2002,SST,stdev,0
GRNMS,2003,SST,mean,25.259872436523438
GRNMS,2003,SST,stdev,0
GRNMS,2004,SST,mean,25.264789581298828
GRNMS,2004,SST,stdev,0
GRNMS,2005,SST,mean,25.217103958129883
GRNMS,2005,SST,stdev,0
GRNMS,2006,SST,mean,25.323257446289062
GRNMS,2006,SST,stdev,0
GRNMS,2007,SST,mean,25.396587371826172
GRNMS,2007,SST,stdev,0
GRNMS,2008,SST,mean,25.427228927612305
GRNMS,2008,SST,stdev,0
GRNMS,2009,SST,mean,25.378551483154297
GRNMS,2009,SST,stdev,0
GRNMS,2010,SST,mean,25.397113800048828
GRNMS,2010,SST,stdev,0
GRNMS,2011,SST,mean,25.393390655517578
GRNMS,2011,SST,stdev,0
GRNMS,2012,SST,mean,25.4539852142334
GRNMS,2012,SST,stdev,0
GRNMS,2013,SST,mean,25.517112731933594
GRNMS,2013,SST,stdev,0
GRNMS,2014,SST,mean,25.575870513916016
GRNMS,2014,SST,stdev,0
GRNMS,2015,SST,mean,25.563983917236328
GRNMS,2015,SST,stdev,0
GRNMS,2016,SST,mean,25.573144912719727
GRNMS,2016,SST,stdev,0
GRNMS,2017,SST,mean,25.508081436157227
GRNMS,2017,SST,stdev,0
GRNMS,2018,SST,mean,25.631704330444336
GRNMS,2018,SST,stdev,0
GRNMS,2019,SST,mean,25.47515106201172
GRNMS,2019,SST,stdev,0
GRNMS,2020,SST,mean,25.541152954101562
GRNMS,2020,SST,stdev,0
GRNMS,2021,SST,mean,25.595134735107422
GRNMS,2021,SST,stdev,0
GRNMS,2022,SST,mean,25.60748291015625
GRNMS,2022,SST,stdev,0
GRNMS,2023,SST,mean,25.666240692138672
GRNMS,2023,SST,stdev,0
GRNMS,2024,SST,mean,25.628376007080078
GRNMS,2024,SST,stdev,0
GRNMS,2025,SST,mean,25.63169288635254
GRNMS,2025,SST,stdev,0
GRNMS,2026,SST,mean,25.69671630859375
GRNMS,2026,SST,stdev,0
GRNMS,2027,SST,mean,25.673097610473633
GRNMS,2027,SST,stdev,0
GRNMS,2028,SST,mean,25.65227508544922
GRNMS,2028,SST,stdev,0
GRNMS,2029,SST,mean,25.687545776367188
GRNMS,2029,SST,stdev,0
GRNMS,2030,SST,mean,25.7221736907959
GRNMS,2030,SST,stdev,0
GRNMS,2031,SST,mean,25.7965030670166
GRNMS,2031,SST,stdev,0
GRNMS,2032,SST,mean,25.83404541015625
GRNMS,2032,SST,stdev,0
GRNMS,2033,SST,mean,25.894216537475586
GRNMS,2033,SST,stdev,0
GRNMS,2034,SST,mean,25.87671661376953
GRNMS,2034,SST,stdev,0
GRNMS,2035,SST,mean,26.049100875854492
GRNMS,2035,SST,stdev,0
GRNMS,2036,SST,mean,26.034658432006836
GRNMS,2036,SST,stdev,0
GRNMS,2037,SST,mean,26.062294006347656
GRNMS,2037,SST,stdev,0
GRNMS,2038,SST,mean,26.051593780517578
GRNMS,2038,SST,stdev,0
GRNMS,2039,SST,mean,26.086307525634766
GRNMS,2039,SST,stdev,0
GRNMS,2040,SST,mean,26.07306671142578
GRNMS,2040,SST,stdev,0
GRNMS,2041,SST,mean,26.153310775756836
GRNMS,2041,SST,stdev,0
GRNMS,2042,SST,mean,26.242048263549805
GRNMS,2042,SST,stdev,0
GRNMS,2043,SST,mean,26.18625831604004
GRNMS,2043,SST,stdev,0
GRNMS,2044,SST,mean,26.113319396972656
GRNMS,2044,SST,stdev,0
GRNMS,2045,SST,mean,26.182167053222656
GRNMS,2045,SST,stdev,0
GRNMS,2046,SST,mean,26.27349853515625
GRNMS,2046,SST,stdev,0
GRNMS,2047,SST,mean,26.376184463500977
GRNMS,2047,SST,stdev,0
GRNMS,2048,SST,mean,26.333200454711914
GRNMS,2048,SST,stdev,0
GRNMS,2049,SST,mean,26.35098648071289
GRNMS,2049,SST,stdev,0
GRNMS,2050,SST,mean,26.403478622436523
GRNMS,2050,SST,stdev,0
GRNMS,2051,SST,mean,26.451826095581055
GRNMS,2051,SST,stdev,0
GRNMS,2052,SST,mean,26.435344696044922
GRNMS,2052,SST,stdev,0
GRNMS,2053,SST,mean,26.41670799255371
GRNMS,2053,SST,stdev,0
GRNMS,2054,SST,mean,26.544713973999023
GRNMS,2054,SST,stdev,0
GRNMS,2055,SST,mean,26.47298812866211
GRNMS,2055,SST,stdev,0
GRNMS,2056,SST,mean,26.552005767822266
GRNMS,2056,SST,stdev,0
GRNMS,2057,SST,mean,26.55644989013672
GRNMS,2057,SST,stdev,0
GRNMS,2058,SST,mean,26.67586898803711
GRNMS,2058,SST,stdev,0
GRNMS,2059,SST,mean,26.650150299072266
GRNMS,2059,SST,stdev,0
GRNMS,2060,SST,mean,26.668861389160156
GRNMS,2060,SST,stdev,0
GRNMS,2061,SST,mean,26.649686813354492
GRNMS,2061,SST,stdev,0
GRNMS,2062,SST,mean,26.754070281982422
GRNMS,2062,SST,stdev,0
GRNMS,2063,SST,mean,26.759815216064453
GRNMS,2063,SST,stdev,0
GRNMS,2064,SST,mean,26.82330322265625
GRNMS,2064,SST,stdev,0
GRNMS,2065,SST,mean,26.86395263671875
GRNMS,2065,SST,stdev,0
GRNMS,2066,SST,mean,26.842187881469727
GRNMS,2066,SST,stdev,0
GRNMS,2067,SST,mean,26.867774963378906
GRNMS,2067,SST,stdev,0
GRNMS,2068,SST,mean,26.85242462158203
GRNMS,2068,SST,stdev,0
GRNMS,2069,SST,mean,26.887598037719727
GRNMS,2069,SST,stdev,0
GRNMS,2070,SST,mean,27.084062576293945
GRNMS,2070,SST,stdev,0
GRNMS,2071,SST,mean,26.98992919921875
GRNMS,2071,SST,stdev,0
GRNMS,2072,SST,mean,26.958995819091797
GRNMS,2072,SST,stdev,0
GRNMS,2073,SST,mean,27.1209774017334
GRNMS,2073,SST,stdev,0
GRNMS,2074,SST,mean,27.078786849975586
GRNMS,2074,SST,stdev,0
GRNMS,2075,SST,mean,27.082210540771484
GRNMS,2075,SST,stdev,0
GRNMS,2076,SST,mean,27.165727615356445
GRNMS,2076,SST,stdev,0
GRNMS,2077,SST,mean,27.110790252685547
GRNMS,2077,SST,stdev,0
GRNMS,2078,SST,mean,27.307605743408203
GRNMS,2078,SST,stdev,0
GRNMS,2079,SST,mean,27.21799087524414
GRNMS,2079,SST,stdev,0
GRNMS,2080,SST,mean,27.196125030517578
GRNMS,2080,SST,stdev,0
GRNMS,2081,SST,mean,27.351783752441406
GRNMS,2081,SST,stdev,0
GRNMS,2082,SST,mean,27.34500503540039
GRNMS,2082,SST,stdev,0
GRNMS,2083,SST,mean,27.304054260253906
GRNMS,2083,SST,stdev,0
GRNMS,2084,SST,mean,27.46685028076172
GRNMS,2084,SST,stdev,0
GRNMS,2085,SST,mean,27.382932662963867
GRNMS,2085,SST,stdev,0
GRNMS,2086,SST,mean,27.491174697875977
GRNMS,2086,SST,stdev,0
GRNMS,2087,SST,mean,27.446115493774414
GRNMS,2087,SST,stdev,0
GRNMS,2088,SST,mean,27.494489669799805
GRNMS,2088,SST,stdev,0
GRNMS,2089,SST,mean,27.629667282104492
GRNMS,2089,SST,stdev,0
GRNMS,2090,SST,mean,27.601348876953125
GRNMS,2090,SST,stdev,0
GRNMS,2091,SST,mean,27.654008865356445
GRNMS,2091,SST,stdev,0
GRNMS,2092,SST,mean,27.581825256347656
GRNMS,2092,SST,stdev,0
GRNMS,2093,SST,mean,27.69658660888672
GRNMS,2093,SST,stdev,0
GRNMS,2094,SST,mean,27.725566864013672
GRNMS,2094,SST,stdev,0
GRNMS,2095,SST,mean,27.764265060424805
GRNMS,2095,SST,stdev,0
GRNMS,2096,SST,mean,27.81911849975586
GRNMS,2096,SST,stdev,0
GRNMS,2097,SST,mean,27.772319793701172
GRNMS,2097,SST,stdev,0
GRNMS,2098,SST,mean,27.82720375061035
GRNMS,2098,SST,stdev,0
GRNMS,2099,SST,mean,27.89630126953125
GRNMS,2099,SST,stdev,0
GRNMS,2100,SST,mean,27.87665367126465
GRNMS,2100,SST,stdev,0
HIHWNMS,1990,SST,mean,25.41067886352539
HIHWNMS,1990,SST,stdev,0.13902495801448822
HIHWNMS,1991,SST,mean,25.373573303222656
HIHWNMS,1991,SST,stdev,0.14103341102600098
HIHWNMS,1992,SST,mean,25.256834030151367
HIHWNMS,1992,SST,stdev,0.14151139557361603
HIHWNMS,1993,SST,mean,25.28134536743164
HIHWNMS,1993,SST,stdev,0.14207559823989868
HIHWNMS,1994,SST,mean,25.345230102539062
HIHWNMS,1994,SST,stdev,0.14513611793518066
HIHWNMS,1995,SST,mean,25.374473571777344
HIHWNMS,1995,SST,stdev,0.13638190925121307
HIHWNMS,1996,SST,mean,25.53955078125
HIHWNMS,1996,SST,stdev,0.13535481691360474
HIHWNMS,1997,SST,mean,25.59227752685547
HIHWNMS,1997,SST,stdev,0.13472408056259155
HIHWNMS,1998,SST,mean,25.541366577148438
HIHWNMS,1998,SST,stdev,0.13795717060565948
HIHWNMS,1999,SST,mean,25.632591247558594
HIHWNMS,1999,SST,stdev,0.13671810925006866
HIHWNMS,2000,SST,mean,25.595407485961914
HIHWNMS,2000,SST,stdev,0.1353967934846878
HIHWNMS,2001,SST,mean,25.823707580566406
HIHWNMS,2001,SST,stdev,0.13008931279182434
HIHWNMS,2002,SST,mean,25.864360809326172
HIHWNMS,2002,SST,stdev,0.13640885055065155
HIHWNMS,2003,SST,mean,25.77147674560547
HIHWNMS,2003,SST,stdev,0.13927584886550903
HIHWNMS,2004,SST,mean,25.80803871154785
HIHWNMS,2004,SST,stdev,0.13521437346935272
HIHWNMS,2005,SST,mean,25.794973373413086
HIHWNMS,2005,SST,stdev,0.13574112951755524
HIHWNMS,2006,SST,mean,25.752168655395508
HIHWNMS,2006,SST,stdev,0.13159796595573425
HIHWNMS,2007,SST,mean,25.7976016998291
HIHWNMS,2007,SST,stdev,0.12961265444755554
HIHWNMS,2008,SST,mean,25.83218002319336
HIHWNMS,2008,SST,stdev,0.13080069422721863
HIHWNMS,2009,SST,mean,25.94085121154785
HIHWNMS,2009,SST,stdev,0.13294975459575653
HIHWNMS,2010,SST,mean,25.88067054748535
HIHWNMS,2010,SST,stdev,0.13337643444538116
HIHWNMS,2011,SST,mean,25.882427215576172
HIHWNMS,2011,SST,stdev,0.13605883717536926
HIHWNMS,2012,SST,mean,25.844940185546875
HIHWNMS,2012,SST,stdev,0.13836711645126343
HIHWNMS,2013,SST,mean,26.018545150756836
HIHWNMS,2013,SST,stdev,0.13772553205490112
HIHWNMS,2014,SST,mean,25.97232437133789
HIHWNMS,2014,SST,stdev,0.13988278806209564
HIHWNMS,2015,SST,mean,26.060855865478516
HIHWNMS,2015,SST,stdev,0.13143117725849152
HIHWNMS,2016,SST,mean,25.947093963623047
HIHWNMS,2016,SST,stdev,0.13992898166179657
HIHWNMS,2017,SST,mean,25.922910690307617
HIHWNMS,2017,SST,stdev,0.1367274522781372
HIHWNMS,2018,SST,mean,26.031484603881836
HIHWNMS,2018,SST,stdev,0.13419857621192932
HIHWNMS,2019,SST,mean,26.050771713256836
HIHWNMS,2019,SST,stdev,0.14232845604419708
HIHWNMS,2020,SST,mean,25.93038558959961
HIHWNMS,2020,SST,stdev,0.14257921278476715
HIHWNMS,2021,SST,mean,25.96811294555664
HIHWNMS,2021,SST,stdev,0.13865505158901215
HIHWNMS,2022,SST,mean,25.979713439941406
HIHWNMS,2022,SST,stdev,0.1356583684682846
HIHWNMS,2023,SST,mean,26.100942611694336
HIHWNMS,2023,SST,stdev,0.1351236253976822
HIHWNMS,2024,SST,mean,26.03335952758789
HIHWNMS,2024,SST,stdev,0.13447748124599457
HIHWNMS,2025,SST,mean,25.9954833984375
HIHWNMS,2025,SST,stdev,0.13541124761104584
HIHWNMS,2026,SST,mean,26.13185691833496
HIHWNMS,2026,SST,stdev,0.13439950346946716
HIHWNMS,2027,SST,mean,26.15159034729004
HIHWNMS,2027,SST,stdev,0.13613107800483704
HIHWNMS,2028,SST,mean,26.16921615600586
HIHWNMS,2028,SST,stdev,0.13482166826725006
HIHWNMS,2029,SST,mean,26.218358993530273
HIHWNMS,2029,SST,stdev,0.13739603757858276
HIHWNMS,2030,SST,mean,26.201946258544922
HIHWNMS,2030,SST,stdev,0.13945378363132477
HIHWNMS,2031,SST,mean,26.120641708374023
HIHWNMS,2031,SST,stdev,0.1365172415971756
HIHWNMS,2032,SST,mean,26.243913650512695
HIHWNMS,2032,SST,stdev,0.13779549300670624
HIHWNMS,2033,SST,mean,26.269149780273438
HIHWNMS,2033,SST,stdev,0.1354217380285263
HIHWNMS,2034,SST,mean,26.330005645751953
HIHWNMS,2034,SST,stdev,0.135554701089859
HIHWNMS,2035,SST,mean,26.407146453857422
HIHWNMS,2035,SST,stdev,0.1313730776309967
HIHWNMS,2036,SST,mean,26.46154022216797
HIHWNMS,2036,SST,stdev,0.14014603197574615
HIHWNMS,2037,SST,mean,26.409189224243164
HIHWNMS,2037,SST,stdev,0.14184004068374634
HIHWNMS,2038,SST,mean,26.565900802612305
HIHWNMS,2038,SST,stdev,0.1368747353553772
HIHWNMS,2039,SST,mean,26.429574966430664
HIHWNMS,2039,SST,stdev,0.13992878794670105
HIHWNMS,2040,SST,mean,26.558244705200195
HIHWNMS,2040,SST,stdev,0.13370880484580994
HIHWNMS,2041,SST,mean,26.497533798217773
HIHWNMS,2041,SST,stdev,0.135230153799057
HIHWNMS,2042,SST,mean,26.484954833984375
HIHWNMS,2042,SST,stdev,0.13472208380699158
HIHWNMS,2043,SST,mean,26.595539093017578
HIHWNMS,2043,SST,stdev,0.14383602142333984
HIHWNMS,2044,SST,mean,26.565977096557617
HIHWNMS,2044,SST,stdev,0.13869257271289825
HIHWNMS,2045,SST,mean,26.675859451293945
HIHWNMS,2045,SST,stdev,0.13665355741977692
HIHWNMS,2046,SST,mean,26.71320915222168
HIHWNMS,2046,SST,stdev,0.13854528963565826
HIHWNMS,2047,SST,mean,26.797842025756836
HIHWNMS,2047,SST,stdev,0.13904884457588196
HIHWNMS,2048,SST,mean,26.779930114746094
HIHWNMS,2048,SST,stdev,0.13762137293815613
HIHWNMS,2049,SST,mean,26.82891845703125
HIHWNMS,2049,SST,stdev,0.1358090043067932
HIHWNMS,2050,SST,mean,26.82048225402832
HIHWNMS,2050,SST,stdev,0.13883988559246063
HIHWNMS,2051,SST,mean,26.806041717529297
HIHWNMS,2051,SST,stdev,0.1391797512769699
HIHWNMS,2052,SST,mean,26.772138595581055
HIHWNMS,2052,SST,stdev,0.1380666047334671
HIHWNMS,2053,SST,mean,26.867780685424805
HIHWNMS,2053,SST,stdev,0.1385972648859024
HIHWNMS,2054,SST,mean,26.927587509155273
HIHWNMS,2054,SST,stdev,0.13706496357917786
HIHWNMS,2055,SST,mean,26.991621017456055
HIHWNMS,2055,SST,stdev,0.13943502306938171
HIHWNMS,2056,SST,mean,27.069866180419922
HIHWNMS,2056,SST,stdev,0.13577726483345032
HIHWNMS,2057,SST,mean,26.99812126159668
HIHWNMS,2057,SST,stdev,0.13753029704093933
HIHWNMS,2058,SST,mean,27.05390167236328
HIHWNMS,2058,SST,stdev,0.13450337946414948
HIHWNMS,2059,SST,mean,27.148345947265625
HIHWNMS,2059,SST,stdev,0.13382379710674286
HIHWNMS,2060,SST,mean,27.163305282592773
HIHWNMS,2060,SST,stdev,0.13548491895198822
HIHWNMS,2061,SST,mean,27.245840072631836
HIHWNMS,2061,SST,stdev,0.1379312425851822
HIHWNMS,2062,SST,mean,27.303668975830078
HIHWNMS,2062,SST,stdev,0.1398829072713852
HIHWNMS,2063,SST,mean,27.321409225463867
HIHWNMS,2063,SST,stdev,0.13898338377475739
HIHWNMS,2064,SST,mean,27.3385009765625
HIHWNMS,2064,SST,stdev,0.1413499414920807
HIHWNMS,2065,SST,mean,27.34861946105957
HIHWNMS,2065,SST,stdev,0.1418057382106781
HIHWNMS,2066,SST,mean,27.286958694458008
HIHWNMS,2066,SST,stdev,0.14114733040332794
HIHWNMS,2067,SST,mean,27.317323684692383
HIHWNMS,2067,SST,stdev,0.14374549686908722
HIHWNMS,2068,SST,mean,27.388545989990234
HIHWNMS,2068,SST,stdev,0.15123291313648224
HIHWNMS,2069,SST,mean,27.385202407836914
HIHWNMS,2069,SST,stdev,0.13804450631141663
HIHWNMS,2070,SST,mean,27.460779190063477
HIHWNMS,2070,SST,stdev,0.13831865787506104
HIHWNMS,2071,SST,mean,27.419200897216797
HIHWNMS,2071,SST,stdev,0.14370611310005188
HIHWNMS,2072,SST,mean,27.46543312072754
HIHWNMS,2072,SST,stdev,0.14020027220249176
HIHWNMS,2073,SST,mean,27.591720581054688
HIHWNMS,2073,SST,stdev,0.13511604070663452
HIHWNMS,2074,SST,mean,27.670148849487305
HIHWNMS,2074,SST,stdev,0.13831645250320435
HIHWNMS,2075,SST,mean,27.556859970092773
HIHWNMS,2075,SST,stdev,0.1418411284685135
HIHWNMS,2076,SST,mean,27.678865432739258
HIHWNMS,2076,SST,stdev,0.1435047686100006
HIHWNMS,2077,SST,mean,27.700706481933594
HIHWNMS,2077,SST,stdev,0.13791143894195557
HIHWNMS,2078,SST,mean,27.83561897277832
HIHWNMS,2078,SST,stdev,0.13952715694904327
HIHWNMS,2079,SST,mean,27.82262420654297
HIHWNMS,2079,SST,stdev,0.14088593423366547
HIHWNMS,2080,SST,mean,27.77716827392578
HIHWNMS,2080,SST,stdev,0.14142349362373352
HIHWNMS,2081,SST,mean,27.979196548461914
HIHWNMS,2081,SST,stdev,0.13992761075496674
HIHWNMS,2082,SST,mean,27.99953269958496
HIHWNMS,2082,SST,stdev,0.14694002270698547
HIHWNMS,2083,SST,mean,27.887571334838867
HIHWNMS,2083,SST,stdev,0.14124830067157745
HIHWNMS,2084,SST,mean,28.05325698852539
HIHWNMS,2084,SST,stdev,0.14332258701324463
HIHWNMS,2085,SST,mean,27.969083786010742
HIHWNMS,2085,SST,stdev,0.14310519397258759
HIHWNMS,2086,SST,mean,28.078697204589844
HIHWNMS,2086,SST,stdev,0.13608640432357788
HIHWNMS,2087,SST,mean,27.946672439575195
HIHWNMS,2087,SST,stdev,0.14163266122341156
HIHWNMS,2088,SST,mean,28.048765182495117
HIHWNMS,2088,SST,stdev,0.13554038107395172
HIHWNMS,2089,SST,mean,28.137985229492188
HIHWNMS,2089,SST,stdev,0.14136305451393127
HIHWNMS,2090,SST,mean,28.187320709228516
HIHWNMS,2090,SST,stdev,0.13746139407157898
HIHWNMS,2091,SST,mean,28.343276977539062
HIHWNMS,2091,SST,stdev,0.14181241393089294
HIHWNMS,2092,SST,mean,28.324722290039062
HIHWNMS,2092,SST,stdev,0.14133456349372864
HIHWNMS,2093,SST,mean,28.413354873657227
HIHWNMS,2093,SST,stdev,0.13833917677402496
HIHWNMS,2094,SST,mean,28.415185928344727
HIHWNMS,2094,SST,stdev,0.13988448679447174
HIHWNMS,2095,SST,mean,28.353857040405273
HIHWNMS,2095,SST,stdev,0.14224502444267273
HIHWNMS,2096,SST,mean,28.52457618713379
HIHWNMS,2096,SST,stdev,0.137337327003479
HIHWNMS,2097,SST,mean,28.450037002563477
HIHWNMS,2097,SST,stdev,0.1437629610300064
HIHWNMS,2098,SST,mean,28.569990158081055
HIHWNMS,2098,SST,stdev,0.1391269862651825
HIHWNMS,2099,SST,mean,28.64719009399414
HIHWNMS,2099,SST,stdev,0.14145909249782562
HIHWNMS,2100,SST,mean,28.62912368774414
HIHWNMS,2100,SST,stdev,0.14070919156074524
MBNMS,1990,SST,mean,16.339492797851562
MBNMS,1990,SST,stdev,0.20833735167980194
MBNMS,1991,SST,mean,16.29967498779297
MBNMS,1991,SST,stdev,0.199086531996727
MBNMS,1992,SST,mean,16.146438598632812
MBNMS,1992,SST,stdev,0.19505107402801514
MBNMS,1993,SST,mean,16.189836502075195
MBNMS,1993,SST,stdev,0.19991359114646912
MBNMS,1994,SST,mean,16.24747085571289
MBNMS,1994,SST,stdev,0.20399846136569977
MBNMS,1995,SST,mean,16.175474166870117
MBNMS,1995,SST,stdev,0.20694197714328766
MBNMS,1996,SST,mean,16.246248245239258
MBNMS,1996,SST,stdev,0.20590679347515106
MBNMS,1997,SST,mean,16.498807907104492
MBNMS,1997,SST,stdev,0.2131054699420929
MBNMS,1998,SST,mean,16.514554977416992
MBNMS,1998,SST,stdev,0.2107461392879486
MBNMS,1999,SST,mean,16.512426376342773
MBNMS,1999,SST,stdev,0.20847488939762115
MBNMS,2000,SST,mean,16.543216705322266
MBNMS,2000,SST,stdev,0.20457851886749268
MBNMS,2001,SST,mean,16.773340225219727
MBNMS,2001,SST,stdev,0.20261989533901215
MBNMS,2002,SST,mean,16.805715560913086
MBNMS,2002,SST,stdev,0.20783784985542297
MBNMS,2003,SST,mean,16.66193389892578
MBNMS,2003,SST,stdev,0.20394358038902283
MBNMS,2004,SST,mean,16.720796585083008
MBNMS,2004,SST,stdev,0.20632100105285645
MBNMS,2005,SST,mean,16.882474899291992
MBNMS,2005,SST,stdev,0.2029007375240326
MBNMS,2006,SST,mean,16.73394203186035
MBNMS,2006,SST,stdev,0.2100151926279068
MBNMS,2007,SST,mean,16.781007766723633
MBNMS,2007,SST,stdev,0.20346136391162872
MBNMS,2008,SST,mean,16.76726722717285
MBNMS,2008,SST,stdev,0.2088121771812439
MBNMS,2009,SST,mean,16.86187744140625
MBNMS,2009,SST,stdev,0.20567870140075684
MBNMS,2010,SST,mean,16.899267196655273
MBNMS,2010,SST,stdev,0.2084062397480011
MBNMS,2011,SST,mean,16.95992660522461
MBNMS,2011,SST,stdev,0.20165635645389557
MBNMS,2012,SST,mean,16.875398635864258
MBNMS,2012,SST,stdev,0.20487740635871887
MBNMS,2013,SST,mean,16.95922088623047
MBNMS,2013,SST,stdev,0.20805643498897552
MBNMS,2014,SST,mean,17.001462936401367
MBNMS,2014,SST,stdev,0.21068955957889557
MBNMS,2015,SST,mean,16.922164916992188
MBNMS,2015,SST,stdev,0.210124671459198
MBNMS,2016,SST,mean,16.937423706054688
MBNMS,2016,SST,stdev,0.21185778081417084
MBNMS,2017,SST,mean,16.9633731842041
MBNMS,2017,SST,stdev,0.2028709352016449
MBNMS,2018,SST,mean,16.884267807006836
MBNMS,2018,SST,stdev,0.2076772153377533
MBNMS,2019,SST,mean,17.07722282409668
MBNMS,2019,SST,stdev,0.2028234899044037
MBNMS,2020,SST,mean,17.016048431396484
MBNMS,2020,SST,stdev,0.20914782583713531
MBNMS,2021,SST,mean,16.956233978271484
MBNMS,2021,SST,stdev,0.21634379029273987
MBNMS,2022,SST,mean,16.954938888549805
MBNMS,2022,SST,stdev,0.20675617456436157
MBNMS,2023,SST,mean,16.85906219482422
MBNMS,2023,SST,stdev,0.21544881165027618
MBNMS,2024,SST,mean,16.95182991027832
MBNMS,2024,SST,stdev,0.2112777680158615
MBNMS,2025,SST,mean,16.980777740478516
MBNMS,2025,SST,stdev,0.20726488530635834
MBNMS,2026,SST,mean,17.095487594604492
MBNMS,2026,SST,stdev,0.20467042922973633
MBNMS,2027,SST,mean,17.014745712280273
MBNMS,2027,SST,stdev,0.20916703343391418
MBNMS,2028,SST,mean,17.09069061279297
MBNMS,2028,SST,stdev,0.20722132921218872
MBNMS,2029,SST,mean,17.1622257232666
MBNMS,2029,SST,stdev,0.21032686531543732
MBNMS,2030,SST,mean,17.133586883544922
MBNMS,2030,SST,stdev,0.20409908890724182
MBNMS,2031,SST,mean,17.106853485107422
MBNMS,2031,SST,stdev,0.20404556393623352
MBNMS,2032,SST,mean,17.194324493408203
MBNMS,2032,SST,stdev,0.20457729697227478
MBNMS,2033,SST,mean,17.199565887451172
MBNMS,2033,SST,stdev,0.20105084776878357
MBNMS,2034,SST,mean,17.265785217285156
MBNMS,2034,SST,stdev,0.20708440244197845
MBNMS,2035,SST,mean,17.43630027770996
MBNMS,2035,SST,stdev,0.2102561742067337
MBNMS,2036,SST,mean,17.485902786254883
MBNMS,2036,SST,stdev,0.20561768114566803
MBNMS,2037,SST,mean,17.346107482910156
MBNMS,2037,SST,stdev,0.20733051002025604
MBNMS,2038,SST,mean,17.370615005493164
MBNMS,2038,SST,stdev,0.20498639345169067
MBNMS,2039,SST,mean,17.387788772583008
MBNMS,2039,SST,stdev,0.21006321907043457
MBNMS,2040,SST,mean,17.46979522705078
MBNMS,2040,SST,stdev,0.20692332088947296
MBNMS,2041,SST,mean,17.551591873168945
MBNMS,2041,SST,stdev,0.20620040595531464
MBNMS,2042,SST,mean,17.354360580444336
MBNMS,2042,SST,stdev,0.20283253490924835
MBNMS,2043,SST,mean,17.51374626159668
MBNMS,2043,SST,stdev,0.214473158121109
MBNMS,2044,SST,mean,17.727018356323242
MBNMS,2044,SST,stdev,0.20413149893283844
MBNMS,2045,SST,mean,17.69546127319336
MBNMS,2045,SST,stdev,0.20146779716014862
MBNMS,2046,SST,mean,17.708126068115234
MBNMS,2046,SST,stdev,0.19734665751457214
MBNMS,2047,SST,mean,17.772066116333008
MBNMS,2047,SST,stdev,0.20356370508670807
MBNMS,2048,SST,mean,17.789953231811523
MBNMS,2048,SST,stdev,0.19943839311599731
MBNMS,2049,SST,mean,17.84475326538086
MBNMS,2049,SST,stdev,0.2097347229719162
MBNMS,2050,SST,mean,17.800567626953125
MBNMS,2050,SST,stdev,0.2065345197916031
MBNMS,2051,SST,mean,17.85729217529297
MBNMS,2051,SST,stdev,0.20697464048862457
MBNMS,2052,SST,mean,17.784273147583008
MBNMS,2052,SST,stdev,0.20925143361091614
MBNMS,2053,SST,mean,17.90855598449707
MBNMS,2053,SST,stdev,0.20390355587005615
MBNMS,2054,SST,mean,17.904407501220703
MBNMS,2054,SST,stdev,0.198530375957489
MBNMS,2055,SST,mean,18.006793975830078
MBNMS,2055,SST,stdev,0.20736351609230042
MBNMS,2056,SST,mean,18.063949584960938
MBNMS,2056,SST,stdev,0.19829949736595154
MBNMS,2057,SST,mean,17.976993560791016
MBNMS,2057,SST,stdev,0.1960325688123703
MBNMS,2058,SST,mean,17.94806480407715
MBNMS,2058,SST,stdev,0.19993360340595245
MBNMS,2059,SST,mean,18.123533248901367
MBNMS,2059,SST,stdev,0.20409555733203888
MBNMS,2060,SST,mean,18.197463989257812
MBNMS,2060,SST,stdev,0.19982582330703735
MBNMS,2061,SST,mean,18.27680206298828
MBNMS,2061,SST,stdev,0.20398588478565216
MBNMS,2062,SST,mean,18.3072452545166
MBNMS,2062,SST,stdev,0.20020249485969543
MBNMS,2063,SST,mean,18.41570472717285
MBNMS,2063,SST,stdev,0.19854319095611572
MBNMS,2064,SST,mean,18.35079574584961
MBNMS,2064,SST,stdev,0.19799774885177612
MBNMS,2065,SST,mean,18.36141014099121
MBNMS,2065,SST,stdev,0.19692836701869965
MBNMS,2066,SST,mean,18.383975982666016
MBNMS,2066,SST,stdev,0.2051083743572235
MBNMS,2067,SST,mean,18.47426986694336
MBNMS,2067,SST,stdev,0.19906708598136902
MBNMS,2068,SST,mean,18.577754974365234
MBNMS,2068,SST,stdev,0.1940567046403885
MBNMS,2069,SST,mean,18.467082977294922
MBNMS,2069,SST,stdev,0.20149226486682892
MBNMS,2070,SST,mean,18.491878509521484
MBNMS,2070,SST,stdev,0.19797314703464508
MBNMS,2071,SST,mean,18.576711654663086
MBNMS,2071,SST,stdev,0.20169061422348022
MBNMS,2072,SST,mean,18.577468872070312
MBNMS,2072,SST,stdev,0.19745032489299774
MBNMS,2073,SST,mean,18.62685775756836
MBNMS,2073,SST,stdev,0.19387756288051605
MBNMS,2074,SST,mean,18.730138778686523
MBNMS,2074,SST,stdev,0.1924155354499817
MBNMS,2075,SST,mean,18.719280242919922
MBNMS,2075,SST,stdev,0.19245585799217224
MBNMS,2076,SST,mean,18.70433235168457
MBNMS,2076,SST,stdev,0.19617584347724915
MBNMS,2077,SST,mean,18.761333465576172
MBNMS,2077,SST,stdev,0.1941516399383545
MBNMS,2078,SST,mean,18.803266525268555
MBNMS,2078,SST,stdev,0.19551897048950195
MBNMS,2079,SST,mean,18.889907836914062
MBNMS,2079,SST,stdev,0.19163626432418823
MBNMS,2080,SST,mean,18.92728042602539
MBNMS,2080,SST,stdev,0.19511601328849792
MBNMS,2081,SST,mean,19.079757690429688
MBNMS,2081,SST,stdev,0.19743207097053528
MBNMS,2082,SST,mean,19.159292221069336
MBNMS,2082,SST,stdev,0.18895377218723297
MBNMS,2083,SST,mean,19.114282608032227
MBNMS,2083,SST,stdev,0.1895093023777008
MBNMS,2084,SST,mean,19.142614364624023
MBNMS,2084,SST,stdev,0.19840581715106964
MBNMS,2085,SST,mean,19.267730712890625
MBNMS,2085,SST,stdev,0.19160600006580353
MBNMS,2086,SST,mean,19.19761848449707
MBNMS,2086,SST,stdev,0.19090186059474945
MBNMS,2087,SST,mean,19.222856521606445
MBNMS,2087,SST,stdev,0.1923421174287796
MBNMS,2088,SST,mean,19.06744956970215
MBNMS,2088,SST,stdev,0.18682722747325897
MBNMS,2089,SST,mean,19.221431732177734
MBNMS,2089,SST,stdev,0.19022470712661743
MBNMS,2090,SST,mean,19.343130111694336
MBNMS,2090,SST,stdev,0.18746158480644226
MBNMS,2091,SST,mean,19.477611541748047
MBNMS,2091,SST,stdev,0.19227243959903717
MBNMS,2092,SST,mean,19.50098991394043
MBNMS,2092,SST,stdev,0.19048407673835754
MBNMS,2093,SST,mean,19.498640060424805
MBNMS,2093,SST,stdev,0.1914653182029724
MBNMS,2094,SST,mean,19.5546817779541
MBNMS,2094,SST,stdev,0.18575207889080048
MBNMS,2095,SST,mean,19.59678077697754
MBNMS,2095,SST,stdev,0.19277477264404297
MBNMS,2096,SST,mean,19.638025283813477
MBNMS,2096,SST,stdev,0.18809130787849426
MBNMS,2097,SST,mean,19.68630027770996
MBNMS,2097,SST,stdev,0.19024841487407684
MBNMS,2098,SST,mean,19.778507232666016
MBNMS,2098,SST,stdev,0.18394550681114197
MBNMS,2099,SST,mean,19.791513442993164
MBNMS,2099,SST,stdev,0.18670204281806946
MBNMS,2100,SST,mean,19.81791114807129
MBNMS,2100,SST,stdev,0.17980344593524933
MBNMS-david,1990,SST,mean,16.2822322845459
MBNMS-david,1990,SST,stdev,0.02835659869015217
MBNMS-david,1991,SST,mean,16.256378173828125
MBNMS-david,1991,SST,stdev,0.029572302475571632
MBNMS-david,1992,SST,mean,16.11171531677246
MBNMS-david,1992,SST,stdev,0.030944013968110085
MBNMS-david,1993,SST,mean,16.14385414123535
MBNMS-david,1993,SST,stdev,0.03025384433567524
MBNMS-david,1994,SST,mean,16.18412971496582
MBNMS-david,1994,SST,stdev,0.02700861170887947
MBNMS-david,1995,SST,mean,16.100948333740234
MBNMS-david,1995,SST,stdev,0.026107078418135643
MBNMS-david,1996,SST,mean,16.175262451171875
MBNMS-david,1996,SST,stdev,0.026873454451560974
MBNMS-david,1997,SST,mean,16.436893463134766
MBNMS-david,1997,SST,stdev,0.028085563331842422
MBNMS-david,1998,SST,mean,16.44122314453125
MBNMS-david,1998,SST,stdev,0.025611739605665207
MBNMS-david,1999,SST,mean,16.44012451171875
MBNMS-david,1999,SST,stdev,0.026578694581985474
MBNMS-david,2000,SST,mean,16.465105056762695
MBNMS-david,2000,SST,stdev,0.025350768119096756
MBNMS-david,2001,SST,mean,16.70669937133789
MBNMS-david,2001,SST,stdev,0.02651471085846424
MBNMS-david,2002,SST,mean,16.72808074951172
MBNMS-david,2002,SST,stdev,0.025580106303095818
MBNMS-david,2003,SST,mean,16.58241081237793
MBNMS-david,2003,SST,stdev,0.024249374866485596
MBNMS-david,2004,SST,mean,16.6461124420166
MBNMS-david,2004,SST,stdev,0.02551756054162979
MBNMS-david,2005,SST,mean,16.816287994384766
MBNMS-david,2005,SST,stdev,0.02682241052389145
MBNMS-david,2006,SST,mean,16.65593910217285
MBNMS-david,2006,SST,stdev,0.025022219866514206
MBNMS-david,2007,SST,mean,16.707290649414062
MBNMS-david,2007,SST,stdev,0.02537449263036251
MBNMS-david,2008,SST,mean,16.67868423461914
MBNMS-david,2008,SST,stdev,0.02424146607518196
MBNMS-david,2009,SST,mean,16.786619186401367
MBNMS-david,2009,SST,stdev,0.02555781975388527
MBNMS-david,2010,SST,mean,16.824827194213867
MBNMS-david,2010,SST,stdev,0.025350049138069153
MBNMS-david,2011,SST,mean,16.901626586914062
MBNMS-david,2011,SST,stdev,0.0276046022772789
MBNMS-david,2012,SST,mean,16.801467895507812
MBNMS-david,2012,SST,stdev,0.025800097733736038
MBNMS-david,2013,SST,mean,16.879072189331055
MBNMS-david,2013,SST,stdev,0.025504618883132935
MBNMS-david,2014,SST,mean,16.922882080078125
MBNMS-david,2014,SST,stdev,0.025150908157229424
MBNMS-david,2015,SST,mean,16.832048416137695
MBNMS-david,2015,SST,stdev,0.02392657659947872
MBNMS-david,2016,SST,mean,16.854293823242188
MBNMS-david,2016,SST,stdev,0.024602366611361504
MBNMS-david,2017,SST,mean,16.885509490966797
MBNMS-david,2017,SST,stdev,0.0247605312615633
MBNMS-david,2018,SST,mean,16.8011474609375
MBNMS-david,2018,SST,stdev,0.02430041879415512
MBNMS-david,2019,SST,mean,17.008047103881836
MBNMS-david,2019,SST,stdev,0.026581570506095886
MBNMS-david,2020,SST,mean,16.93570899963379
MBNMS-david,2020,SST,stdev,0.025228550657629967
MBNMS-david,2021,SST,mean,16.86906623840332
MBNMS-david,2021,SST,stdev,0.02476915717124939
MBNMS-david,2022,SST,mean,16.874588012695312
MBNMS-david,2022,SST,stdev,0.024840330705046654
MBNMS-david,2023,SST,mean,16.761363983154297
MBNMS-david,2023,SST,stdev,0.023098373785614967
MBNMS-david,2024,SST,mean,16.864974975585938
MBNMS-david,2024,SST,stdev,0.02415519580245018
MBNMS-david,2025,SST,mean,16.897241592407227
MBNMS-david,2025,SST,stdev,0.024402504786849022
MBNMS-david,2026,SST,mean,17.01966094970703
MBNMS-david,2026,SST,stdev,0.026155246421694756
MBNMS-david,2027,SST,mean,16.933622360229492
MBNMS-david,2027,SST,stdev,0.024407537654042244
MBNMS-david,2028,SST,mean,17.00847625732422
MBNMS-david,2028,SST,stdev,0.02350025251507759
MBNMS-david,2029,SST,mean,17.07056427001953
MBNMS-david,2029,SST,stdev,0.022712310776114464
MBNMS-david,2030,SST,mean,17.050857543945312
MBNMS-david,2030,SST,stdev,0.02354985848069191
MBNMS-david,2031,SST,mean,17.027048110961914
MBNMS-david,2031,SST,stdev,0.02372887171804905
MBNMS-david,2032,SST,mean,17.113731384277344
MBNMS-david,2032,SST,stdev,0.024319110438227654
MBNMS-david,2033,SST,mean,17.132530212402344
MBNMS-david,2033,SST,stdev,0.02671816572546959
MBNMS-david,2034,SST,mean,17.197711944580078
MBNMS-david,2034,SST,stdev,0.02725807949900627
MBNMS-david,2035,SST,mean,17.354032516479492
MBNMS-david,2035,SST,stdev,0.024367278441786766
MBNMS-david,2036,SST,mean,17.405670166015625
MBNMS-david,2036,SST,stdev,0.024212708696722984
MBNMS-david,2037,SST,mean,17.258272171020508
MBNMS-david,2037,SST,stdev,0.022305399179458618
MBNMS-david,2038,SST,mean,17.2772216796875
MBNMS-david,2038,SST,stdev,0.021711565554142
MBNMS-david,2039,SST,mean,17.304935455322266
MBNMS-david,2039,SST,stdev,0.024374468252062798
MBNMS-david,2040,SST,mean,17.394317626953125
MBNMS-david,2040,SST,stdev,0.025842513889074326
MBNMS-david,2041,SST,mean,17.4625301361084
MBNMS-david,2041,SST,stdev,0.022844592109322548
MBNMS-david,2042,SST,mean,17.265199661254883
MBNMS-david,2042,SST,stdev,0.023898538202047348
MBNMS-david,2043,SST,mean,17.423133850097656
MBNMS-david,2043,SST,stdev,0.023040859028697014
MBNMS-david,2044,SST,mean,17.655590057373047
MBNMS-david,2044,SST,stdev,0.02544494904577732
MBNMS-david,2045,SST,mean,17.62298011779785
MBNMS-david,2045,SST,stdev,0.025482332333922386
MBNMS-david,2046,SST,mean,17.628419876098633
MBNMS-david,2046,SST,stdev,0.02388775534927845
MBNMS-david,2047,SST,mean,17.69890594482422
MBNMS-david,2047,SST,stdev,0.025212734937667847
MBNMS-david,2048,SST,mean,17.716854095458984
MBNMS-david,2048,SST,stdev,0.0250552911311388
MBNMS-david,2049,SST,mean,17.7579345703125
MBNMS-david,2049,SST,stdev,0.024063890799880028
MBNMS-david,2050,SST,mean,17.716930389404297
MBNMS-david,2050,SST,stdev,0.02373390458524227
MBNMS-david,2051,SST,mean,17.765634536743164
MBNMS-david,2051,SST,stdev,0.02270440198481083
MBNMS-david,2052,SST,mean,17.687719345092773
MBNMS-david,2052,SST,stdev,0.022091876715421677
MBNMS-david,2053,SST,mean,17.824901580810547
MBNMS-david,2053,SST,stdev,0.023843899369239807
MBNMS-david,2054,SST,mean,17.830562591552734
MBNMS-david,2054,SST,stdev,0.024966862052679062
MBNMS-david,2055,SST,mean,17.913278579711914
MBNMS-david,2055,SST,stdev,0.022470751777291298
MBNMS-david,2056,SST,mean,17.98746109008789
MBNMS-david,2056,SST,stdev,0.02381729893386364
MBNMS-david,2057,SST,mean,17.90887451171875
MBNMS-david,2057,SST,stdev,0.02563258819282055
MBNMS-david,2058,SST,mean,17.866914749145508
MBNMS-david,2058,SST,stdev,0.023208368569612503
MBNMS-david,2059,SST,mean,18.042348861694336
MBNMS-david,2059,SST,stdev,0.024050232023000717
MBNMS-david,2060,SST,mean,18.12663459777832
MBNMS-david,2060,SST,stdev,0.0259050615131855
MBNMS-david,2061,SST,mean,18.19936752319336
MBNMS-david,2061,SST,stdev,0.0248849056661129
MBNMS-david,2062,SST,mean,18.239028930664062
MBNMS-david,2062,SST,stdev,0.025280313566327095
MBNMS-david,2063,SST,mean,18.346656799316406
MBNMS-david,2063,SST,stdev,0.024956798180937767
MBNMS-david,2064,SST,mean,18.267513275146484
MBNMS-david,2064,SST,stdev,0.02300419472157955
MBNMS-david,2065,SST,mean,18.293615341186523
MBNMS-david,2065,SST,stdev,0.025662783533334732
MBNMS-david,2066,SST,mean,18.30194664001465
MBNMS-david,2066,SST,stdev,0.023371566087007523
MBNMS-david,2067,SST,mean,18.395376205444336
MBNMS-david,2067,SST,stdev,0.02381729893386364
MBNMS-david,2068,SST,mean,18.528602600097656
MBNMS-david,2068,SST,stdev,0.028524108231067657
MBNMS-david,2069,SST,mean,18.39405059814453
MBNMS-david,2069,SST,stdev,0.024516815319657326
MBNMS-david,2070,SST,mean,18.417919158935547
MBNMS-david,2070,SST,stdev,0.025162409991025925
MBNMS-david,2071,SST,mean,18.495325088500977
MBNMS-david,2071,SST,stdev,0.023693645372986794
MBNMS-david,2072,SST,mean,18.50089454650879
MBNMS-david,2072,SST,stdev,0.023237844929099083
MBNMS-david,2073,SST,mean,18.555543899536133
MBNMS-david,2073,SST,stdev,0.025058165192604065
MBNMS-david,2074,SST,mean,18.653593063354492
MBNMS-david,2074,SST,stdev,0.023580772802233696
MBNMS-david,2075,SST,mean,18.645601272583008
MBNMS-david,2075,SST,stdev,0.02345927432179451
MBNMS-david,2076,SST,mean,18.630632400512695
MBNMS-david,2076,SST,stdev,0.02573683299124241
MBNMS-david,2077,SST,mean,18.698162078857422
MBNMS-david,2077,SST,stdev,0.025764869526028633
MBNMS-david,2078,SST,mean,18.72333526611328
MBNMS-david,2078,SST,stdev,0.023430516943335533
MBNMS-david,2079,SST,mean,18.820247650146484
MBNMS-david,2079,SST,stdev,0.024131471291184425
MBNMS-david,2080,SST,mean,18.85563087463379
MBNMS-david,2080,SST,stdev,0.02510920912027359
MBNMS-david,2081,SST,mean,19.004959106445312
MBNMS-david,2081,SST,stdev,0.025008561089634895
MBNMS-david,2082,SST,mean,19.101318359375
MBNMS-david,2082,SST,stdev,0.027017958462238312
MBNMS-david,2083,SST,mean,19.051584243774414
MBNMS-david,2083,SST,stdev,0.02600427344441414
MBNMS-david,2084,SST,mean,19.073328018188477
MBNMS-david,2084,SST,stdev,0.02584826573729515
MBNMS-david,2085,SST,mean,19.202699661254883
MBNMS-david,2085,SST,stdev,0.024971894919872284
MBNMS-david,2086,SST,mean,19.125598907470703
MBNMS-david,2086,SST,stdev,0.024330612272024155
MBNMS-david,2087,SST,mean,19.154333114624023
MBNMS-david,2087,SST,stdev,0.025261621922254562
MBNMS-david,2088,SST,mean,18.999916076660156
MBNMS-david,2088,SST,stdev,0.02485758624970913
MBNMS-david,2089,SST,mean,19.16352653503418
MBNMS-david,2089,SST,stdev,0.027079066261649132
MBNMS-david,2090,SST,mean,19.277755737304688
MBNMS-david,2090,SST,stdev,0.02538096345961094
MBNMS-david,2091,SST,mean,19.411785125732422
MBNMS-david,2091,SST,stdev,0.025214172899723053
MBNMS-david,2092,SST,mean,19.432035446166992
MBNMS-david,2092,SST,stdev,0.025289660319685936
MBNMS-david,2093,SST,mean,19.435091018676758
MBNMS-david,2093,SST,stdev,0.02611067332327366
MBNMS-david,2094,SST,mean,19.48298454284668
MBNMS-david,2094,SST,stdev,0.023766256868839264
MBNMS-david,2095,SST,mean,19.518516540527344
MBNMS-david,2095,SST,stdev,0.023258693516254425
MBNMS-david,2096,SST,mean,19.577173233032227
MBNMS-david,2096,SST,stdev,0.02586408145725727
MBNMS-david,2097,SST,mean,19.618120193481445
MBNMS-david,2097,SST,stdev,0.024886343628168106
MBNMS-david,2098,SST,mean,19.71319580078125
MBNMS-david,2098,SST,stdev,0.02502293884754181
MBNMS-david,2099,SST,mean,19.718372344970703
MBNMS-david,2099,SST,stdev,0.02390788495540619
MBNMS-david,2100,SST,mean,19.761150360107422
MBNMS-david,2100,SST,stdev,0.025282470509409904
MBNMS-main,1990,SST,mean,16.348264694213867
MBNMS-main,1990,SST,stdev,0.22218182682991028
MBNMS-main,1991,SST,mean,16.306303024291992
MBNMS-main,1991,SST,stdev,0.21273218095302582
MBNMS-main,1992,SST,mean,16.151750564575195
MBNMS-main,1992,SST,stdev,0.20862874388694763
MBNMS-main,1993,SST,mean,16.196876525878906
MBNMS-main,1993,SST,stdev,0.21351082623004913
MBNMS-main,1994,SST,mean,16.25717544555664
MBNMS-main,1994,SST,stdev,0.21721535921096802
MBNMS-main,1995,SST,mean,16.186893463134766
MBNMS-main,1995,SST,stdev,0.21980011463165283
MBNMS-main,1996,SST,mean,16.257123947143555
MBNMS-main,1996,SST,stdev,0.21886999905109406
MBNMS-main,1997,SST,mean,16.508291244506836
MBNMS-main,1997,SST,stdev,0.22712761163711548
MBNMS-main,1998,SST,mean,16.525793075561523
MBNMS-main,1998,SST,stdev,0.22400939464569092
MBNMS-main,1999,SST,mean,16.52350616455078
MBNMS-main,1999,SST,stdev,0.22158664464950562
MBNMS-main,2000,SST,mean,16.555187225341797
MBNMS-main,2000,SST,stdev,0.21702347695827484
MBNMS-main,2001,SST,mean,16.783550262451172
MBNMS-main,2001,SST,stdev,0.21555504202842712
MBNMS-main,2002,SST,mean,16.817611694335938
MBNMS-main,2002,SST,stdev,0.2205927073955536
MBNMS-main,2003,SST,mean,16.674123764038086
MBNMS-main,2003,SST,stdev,0.2162611037492752
MBNMS-main,2004,SST,mean,16.732242584228516
MBNMS-main,2004,SST,stdev,0.21912682056427002
MBNMS-main,2005,SST,mean,16.892614364624023
MBNMS-main,2005,SST,stdev,0.2158786654472351
MBNMS-main,2006,SST,mean,16.745895385742188
MBNMS-main,2006,SST,stdev,0.22294579446315765
MBNMS-main,2007,SST,mean,16.79230499267578
MBNMS-main,2007,SST,stdev,0.21608170866966248
MBNMS-main,2008,SST,mean,16.780847549438477
MBNMS-main,2008,SST,stdev,0.2209462970495224
MBNMS-main,2009,SST,mean,16.873411178588867
MBNMS-main,2009,SST,stdev,0.2183935046195984
MBNMS-main,2010,SST,mean,16.910675048828125
MBNMS-main,2010,SST,stdev,0.2214089334011078
MBNMS-main,2011,SST,mean,16.96885871887207
MBNMS-main,2011,SST,stdev,0.21491913497447968
MBNMS-main,2012,SST,mean,16.886728286743164
MBNMS-main,2012,SST,stdev,0.2175990641117096
MBNMS-main,2013,SST,mean,16.971506118774414
MBNMS-main,2013,SST,stdev,0.22067227959632874
MBNMS-main,2014,SST,mean,17.013505935668945
MBNMS-main,2014,SST,stdev,0.2236405462026596
MBNMS-main,2015,SST,mean,16.935977935791016
MBNMS-main,2015,SST,stdev,0.22227317094802856
MBNMS-main,2016,SST,mean,16.950162887573242
MBNMS-main,2016,SST,stdev,0.22462952136993408
MBNMS-main,2017,SST,mean,16.97530746459961
MBNMS-main,2017,SST,stdev,0.21519282460212708
MBNMS-main,2018,SST,mean,16.89700698852539
MBNMS-main,2018,SST,stdev,0.2200857698917389
MBNMS-main,2019,SST,mean,17.08782386779785
MBNMS-main,2019,SST,stdev,0.2156333029270172
MBNMS-main,2020,SST,mean,17.02836036682129
MBNMS-main,2020,SST,stdev,0.22185218334197998
MBNMS-main,2021,SST,mean,16.969594955444336
MBNMS-main,2021,SST,stdev,0.22924062609672546
MBNMS-main,2022,SST,mean,16.967252731323242
MBNMS-main,2022,SST,stdev,0.21925678849220276
MBNMS-main,2023,SST,mean,16.874040603637695
MBNMS-main,2023,SST,stdev,0.22753651440143585
MBNMS-main,2024,SST,mean,16.96514129638672
MBNMS-main,2024,SST,stdev,0.22375556826591492
MBNMS-main,2025,SST,mean,16.993581771850586
MBNMS-main,2025,SST,stdev,0.21960726380348206
MBNMS-main,2026,SST,mean,17.10710906982422
MBNMS-main,2026,SST,stdev,0.21725210547447205
MBNMS-main,2027,SST,mean,17.027179718017578
MBNMS-main,2027,SST,stdev,0.22183650732040405
MBNMS-main,2028,SST,mean,17.103290557861328
MBNMS-main,2028,SST,stdev,0.21966318786144257
MBNMS-main,2029,SST,mean,17.1762752532959
MBNMS-main,2029,SST,stdev,0.22240139544010162
MBNMS-main,2030,SST,mean,17.14626693725586
MBNMS-main,2030,SST,stdev,0.2162293791770935
MBNMS-main,2031,SST,mean,17.11908531188965
MBNMS-main,2031,SST,stdev,0.2163626253604889
MBNMS-main,2032,SST,mean,17.206676483154297
MBNMS-main,2032,SST,stdev,0.21687939763069153
MBNMS-main,2033,SST,mean,17.2098388671875
MBNMS-main,2033,SST,stdev,0.21382777392864227
MBNMS-main,2034,SST,mean,17.276214599609375
MBNMS-main,2034,SST,stdev,0.22030365467071533
MBNMS-main,2035,SST,mean,17.448909759521484
MBNMS-main,2035,SST,stdev,0.22294752299785614
MBNMS-main,2036,SST,mean,17.498199462890625
MBNMS-main,2036,SST,stdev,0.21803681552410126
MBNMS-main,2037,SST,mean,17.35957145690918
MBNMS-main,2037,SST,stdev,0.21941570937633514
MBNMS-main,2038,SST,mean,17.384933471679688
MBNMS-main,2038,SST,stdev,0.2164577692747116
MBNMS-main,2039,SST,mean,17.40048599243164
MBNMS-main,2039,SST,stdev,0.22269898653030396
MBNMS-main,2040,SST,mean,17.481361389160156
MBNMS-main,2040,SST,stdev,0.2197270691394806
MBNMS-main,2041,SST,mean,17.565242767333984
MBNMS-main,2041,SST,stdev,0.21808721125125885
MBNMS-main,2042,SST,mean,17.368026733398438
MBNMS-main,2042,SST,stdev,0.21438796818256378
MBNMS-main,2043,SST,mean,17.527633666992188
MBNMS-main,2043,SST,stdev,0.226993128657341
MBNMS-main,2044,SST,mean,17.73796272277832
MBNMS-main,2044,SST,stdev,0.2169441133737564
MBNMS-main,2045,SST,mean,17.70656967163086
MBNMS-main,2045,SST,stdev,0.21398884057998657
MBNMS-main,2046,SST,mean,17.7203426361084
MBNMS-main,2046,SST,stdev,0.20907579362392426
MBNMS-main,2047,SST,mean,17.78327751159668
MBNMS-main,2047,SST,stdev,0.2162294089794159
MBNMS-main,2048,SST,mean,17.801156997680664
MBNMS-main,2048,SST,stdev,0.21175482869148254
MBNMS-main,2049,SST,mean,17.858060836791992
MBNMS-main,2049,SST,stdev,0.22207847237586975
MBNMS-main,2050,SST,mean,17.813386917114258
MBNMS-main,2050,SST,stdev,0.21881642937660217
MBNMS-main,2051,SST,mean,17.871341705322266
MBNMS-main,2051,SST,stdev,0.21874399483203888
MBNMS-main,2052,SST,mean,17.799074172973633
MBNMS-main,2052,SST,stdev,0.2208688110113144
MBNMS-main,2053,SST,mean,17.92137908935547
MBNMS-main,2053,SST,stdev,0.2159481942653656
MBNMS-main,2054,SST,mean,17.915725708007812
MBNMS-main,2054,SST,stdev,0.210723876953125
MBNMS-main,2055,SST,mean,18.02113151550293
MBNMS-main,2055,SST,stdev,0.21903295814990997
MBNMS-main,2056,SST,mean,18.075672149658203
MBNMS-main,2056,SST,stdev,0.2103261500597
MBNMS-main,2057,SST,mean,17.987430572509766
MBNMS-main,2057,SST,stdev,0.20834223926067352
MBNMS-main,2058,SST,mean,17.96050262451172
MBNMS-main,2058,SST,stdev,0.2118064910173416
MBNMS-main,2059,SST,mean,18.135976791381836
MBNMS-main,2059,SST,stdev,0.21632066369056702
MBNMS-main,2060,SST,mean,18.20831871032715
MBNMS-main,2060,SST,stdev,0.21229641139507294
MBNMS-main,2061,SST,mean,18.28866958618164
MBNMS-main,2061,SST,stdev,0.21643047034740448
MBNMS-main,2062,SST,mean,18.317697525024414
MBNMS-main,2062,SST,stdev,0.2128683626651764
MBNMS-main,2063,SST,mean,18.426286697387695
MBNMS-main,2063,SST,stdev,0.2110258787870407
MBNMS-main,2064,SST,mean,18.36355972290039
MBNMS-main,2064,SST,stdev,0.20955364406108856
MBNMS-main,2065,SST,mean,18.37179946899414
MBNMS-main,2065,SST,stdev,0.20933249592781067
MBNMS-main,2066,SST,mean,18.396549224853516
MBNMS-main,2066,SST,stdev,0.21737824380397797
MBNMS-main,2067,SST,mean,18.486360549926758
MBNMS-main,2067,SST,stdev,0.21100440621376038
MBNMS-main,2068,SST,mean,18.585283279418945
MBNMS-main,2068,SST,stdev,0.20709264278411865
MBNMS-main,2069,SST,mean,18.478273391723633
MBNMS-main,2069,SST,stdev,0.21399973332881927
MBNMS-main,2070,SST,mean,18.50321388244629
MBNMS-main,2070,SST,stdev,0.2101074755191803
MBNMS-main,2071,SST,mean,18.58918571472168
MBNMS-main,2071,SST,stdev,0.2136951982975006
MBNMS-main,2072,SST,mean,18.589202880859375
MBNMS-main,2072,SST,stdev,0.2094070464372635
MBNMS-main,2073,SST,mean,18.637786865234375
MBNMS-main,2073,SST,stdev,0.2058221697807312
MBNMS-main,2074,SST,mean,18.74186897277832
MBNMS-main,2074,SST,stdev,0.20392490923404694
MBNMS-main,2075,SST,mean,18.730573654174805
MBNMS-main,2075,SST,stdev,0.204157754778862
MBNMS-main,2076,SST,mean,18.715625762939453
MBNMS-main,2076,SST,stdev,0.2081591635942459
MBNMS-main,2077,SST,mean,18.771013259887695
MBNMS-main,2077,SST,stdev,0.20657651126384735
MBNMS-main,2078,SST,mean,18.81551742553711
MBNMS-main,2078,SST,stdev,0.20707809925079346
MBNMS-main,2079,SST,mean,18.90058135986328
MBNMS-main,2079,SST,stdev,0.2035052627325058
MBNMS-main,2080,SST,mean,18.938261032104492
MBNMS-main,2080,SST,stdev,0.20714621245861053
MBNMS-main,2081,SST,mean,19.09122085571289
MBNMS-main,2081,SST,stdev,0.20946940779685974
MBNMS-main,2082,SST,mean,19.16817283630371
MBNMS-main,2082,SST,stdev,0.20119205117225647
MBNMS-main,2083,SST,mean,19.12388801574707
MBNMS-main,2083,SST,stdev,0.20156385004520416
MBNMS-main,2084,SST,mean,19.153230667114258
MBNMS-main,2084,SST,stdev,0.21084648370742798
MBNMS-main,2085,SST,mean,19.27769660949707
MBNMS-main,2085,SST,stdev,0.20372791588306427
MBNMS-main,2086,SST,mean,19.208656311035156
MBNMS-main,2086,SST,stdev,0.2025575488805771
MBNMS-main,2087,SST,mean,19.23335838317871
MBNMS-main,2087,SST,stdev,0.20431901514530182
MBNMS-main,2088,SST,mean,19.077796936035156
MBNMS-main,2088,SST,stdev,0.19839613139629364
MBNMS-main,2089,SST,mean,19.230300903320312
MBNMS-main,2089,SST,stdev,0.20257088541984558
MBNMS-main,2090,SST,mean,19.353147506713867
MBNMS-main,2090,SST,stdev,0.1992027759552002
MBNMS-main,2091,SST,mean,19.487699508666992
MBNMS-main,2091,SST,stdev,0.20440131425857544
MBNMS-main,2092,SST,mean,19.511558532714844
MBNMS-main,2092,SST,stdev,0.20227447152137756
MBNMS-main,2093,SST,mean,19.508377075195312
MBNMS-main,2093,SST,stdev,0.20363621413707733
MBNMS-main,2094,SST,mean,19.565670013427734
MBNMS-main,2094,SST,stdev,0.19698838889598846
MBNMS-main,2095,SST,mean,19.608776092529297
MBNMS-main,2095,SST,stdev,0.20420609414577484
MBNMS-main,2096,SST,mean,19.64734649658203
MBNMS-main,2096,SST,stdev,0.20012958347797394
MBNMS-main,2097,SST,mean,19.696746826171875
MBNMS-main,2097,SST,stdev,0.202072873711586
MBNMS-main,2098,SST,mean,19.788515090942383
MBNMS-main,2098,SST,stdev,0.1953958421945572
MBNMS-main,2099,SST,mean,19.802722930908203
MBNMS-main,2099,SST,stdev,0.19792547821998596
MBNMS-main,2100,SST,mean,19.82660484313965
MBNMS-main,2100,SST,stdev,0.1913750022649765
MNMS,1990,SST,mean,25.092288970947266
MNMS,1990,SST,stdev,0
MNMS,1991,SST,mean,25.07611656188965
MNMS,1991,SST,stdev,0
MNMS,1992,SST,mean,24.834306716918945
MNMS,1992,SST,stdev,0
MNMS,1993,SST,mean,24.977079391479492
MNMS,1993,SST,stdev,0
MNMS,1994,SST,mean,25.043378829956055
MNMS,1994,SST,stdev,0
MNMS,1995,SST,mean,25.15357208251953
MNMS,1995,SST,stdev,0
MNMS,1996,SST,mean,25.2169132232666
MNMS,1996,SST,stdev,0
MNMS,1997,SST,mean,25.25286293029785
MNMS,1997,SST,stdev,0
MNMS,1998,SST,mean,25.24742889404297
MNMS,1998,SST,stdev,0
MNMS,1999,SST,mean,25.345705032348633
MNMS,1999,SST,stdev,0
MNMS,2000,SST,mean,25.3907470703125
MNMS,2000,SST,stdev,0
MNMS,2001,SST,mean,25.401212692260742
MNMS,2001,SST,stdev,0
MNMS,2002,SST,mean,25.4691104888916
MNMS,2002,SST,stdev,0
MNMS,2003,SST,mean,25.47921371459961
MNMS,2003,SST,stdev,0
MNMS,2004,SST,mean,25.473831176757812
MNMS,2004,SST,stdev,0
MNMS,2005,SST,mean,25.456846237182617
MNMS,2005,SST,stdev,0
MNMS,2006,SST,mean,25.530141830444336
MNMS,2006,SST,stdev,0
MNMS,2007,SST,mean,25.601612091064453
MNMS,2007,SST,stdev,0
MNMS,2008,SST,mean,25.631690979003906
MNMS,2008,SST,stdev,0
MNMS,2009,SST,mean,25.601282119750977
MNMS,2009,SST,stdev,0
MNMS,2010,SST,mean,25.627771377563477
MNMS,2010,SST,stdev,0
MNMS,2011,SST,mean,25.592079162597656
MNMS,2011,SST,stdev,0
MNMS,2012,SST,mean,25.648479461669922
MNMS,2012,SST,stdev,0
MNMS,2013,SST,mean,25.688894271850586
MNMS,2013,SST,stdev,0
MNMS,2014,SST,mean,25.75580596923828
MNMS,2014,SST,stdev,0
MNMS,2015,SST,mean,25.748046875
MNMS,2015,SST,stdev,0
MNMS,2016,SST,mean,25.738723754882812
MNMS,2016,SST,stdev,0
MNMS,2017,SST,mean,25.724363327026367
MNMS,2017,SST,stdev,0
MNMS,2018,SST,mean,25.779619216918945
MNMS,2018,SST,stdev,0
MNMS,2019,SST,mean,25.675859451293945
MNMS,2019,SST,stdev,0
MNMS,2020,SST,mean,25.749774932861328
MNMS,2020,SST,stdev,0
MNMS,2021,SST,mean,25.7791805267334
MNMS,2021,SST,stdev,0
MNMS,2022,SST,mean,25.7977294921875
MNMS,2022,SST,stdev,0
MNMS,2023,SST,mean,25.842775344848633
MNMS,2023,SST,stdev,0
MNMS,2024,SST,mean,25.810070037841797
MNMS,2024,SST,stdev,0
MNMS,2025,SST,mean,25.842613220214844
MNMS,2025,SST,stdev,0
MNMS,2026,SST,mean,25.887014389038086
MNMS,2026,SST,stdev,0
MNMS,2027,SST,mean,25.86969757080078
MNMS,2027,SST,stdev,0
MNMS,2028,SST,mean,25.850975036621094
MNMS,2028,SST,stdev,0
MNMS,2029,SST,mean,25.882299423217773
MNMS,2029,SST,stdev,0
MNMS,2030,SST,mean,25.90890121459961
MNMS,2030,SST,stdev,0
MNMS,2031,SST,mean,25.992477416992188
MNMS,2031,SST,stdev,0
MNMS,2032,SST,mean,26.002798080444336
MNMS,2032,SST,stdev,0
MNMS,2033,SST,mean,26.076704025268555
MNMS,2033,SST,stdev,0
MNMS,2034,SST,mean,26.06732177734375
MNMS,2034,SST,stdev,0
MNMS,2035,SST,mean,26.202367782592773
MNMS,2035,SST,stdev,0
MNMS,2036,SST,mean,26.204484939575195
MNMS,2036,SST,stdev,0
MNMS,2037,SST,mean,26.21274185180664
MNMS,2037,SST,stdev,0
MNMS,2038,SST,mean,26.221242904663086
MNMS,2038,SST,stdev,0
MNMS,2039,SST,mean,26.23674774169922
MNMS,2039,SST,stdev,0
MNMS,2040,SST,mean,26.241788864135742
MNMS,2040,SST,stdev,0
MNMS,2041,SST,mean,26.288137435913086
MNMS,2041,SST,stdev,0
MNMS,2042,SST,mean,26.359785079956055
MNMS,2042,SST,stdev,0
MNMS,2043,SST,mean,26.313661575317383
MNMS,2043,SST,stdev,0
MNMS,2044,SST,mean,26.283069610595703
MNMS,2044,SST,stdev,0
MNMS,2045,SST,mean,26.306867599487305
MNMS,2045,SST,stdev,0
MNMS,2046,SST,mean,26.396745681762695
MNMS,2046,SST,stdev,0
MNMS,2047,SST,mean,26.47470474243164
MNMS,2047,SST,stdev,0
MNMS,2048,SST,mean,26.442737579345703
MNMS,2048,SST,stdev,0
MNMS,2049,SST,mean,26.462671279907227
MNMS,2049,SST,stdev,0
MNMS,2050,SST,mean,26.515291213989258
MNMS,2050,SST,stdev,0
MNMS,2051,SST,mean,26.536270141601562
MNMS,2051,SST,stdev,0
MNMS,2052,SST,mean,26.533903121948242
MNMS,2052,SST,stdev,0
MNMS,2053,SST,mean,26.511449813842773
MNMS,2053,SST,stdev,0
MNMS,2054,SST,mean,26.614730834960938
MNMS,2054,SST,stdev,0
MNMS,2055,SST,mean,26.55394172668457
MNMS,2055,SST,stdev,0
MNMS,2056,SST,mean,26.61896324157715
MNMS,2056,SST,stdev,0
MNMS,2057,SST,mean,26.633953094482422
MNMS,2057,SST,stdev,0
MNMS,2058,SST,mean,26.72435188293457
MNMS,2058,SST,stdev,0
MNMS,2059,SST,mean,26.706707000732422
MNMS,2059,SST,stdev,0
MNMS,2060,SST,mean,26.72636604309082
MNMS,2060,SST,stdev,0
MNMS,2061,SST,mean,26.720823287963867
MNMS,2061,SST,stdev,0
MNMS,2062,SST,mean,26.79849624633789
MNMS,2062,SST,stdev,0
MNMS,2063,SST,mean,26.798269271850586
MNMS,2063,SST,stdev,0
MNMS,2064,SST,mean,26.828659057617188
MNMS,2064,SST,stdev,0
MNMS,2065,SST,mean,26.881872177124023
MNMS,2065,SST,stdev,0
MNMS,2066,SST,mean,26.875200271606445
MNMS,2066,SST,stdev,0
MNMS,2067,SST,mean,26.893905639648438
MNMS,2067,SST,stdev,0
MNMS,2068,SST,mean,26.888324737548828
MNMS,2068,SST,stdev,0
MNMS,2069,SST,mean,26.900012969970703
MNMS,2069,SST,stdev,0
MNMS,2070,SST,mean,27.06964874267578
MNMS,2070,SST,stdev,0
MNMS,2071,SST,mean,26.99152374267578
MNMS,2071,SST,stdev,0
MNMS,2072,SST,mean,26.96674919128418
MNMS,2072,SST,stdev,0
MNMS,2073,SST,mean,27.131332397460938
MNMS,2073,SST,stdev,0
MNMS,2074,SST,mean,27.06757164001465
MNMS,2074,SST,stdev,0
MNMS,2075,SST,mean,27.094865798950195
MNMS,2075,SST,stdev,0
MNMS,2076,SST,mean,27.139570236206055
MNMS,2076,SST,stdev,0
MNMS,2077,SST,mean,27.112653732299805
MNMS,2077,SST,stdev,0
MNMS,2078,SST,mean,27.275850296020508
MNMS,2078,SST,stdev,0
MNMS,2079,SST,mean,27.195873260498047
MNMS,2079,SST,stdev,0
MNMS,2080,SST,mean,27.171545028686523
MNMS,2080,SST,stdev,0
MNMS,2081,SST,mean,27.29360580444336
MNMS,2081,SST,stdev,0
MNMS,2082,SST,mean,27.285747528076172
MNMS,2082,SST,stdev,0
MNMS,2083,SST,mean,27.274980545043945
MNMS,2083,SST,stdev,0
MNMS,2084,SST,mean,27.411060333251953
MNMS,2084,SST,stdev,0
MNMS,2085,SST,mean,27.33710479736328
MNMS,2085,SST,stdev,0
MNMS,2086,SST,mean,27.426362991333008
MNMS,2086,SST,stdev,0
MNMS,2087,SST,mean,27.375890731811523
MNMS,2087,SST,stdev,0
MNMS,2088,SST,mean,27.39490509033203
MNMS,2088,SST,stdev,0
MNMS,2089,SST,mean,27.53516387939453
MNMS,2089,SST,stdev,0
MNMS,2090,SST,mean,27.498441696166992
MNMS,2090,SST,stdev,0
MNMS,2091,SST,mean,27.542285919189453
MNMS,2091,SST,stdev,0
MNMS,2092,SST,mean,27.478723526000977
MNMS,2092,SST,stdev,0
MNMS,2093,SST,mean,27.549758911132812
MNMS,2093,SST,stdev,0
MNMS,2094,SST,mean,27.584341049194336
MNMS,2094,SST,stdev,0
MNMS,2095,SST,mean,27.606733322143555
MNMS,2095,SST,stdev,0
MNMS,2096,SST,mean,27.65677261352539
MNMS,2096,SST,stdev,0
MNMS,2097,SST,mean,27.620595932006836
MNMS,2097,SST,stdev,0
MNMS,2098,SST,mean,27.6382999420166
MNMS,2098,SST,stdev,0
MNMS,2099,SST,mean,27.70030975341797
MNMS,2099,SST,stdev,0
MNMS,2100,SST,mean,27.697124481201172
MNMS,2100,SST,stdev,0
NMSAS,1990,SST,mean,28.937707901000977
NMSAS,1990,SST,stdev,0.2062554657459259
NMSAS,1991,SST,mean,28.914369583129883
NMSAS,1991,SST,stdev,0.2078712284564972
NMSAS,1992,SST,mean,28.916173934936523
NMSAS,1992,SST,stdev,0.20351628959178925
NMSAS,1993,SST,mean,28.77601432800293
NMSAS,1993,SST,stdev,0.20346291363239288
NMSAS,1994,SST,mean,28.857858657836914
NMSAS,1994,SST,stdev,0.20237836241722107
NMSAS,1995,SST,mean,28.876983642578125
NMSAS,1995,SST,stdev,0.201443612575531
NMSAS,1996,SST,mean,28.93780517578125
NMSAS,1996,SST,stdev,0.19664797186851501
NMSAS,1997,SST,mean,28.920251846313477
NMSAS,1997,SST,stdev,0.20555028319358826
NMSAS,1998,SST,mean,28.893360137939453
NMSAS,1998,SST,stdev,0.21533720195293427
NMSAS,1999,SST,mean,29.0787353515625
NMSAS,1999,SST,stdev,0.21526776254177094
NMSAS,2000,SST,mean,29.076507568359375
NMSAS,2000,SST,stdev,0.20878399908542633
NMSAS,2001,SST,mean,29.084333419799805
NMSAS,2001,SST,stdev,0.21081383526325226
NMSAS,2002,SST,mean,29.085155487060547
NMSAS,2002,SST,stdev,0.22107282280921936
NMSAS,2003,SST,mean,29.02655792236328
NMSAS,2003,SST,stdev,0.21446968615055084
NMSAS,2004,SST,mean,29.100202560424805
NMSAS,2004,SST,stdev,0.20432136952877045
NMSAS,2005,SST,mean,29.043798446655273
NMSAS,2005,SST,stdev,0.2134012132883072
NMSAS,2006,SST,mean,29.08997917175293
NMSAS,2006,SST,stdev,0.20624326169490814
NMSAS,2007,SST,mean,29.067718505859375
NMSAS,2007,SST,stdev,0.21111547946929932
NMSAS,2008,SST,mean,29.168331146240234
NMSAS,2008,SST,stdev,0.19818133115768433
NMSAS,2009,SST,mean,29.170772552490234
NMSAS,2009,SST,stdev,0.21180012822151184
NMSAS,2010,SST,mean,29.19002914428711
NMSAS,2010,SST,stdev,0.2238714098930359
NMSAS,2011,SST,mean,29.17105484008789
NMSAS,2011,SST,stdev,0.21422193944454193
NMSAS,2012,SST,mean,29.136547088623047
NMSAS,2012,SST,stdev,0.20840728282928467
NMSAS,2013,SST,mean,29.20671272277832
NMSAS,2013,SST,stdev,0.2036471962928772
NMSAS,2014,SST,mean,29.212631225585938
NMSAS,2014,SST,stdev,0.21641747653484344
NMSAS,2015,SST,mean,29.26238441467285
NMSAS,2015,SST,stdev,0.20640195906162262
NMSAS,2016,SST,mean,29.2185115814209
NMSAS,2016,SST,stdev,0.2051461637020111
NMSAS,2017,SST,mean,29.245521545410156
NMSAS,2017,SST,stdev,0.20996646583080292
NMSAS,2018,SST,mean,29.400371551513672
NMSAS,2018,SST,stdev,0.20252178609371185
NMSAS,2019,SST,mean,29.313920974731445
NMSAS,2019,SST,stdev,0.21638734638690948
NMSAS,2020,SST,mean,29.340116500854492
NMSAS,2020,SST,stdev,0.21283535659313202
NMSAS,2021,SST,mean,29.274131774902344
NMSAS,2021,SST,stdev,0.2015036791563034
NMSAS,2022,SST,mean,29.394241333007812
NMSAS,2022,SST,stdev,0.2106061577796936
NMSAS,2023,SST,mean,29.45939064025879
NMSAS,2023,SST,stdev,0.1999594271183014
NMSAS,2024,SST,mean,29.418161392211914
NMSAS,2024,SST,stdev,0.2135404348373413
NMSAS,2025,SST,mean,29.48882293701172
NMSAS,2025,SST,stdev,0.20820894837379456
NMSAS,2026,SST,mean,29.452749252319336
NMSAS,2026,SST,stdev,0.21366141736507416
NMSAS,2027,SST,mean,29.437917709350586
NMSAS,2027,SST,stdev,0.21835772693157196
NMSAS,2028,SST,mean,29.467687606811523
NMSAS,2028,SST,stdev,0.21878470480442047
NMSAS,2029,SST,mean,29.510623931884766
NMSAS,2029,SST,stdev,0.2079065889120102
NMSAS,2030,SST,mean,29.469453811645508
NMSAS,2030,SST,stdev,0.2123231738805771
NMSAS,2031,SST,mean,29.475866317749023
NMSAS,2031,SST,stdev,0.22171775996685028
NMSAS,2032,SST,mean,29.58809471130371
NMSAS,2032,SST,stdev,0.21855753660202026
NMSAS,2033,SST,mean,29.53638458251953
NMSAS,2033,SST,stdev,0.20788335800170898
NMSAS,2034,SST,mean,29.663387298583984
NMSAS,2034,SST,stdev,0.2124524861574173
NMSAS,2035,SST,mean,29.660110473632812
NMSAS,2035,SST,stdev,0.21244847774505615
NMSAS,2036,SST,mean,29.668596267700195
NMSAS,2036,SST,stdev,0.22253045439720154
NMSAS,2037,SST,mean,29.756685256958008
NMSAS,2037,SST,stdev,0.22584094107151031
NMSAS,2038,SST,mean,29.778718948364258
NMSAS,2038,SST,stdev,0.19810384511947632
NMSAS,2039,SST,mean,29.752897262573242
NMSAS,2039,SST,stdev,0.2054457664489746
NMSAS,2040,SST,mean,29.86005210876465
NMSAS,2040,SST,stdev,0.21649590134620667
NMSAS,2041,SST,mean,29.781057357788086
NMSAS,2041,SST,stdev,0.2151796966791153
NMSAS,2042,SST,mean,29.83144760131836
NMSAS,2042,SST,stdev,0.20696642994880676
NMSAS,2043,SST,mean,29.8317928314209
NMSAS,2043,SST,stdev,0.21353301405906677
NMSAS,2044,SST,mean,29.748092651367188
NMSAS,2044,SST,stdev,0.229990616440773
NMSAS,2045,SST,mean,29.96282958984375
NMSAS,2045,SST,stdev,0.2156296968460083
NMSAS,2046,SST,mean,29.969772338867188
NMSAS,2046,SST,stdev,0.2166886180639267
NMSAS,2047,SST,mean,30.001262664794922
NMSAS,2047,SST,stdev,0.2181556224822998
NMSAS,2048,SST,mean,30.01321029663086
NMSAS,2048,SST,stdev,0.21761399507522583
NMSAS,2049,SST,mean,30.111827850341797
NMSAS,2049,SST,stdev,0.20095853507518768
NMSAS,2050,SST,mean,29.94571304321289
NMSAS,2050,SST,stdev,0.2106420397758484
NMSAS,2051,SST,mean,30.03191375732422
NMSAS,2051,SST,stdev,0.21938221156597137
NMSAS,2052,SST,mean,30.12228775024414
NMSAS,2052,SST,stdev,0.2098834216594696
NMSAS,2053,SST,mean,30.1558895111084
NMSAS,2053,SST,stdev,0.2044716328382492
NMSAS,2054,SST,mean,30.075458526611328
NMSAS,2054,SST,stdev,0.2045624703168869
NMSAS,2055,SST,mean,30.198789596557617
NMSAS,2055,SST,stdev,0.20916256308555603
NMSAS,2056,SST,mean,30.282787322998047
NMSAS,2056,SST,stdev,0.21928559243679047
NMSAS,2057,SST,mean,30.230365753173828
NMSAS,2057,SST,stdev,0.20519712567329407
NMSAS,2058,SST,mean,30.280834197998047
NMSAS,2058,SST,stdev,0.20796296000480652
NMSAS,2059,SST,mean,30.365175247192383
NMSAS,2059,SST,stdev,0.21463976800441742
NMSAS,2060,SST,mean,30.3170166015625
NMSAS,2060,SST,stdev,0.2143532931804657
NMSAS,2061,SST,mean,30.33048439025879
NMSAS,2061,SST,stdev,0.22287097573280334
NMSAS,2062,SST,mean,30.27021598815918
NMSAS,2062,SST,stdev,0.22066235542297363
NMSAS,2063,SST,mean,30.297542572021484
NMSAS,2063,SST,stdev,0.21957416832447052
NMSAS,2064,SST,mean,30.501441955566406
NMSAS,2064,SST,stdev,0.2132743000984192
NMSAS,2065,SST,mean,30.448562622070312
NMSAS,2065,SST,stdev,0.21326257288455963
NMSAS,2066,SST,mean,30.425853729248047
NMSAS,2066,SST,stdev,0.21201153099536896
NMSAS,2067,SST,mean,30.54172706604004
NMSAS,2067,SST,stdev,0.2174724042415619
NMSAS,2068,SST,mean,30.538503646850586
NMSAS,2068,SST,stdev,0.21998584270477295
NMSAS,2069,SST,mean,30.504270553588867
NMSAS,2069,SST,stdev,0.2161138355731964
NMSAS,2070,SST,mean,30.53928565979004
NMSAS,2070,SST,stdev,0.21778279542922974
NMSAS,2071,SST,mean,30.530086517333984
NMSAS,2071,SST,stdev,0.21758367121219635
NMSAS,2072,SST,mean,30.62068748474121
NMSAS,2072,SST,stdev,0.2118312269449234
NMSAS,2073,SST,mean,30.680953979492188
NMSAS,2073,SST,stdev,0.20717757940292358
NMSAS,2074,SST,mean,30.59201431274414
NMSAS,2074,SST,stdev,0.22052904963493347
NMSAS,2075,SST,mean,30.70753288269043
NMSAS,2075,SST,stdev,0.2157028466463089
NMSAS,2076,SST,mean,30.716676712036133
NMSAS,2076,SST,stdev,0.21525803208351135
NMSAS,2077,SST,mean,30.7406005859375
NMSAS,2077,SST,stdev,0.21867579221725464
NMSAS,2078,SST,mean,30.823230743408203
NMSAS,2078,SST,stdev,0.21015989780426025
NMSAS,2079,SST,mean,30.828296661376953
NMSAS,2079,SST,stdev,0.2187659740447998
NMSAS,2080,SST,mean,30.894315719604492
NMSAS,2080,SST,stdev,0.21443024277687073
NMSAS,2081,SST,mean,30.918628692626953
NMSAS,2081,SST,stdev,0.20516552031040192
NMSAS,2082,SST,mean,30.93960189819336
NMSAS,2082,SST,stdev,0.22170010209083557
NMSAS,2083,SST,mean,30.932397842407227
NMSAS,2083,SST,stdev,0.22036996483802795
NMSAS,2084,SST,mean,31.122699737548828
NMSAS,2084,SST,stdev,0.20656907558441162
NMSAS,2085,SST,mean,31.045011520385742
NMSAS,2085,SST,stdev,0.20948754251003265
NMSAS,2086,SST,mean,31.048429489135742
NMSAS,2086,SST,stdev,0.2100856751203537
NMSAS,2087,SST,mean,31.00066375732422
NMSAS,2087,SST,stdev,0.21560868620872498
NMSAS,2088,SST,mean,31.098417282104492
NMSAS,2088,SST,stdev,0.2206922173500061
NMSAS,2089,SST,mean,31.1265811920166
NMSAS,2089,SST,stdev,0.22204358875751495
NMSAS,2090,SST,mean,31.229393005371094
NMSAS,2090,SST,stdev,0.21883933246135712
NMSAS,2091,SST,mean,31.22638511657715
NMSAS,2091,SST,stdev,0.22031435370445251
NMSAS,2092,SST,mean,31.256437301635742
NMSAS,2092,SST,stdev,0.21661676466464996
NMSAS,2093,SST,mean,31.34732437133789
NMSAS,2093,SST,stdev,0.216433584690094
NMSAS,2094,SST,mean,31.395532608032227
NMSAS,2094,SST,stdev,0.21529340744018555
NMSAS,2095,SST,mean,31.42208480834961
NMSAS,2095,SST,stdev,0.2134452760219574
NMSAS,2096,SST,mean,31.43105697631836
NMSAS,2096,SST,stdev,0.2122712880373001
NMSAS,2097,SST,mean,31.454486846923828
NMSAS,2097,SST,stdev,0.20811030268669128
NMSAS,2098,SST,mean,31.555347442626953
NMSAS,2098,SST,stdev,0.20494848489761353
NMSAS,2099,SST,mean,31.543474197387695
NMSAS,2099,SST,stdev,0.20371860265731812
NMSAS,2100,SST,mean,31.553529739379883
NMSAS,2100,SST,stdev,0.21138912439346313
OCNMS,1990,SST,mean,12.491190910339355
OCNMS,1990,SST,stdev,0.09153922647237778
OCNMS,1991,SST,mean,12.4964017868042
OCNMS,1991,SST,stdev,0.09220964461565018
OCNMS,1992,SST,mean,12.413559913635254
OCNMS,1992,SST,stdev,0.0948435589671135
OCNMS,1993,SST,mean,12.436829566955566
OCNMS,1993,SST,stdev,0.0898900181055069
OCNMS,1994,SST,mean,12.428321838378906
OCNMS,1994,SST,stdev,0.09090124070644379
OCNMS,1995,SST,mean,12.326386451721191
OCNMS,1995,SST,stdev,0.08594388514757156
OCNMS,1996,SST,mean,12.442423820495605
OCNMS,1996,SST,stdev,0.09136314690113068
OCNMS,1997,SST,mean,12.657776832580566
OCNMS,1997,SST,stdev,0.08654175698757172
OCNMS,1998,SST,mean,12.641813278198242
OCNMS,1998,SST,stdev,0.0886935293674469
OCNMS,1999,SST,mean,12.660686492919922
OCNMS,1999,SST,stdev,0.09077409654855728
OCNMS,2000,SST,mean,12.710798263549805
OCNMS,2000,SST,stdev,0.08775916695594788
OCNMS,2001,SST,mean,12.891825675964355
OCNMS,2001,SST,stdev,0.08928494900465012
OCNMS,2002,SST,mean,13.008098602294922
OCNMS,2002,SST,stdev,0.08808457851409912
OCNMS,2003,SST,mean,12.867319107055664
OCNMS,2003,SST,stdev,0.08792039006948471
OCNMS,2004,SST,mean,12.922309875488281
OCNMS,2004,SST,stdev,0.08629228174686432
OCNMS,2005,SST,mean,13.102202415466309
OCNMS,2005,SST,stdev,0.08889935910701752
OCNMS,2006,SST,mean,12.980552673339844
OCNMS,2006,SST,stdev,0.0852106362581253
OCNMS,2007,SST,mean,12.978759765625
OCNMS,2007,SST,stdev,0.08615785837173462
OCNMS,2008,SST,mean,12.992362022399902
OCNMS,2008,SST,stdev,0.08637239784002304
OCNMS,2009,SST,mean,13.034273147583008
OCNMS,2009,SST,stdev,0.08556626737117767
OCNMS,2010,SST,mean,13.101083755493164
OCNMS,2010,SST,stdev,0.08594276756048203
OCNMS,2011,SST,mean,13.154593467712402
OCNMS,2011,SST,stdev,0.09025823324918747
OCNMS,2012,SST,mean,13.070176124572754
OCNMS,2012,SST,stdev,0.08795107156038284
OCNMS,2013,SST,mean,13.127163887023926
OCNMS,2013,SST,stdev,0.0878816470503807
OCNMS,2014,SST,mean,13.174007415771484
OCNMS,2014,SST,stdev,0.087600938975811
OCNMS,2015,SST,mean,13.070960998535156
OCNMS,2015,SST,stdev,0.08583293855190277
OCNMS,2016,SST,mean,13.074399948120117
OCNMS,2016,SST,stdev,0.09043502062559128
OCNMS,2017,SST,mean,13.185418128967285
OCNMS,2017,SST,stdev,0.08396194130182266
OCNMS,2018,SST,mean,13.028757095336914
OCNMS,2018,SST,stdev,0.0858990028500557
OCNMS,2019,SST,mean,13.2523775100708
OCNMS,2019,SST,stdev,0.088198222219944
OCNMS,2020,SST,mean,13.117176055908203
OCNMS,2020,SST,stdev,0.0856875628232956
OCNMS,2021,SST,mean,12.961286544799805
OCNMS,2021,SST,stdev,0.08772675693035126
OCNMS,2022,SST,mean,13.09964370727539
OCNMS,2022,SST,stdev,0.08967564254999161
OCNMS,2023,SST,mean,12.964126586914062
OCNMS,2023,SST,stdev,0.08619121462106705
OCNMS,2024,SST,mean,13.156791687011719
OCNMS,2024,SST,stdev,0.08468001335859299
OCNMS,2025,SST,mean,13.168416023254395
OCNMS,2025,SST,stdev,0.08630240708589554
OCNMS,2026,SST,mean,13.305024147033691
OCNMS,2026,SST,stdev,0.08905110508203506
OCNMS,2027,SST,mean,13.197080612182617
OCNMS,2027,SST,stdev,0.08466596901416779
OCNMS,2028,SST,mean,13.276963233947754
OCNMS,2028,SST,stdev,0.08694922924041748
OCNMS,2029,SST,mean,13.357917785644531
OCNMS,2029,SST,stdev,0.08466760814189911
OCNMS,2030,SST,mean,13.361382484436035
OCNMS,2030,SST,stdev,0.08511092513799667
OCNMS,2031,SST,mean,13.377912521362305
OCNMS,2031,SST,stdev,0.08577963709831238
OCNMS,2032,SST,mean,13.344432830810547
OCNMS,2032,SST,stdev,0.08563119918107986
OCNMS,2033,SST,mean,13.420058250427246
OCNMS,2033,SST,stdev,0.08393219858407974
OCNMS,2034,SST,mean,13.411983489990234
OCNMS,2034,SST,stdev,0.09093255549669266
OCNMS,2035,SST,mean,13.585105895996094
OCNMS,2035,SST,stdev,0.08657717704772949
OCNMS,2036,SST,mean,13.685338020324707
OCNMS,2036,SST,stdev,0.08423874527215958
OCNMS,2037,SST,mean,13.580848693847656
OCNMS,2037,SST,stdev,0.0831809937953949
OCNMS,2038,SST,mean,13.553696632385254
OCNMS,2038,SST,stdev,0.08544235676527023
OCNMS,2039,SST,mean,13.475543975830078
OCNMS,2039,SST,stdev,0.0862976610660553
OCNMS,2040,SST,mean,13.667424201965332
OCNMS,2040,SST,stdev,0.08504468202590942
OCNMS,2041,SST,mean,13.808131217956543
OCNMS,2041,SST,stdev,0.08469709753990173
OCNMS,2042,SST,mean,13.550036430358887
OCNMS,2042,SST,stdev,0.08367982506752014
OCNMS,2043,SST,mean,13.609845161437988
OCNMS,2043,SST,stdev,0.08199850469827652
OCNMS,2044,SST,mean,13.920218467712402
OCNMS,2044,SST,stdev,0.08965124189853668
OCNMS,2045,SST,mean,13.942709922790527
OCNMS,2045,SST,stdev,0.08516650646924973
OCNMS,2046,SST,mean,13.9617280960083
OCNMS,2046,SST,stdev,0.08198615908622742
OCNMS,2047,SST,mean,13.953498840332031
OCNMS,2047,SST,stdev,0.0844755545258522
OCNMS,2048,SST,mean,14.043285369873047
OCNMS,2048,SST,stdev,0.08654636144638062
OCNMS,2049,SST,mean,14.014556884765625
OCNMS,2049,SST,stdev,0.08544577658176422
OCNMS,2050,SST,mean,13.99892520904541
OCNMS,2050,SST,stdev,0.08533504605293274
OCNMS,2051,SST,mean,13.985583305358887
OCNMS,2051,SST,stdev,0.08536332845687866
OCNMS,2052,SST,mean,13.999078750610352
OCNMS,2052,SST,stdev,0.083394356071949
OCNMS,2053,SST,mean,14.1494779586792
OCNMS,2053,SST,stdev,0.08303678780794144
OCNMS,2054,SST,mean,14.118517875671387
OCNMS,2054,SST,stdev,0.08395062386989594
OCNMS,2055,SST,mean,14.16985034942627
OCNMS,2055,SST,stdev,0.08363427221775055
OCNMS,2056,SST,mean,14.315073013305664
OCNMS,2056,SST,stdev,0.08445961028337479
OCNMS,2057,SST,mean,14.2218656539917
OCNMS,2057,SST,stdev,0.0839121863245964
OCNMS,2058,SST,mean,14.199792861938477
OCNMS,2058,SST,stdev,0.08413767069578171
OCNMS,2059,SST,mean,14.291516304016113
OCNMS,2059,SST,stdev,0.08358791470527649
OCNMS,2060,SST,mean,14.479069709777832
OCNMS,2060,SST,stdev,0.08047868311405182
OCNMS,2061,SST,mean,14.51354694366455
OCNMS,2061,SST,stdev,0.08378919959068298
OCNMS,2062,SST,mean,14.535284996032715
OCNMS,2062,SST,stdev,0.08797556906938553
OCNMS,2063,SST,mean,14.722563743591309
OCNMS,2063,SST,stdev,0.0840005874633789
OCNMS,2064,SST,mean,14.618383407592773
OCNMS,2064,SST,stdev,0.083599753677845
OCNMS,2065,SST,mean,14.54796314239502
OCNMS,2065,SST,stdev,0.08330313861370087
OCNMS,2066,SST,mean,14.567051887512207
OCNMS,2066,SST,stdev,0.08625741302967072
OCNMS,2067,SST,mean,14.655731201171875
OCNMS,2067,SST,stdev,0.08623600006103516
OCNMS,2068,SST,mean,14.78801155090332
OCNMS,2068,SST,stdev,0.08599134534597397
OCNMS,2069,SST,mean,14.714792251586914
OCNMS,2069,SST,stdev,0.08751271665096283
OCNMS,2070,SST,mean,14.732404708862305
OCNMS,2070,SST,stdev,0.0846995860338211
OCNMS,2071,SST,mean,14.794514656066895
OCNMS,2071,SST,stdev,0.08442305773496628
OCNMS,2072,SST,mean,14.829642295837402
OCNMS,2072,SST,stdev,0.08334026485681534
OCNMS,2073,SST,mean,14.887961387634277
OCNMS,2073,SST,stdev,0.08264058828353882
OCNMS,2074,SST,mean,14.985875129699707
OCNMS,2074,SST,stdev,0.08263272792100906
OCNMS,2075,SST,mean,15.019452095031738
OCNMS,2075,SST,stdev,0.08189889788627625
OCNMS,2076,SST,mean,14.894425392150879
OCNMS,2076,SST,stdev,0.08072488009929657
OCNMS,2077,SST,mean,15.149290084838867
OCNMS,2077,SST,stdev,0.08299579471349716
OCNMS,2078,SST,mean,15.031434059143066
OCNMS,2078,SST,stdev,0.0824178010225296
OCNMS,2079,SST,mean,15.178321838378906
OCNMS,2079,SST,stdev,0.08131933212280273
OCNMS,2080,SST,mean,15.204473495483398
OCNMS,2080,SST,stdev,0.08508508652448654
OCNMS,2081,SST,mean,15.272703170776367
OCNMS,2081,SST,stdev,0.08182728290557861
OCNMS,2082,SST,mean,15.426103591918945
OCNMS,2082,SST,stdev,0.08151538670063019
OCNMS,2083,SST,mean,15.446990013122559
OCNMS,2083,SST,stdev,0.08112984895706177
OCNMS,2084,SST,mean,15.437314987182617
OCNMS,2084,SST,stdev,0.083214171230793
OCNMS,2085,SST,mean,15.584233283996582
OCNMS,2085,SST,stdev,0.08380553871393204
OCNMS,2086,SST,mean,15.44761848449707
OCNMS,2086,SST,stdev,0.08413191884756088
OCNMS,2087,SST,mean,15.497568130493164
OCNMS,2087,SST,stdev,0.07992656528949738
OCNMS,2088,SST,mean,15.46689224243164
OCNMS,2088,SST,stdev,0.07963345944881439
OCNMS,2089,SST,mean,15.535640716552734
OCNMS,2089,SST,stdev,0.0808941125869751
OCNMS,2090,SST,mean,15.656476020812988
OCNMS,2090,SST,stdev,0.08182425051927567
OCNMS,2091,SST,mean,15.776264190673828
OCNMS,2091,SST,stdev,0.07989070564508438
OCNMS,2092,SST,mean,15.817228317260742
OCNMS,2092,SST,stdev,0.07727818191051483
OCNMS,2093,SST,mean,15.809211730957031
OCNMS,2093,SST,stdev,0.0784972533583641
OCNMS,2094,SST,mean,15.86696720123291
OCNMS,2094,SST,stdev,0.07657905668020248
OCNMS,2095,SST,mean,15.784905433654785
OCNMS,2095,SST,stdev,0.08060234040021896
OCNMS,2096,SST,mean,15.906512260437012
OCNMS,2096,SST,stdev,0.08064766973257065
OCNMS,2097,SST,mean,15.894282341003418
OCNMS,2097,SST,stdev,0.08183284103870392
OCNMS,2098,SST,mean,16.099092483520508
OCNMS,2098,SST,stdev,0.08088088780641556
OCNMS,2099,SST,mean,16.12181282043457
OCNMS,2099,SST,stdev,0.08230910450220108
OCNMS,2100,SST,mean,16.216203689575195
OCNMS,2100,SST,stdev,0.07947785407304764
SBNMS,1990,SST,mean,15.168771743774414
SBNMS,1990,SST,stdev,0.25897017121315
SBNMS,1991,SST,mean,15.229022026062012
SBNMS,1991,SST,stdev,0.25786447525024414
SBNMS,1992,SST,mean,14.678144454956055
SBNMS,1992,SST,stdev,0.2540056109428406
SBNMS,1993,SST,mean,14.95641040802002
SBNMS,1993,SST,stdev,0.254241019487381
SBNMS,1994,SST,mean,15.185293197631836
SBNMS,1994,SST,stdev,0.25858062505722046
SBNMS,1995,SST,mean,15.35067367553711
SBNMS,1995,SST,stdev,0.2579578757286072
SBNMS,1996,SST,mean,15.30224895477295
SBNMS,1996,SST,stdev,0.25858157873153687
SBNMS,1997,SST,mean,15.600790023803711
SBNMS,1997,SST,stdev,0.26349779963493347
SBNMS,1998,SST,mean,15.523469924926758
SBNMS,1998,SST,stdev,0.25822946429252625
SBNMS,1999,SST,mean,15.679788589477539
SBNMS,1999,SST,stdev,0.2598329484462738
SBNMS,2000,SST,mean,15.816713333129883
SBNMS,2000,SST,stdev,0.25805729627609253
SBNMS,2001,SST,mean,15.89366340637207
SBNMS,2001,SST,stdev,0.252505898475647
SBNMS,2002,SST,mean,15.87767505645752
SBNMS,2002,SST,stdev,0.25934308767318726
SBNMS,2003,SST,mean,15.764272689819336
SBNMS,2003,SST,stdev,0.25769665837287903
SBNMS,2004,SST,mean,15.917083740234375
SBNMS,2004,SST,stdev,0.25021427869796753
SBNMS,2005,SST,mean,15.928131103515625
SBNMS,2005,SST,stdev,0.25631600618362427
SBNMS,2006,SST,mean,16.101110458374023
SBNMS,2006,SST,stdev,0.25544002652168274
SBNMS,2007,SST,mean,16.243440628051758
SBNMS,2007,SST,stdev,0.26319190859794617
SBNMS,2008,SST,mean,16.317440032958984
SBNMS,2008,SST,stdev,0.25556015968322754
SBNMS,2009,SST,mean,16.221586227416992
SBNMS,2009,SST,stdev,0.24736833572387695
SBNMS,2010,SST,mean,16.236257553100586
SBNMS,2010,SST,stdev,0.24741233885288239
SBNMS,2011,SST,mean,16.184280395507812
SBNMS,2011,SST,stdev,0.24567121267318726
SBNMS,2012,SST,mean,16.326801300048828
SBNMS,2012,SST,stdev,0.2495533525943756
SBNMS,2013,SST,mean,16.362913131713867
SBNMS,2013,SST,stdev,0.2519019544124603
SBNMS,2014,SST,mean,16.476886749267578
SBNMS,2014,SST,stdev,0.25007152557373047
SBNMS,2015,SST,mean,16.406814575195312
SBNMS,2015,SST,stdev,0.2516815662384033
SBNMS,2016,SST,mean,16.35785484313965
SBNMS,2016,SST,stdev,0.24561062455177307
SBNMS,2017,SST,mean,16.462167739868164
SBNMS,2017,SST,stdev,0.24672217667102814
SBNMS,2018,SST,mean,16.47954559326172
SBNMS,2018,SST,stdev,0.25140032172203064
SBNMS,2019,SST,mean,16.306732177734375
SBNMS,2019,SST,stdev,0.2409733384847641
SBNMS,2020,SST,mean,16.439598083496094
SBNMS,2020,SST,stdev,0.24279174208641052
SBNMS,2021,SST,mean,16.342802047729492
SBNMS,2021,SST,stdev,0.24388206005096436
SBNMS,2022,SST,mean,16.42889404296875
SBNMS,2022,SST,stdev,0.2417992502450943
SBNMS,2023,SST,mean,16.41486358642578
SBNMS,2023,SST,stdev,0.24400943517684937
SBNMS,2024,SST,mean,16.395774841308594
SBNMS,2024,SST,stdev,0.2430410087108612
SBNMS,2025,SST,mean,16.562532424926758
SBNMS,2025,SST,stdev,0.24371863901615143
SBNMS,2026,SST,mean,16.433637619018555
SBNMS,2026,SST,stdev,0.2459651380777359
SBNMS,2027,SST,mean,16.590524673461914
SBNMS,2027,SST,stdev,0.24186058342456818
SBNMS,2028,SST,mean,16.497791290283203
SBNMS,2028,SST,stdev,0.24213261902332306
SBNMS,2029,SST,mean,16.550662994384766
SBNMS,2029,SST,stdev,0.24068906903266907
SBNMS,2030,SST,mean,16.492393493652344
SBNMS,2030,SST,stdev,0.24158991873264313
SBNMS,2031,SST,mean,16.638765335083008
SBNMS,2031,SST,stdev,0.24135750532150269
SBNMS,2032,SST,mean,16.609424591064453
SBNMS,2032,SST,stdev,0.24244998395442963
SBNMS,2033,SST,mean,16.76179313659668
SBNMS,2033,SST,stdev,0.24361224472522736
SBNMS,2034,SST,mean,16.76032257080078
SBNMS,2034,SST,stdev,0.24114152789115906
SBNMS,2035,SST,mean,16.89442253112793
SBNMS,2035,SST,stdev,0.24633613228797913
SBNMS,2036,SST,mean,16.879505157470703
SBNMS,2036,SST,stdev,0.2384307086467743
SBNMS,2037,SST,mean,16.92141342163086
SBNMS,2037,SST,stdev,0.2407960295677185
SBNMS,2038,SST,mean,16.862964630126953
SBNMS,2038,SST,stdev,0.23548106849193573
SBNMS,2039,SST,mean,16.94746208190918
SBNMS,2039,SST,stdev,0.23976655304431915
SBNMS,2040,SST,mean,16.95207977294922
SBNMS,2040,SST,stdev,0.23382697999477386
SBNMS,2041,SST,mean,17.1826229095459
SBNMS,2041,SST,stdev,0.2386305332183838
SBNMS,2042,SST,mean,17.145559310913086
SBNMS,2042,SST,stdev,0.23890455067157745
SBNMS,2043,SST,mean,16.93808937072754
SBNMS,2043,SST,stdev,0.23089247941970825
SBNMS,2044,SST,mean,17.04934310913086
SBNMS,2044,SST,stdev,0.2302917093038559
SBNMS,2045,SST,mean,17.02701187133789
SBNMS,2045,SST,stdev,0.2339259684085846
SBNMS,2046,SST,mean,17.1824951171875
SBNMS,2046,SST,stdev,0.23035407066345215
SBNMS,2047,SST,mean,17.18273162841797
SBNMS,2047,SST,stdev,0.2342572659254074
SBNMS,2048,SST,mean,17.205039978027344
SBNMS,2048,SST,stdev,0.22542652487754822
SBNMS,2049,SST,mean,17.223737716674805
SBNMS,2049,SST,stdev,0.2326115518808365
SBNMS,2050,SST,mean,17.37003517150879
SBNMS,2050,SST,stdev,0.2236892729997635
SBNMS,2051,SST,mean,17.359407424926758
SBNMS,2051,SST,stdev,0.22747781872749329
SBNMS,2052,SST,mean,17.35611915588379
SBNMS,2052,SST,stdev,0.22102263569831848
SBNMS,2053,SST,mean,17.288097381591797
SBNMS,2053,SST,stdev,0.22562459111213684
SBNMS,2054,SST,mean,17.43511199951172
SBNMS,2054,SST,stdev,0.2247641682624817
SBNMS,2055,SST,mean,17.423845291137695
SBNMS,2055,SST,stdev,0.21788851916790009
SBNMS,2056,SST,mean,17.36114501953125
SBNMS,2056,SST,stdev,0.22108560800552368
SBNMS,2057,SST,mean,17.552886962890625
SBNMS,2057,SST,stdev,0.2233702689409256
SBNMS,2058,SST,mean,17.49039077758789
SBNMS,2058,SST,stdev,0.21785949170589447
SBNMS,2059,SST,mean,17.52721405029297
SBNMS,2059,SST,stdev,0.21730205416679382
SBNMS,2060,SST,mean,17.490589141845703
SBNMS,2060,SST,stdev,0.21801894903182983
SBNMS,2061,SST,mean,17.59030532836914
SBNMS,2061,SST,stdev,0.21272562444210052
SBNMS,2062,SST,mean,17.670774459838867
SBNMS,2062,SST,stdev,0.21398137509822845
SBNMS,2063,SST,mean,17.737102508544922
SBNMS,2063,SST,stdev,0.21126781404018402
SBNMS,2064,SST,mean,17.594562530517578
SBNMS,2064,SST,stdev,0.20749641954898834
SBNMS,2065,SST,mean,17.66287612915039
SBNMS,2065,SST,stdev,0.21399085223674774
SBNMS,2066,SST,mean,17.77127456665039
SBNMS,2066,SST,stdev,0.2036142796278
SBNMS,2067,SST,mean,17.776613235473633
SBNMS,2067,SST,stdev,0.20400826632976532
SBNMS,2068,SST,mean,17.688770294189453
SBNMS,2068,SST,stdev,0.20415042340755463
SBNMS,2069,SST,mean,17.857297897338867
SBNMS,2069,SST,stdev,0.20194904506206512
SBNMS,2070,SST,mean,17.966142654418945
SBNMS,2070,SST,stdev,0.21263910830020905
SBNMS,2071,SST,mean,17.87653923034668
SBNMS,2071,SST,stdev,0.19366934895515442
SBNMS,2072,SST,mean,17.945314407348633
SBNMS,2072,SST,stdev,0.1965474933385849
SBNMS,2073,SST,mean,17.978145599365234
SBNMS,2073,SST,stdev,0.20662611722946167
SBNMS,2074,SST,mean,18.04258155822754
SBNMS,2074,SST,stdev,0.19831658899784088
SBNMS,2075,SST,mean,18.21445655822754
SBNMS,2075,SST,stdev,0.19210277497768402
SBNMS,2076,SST,mean,18.033323287963867
SBNMS,2076,SST,stdev,0.19590666890144348
SBNMS,2077,SST,mean,18.154338836669922
SBNMS,2077,SST,stdev,0.18824949860572815
SBNMS,2078,SST,mean,18.258520126342773
SBNMS,2078,SST,stdev,0.1982504427433014
SBNMS,2079,SST,mean,18.17612075805664
SBNMS,2079,SST,stdev,0.18383857607841492
SBNMS,2080,SST,mean,18.175670623779297
SBNMS,2080,SST,stdev,0.17997178435325623
SBNMS,2081,SST,mean,18.223424911499023
SBNMS,2081,SST,stdev,0.1883872002363205
SBNMS,2082,SST,mean,18.162967681884766
SBNMS,2082,SST,stdev,0.18330293893814087
SBNMS,2083,SST,mean,18.17426300048828
SBNMS,2083,SST,stdev,0.1825636327266693
SBNMS,2084,SST,mean,18.21257781982422
SBNMS,2084,SST,stdev,0.19620820879936218
SBNMS,2085,SST,mean,18.380260467529297
SBNMS,2085,SST,stdev,0.17757943272590637
SBNMS,2086,SST,mean,18.41719627380371
SBNMS,2086,SST,stdev,0.1849624663591385
SBNMS,2087,SST,mean,18.451414108276367
SBNMS,2087,SST,stdev,0.17458301782608032
SBNMS,2088,SST,mean,18.458059310913086
SBNMS,2088,SST,stdev,0.17295381426811218
SBNMS,2089,SST,mean,18.50860595703125
SBNMS,2089,SST,stdev,0.1820269376039505
SBNMS,2090,SST,mean,18.554702758789062
SBNMS,2090,SST,stdev,0.17207209765911102
SBNMS,2091,SST,mean,18.586580276489258
SBNMS,2091,SST,stdev,0.178451806306839
SBNMS,2092,SST,mean,18.63397216796875
SBNMS,2092,SST,stdev,0.1680256575345993
SBNMS,2093,SST,mean,18.662036895751953
SBNMS,2093,SST,stdev,0.17547203600406647
SBNMS,2094,SST,mean,18.668312072753906
SBNMS,2094,SST,stdev,0.1681312620639801
SBNMS,2095,SST,mean,18.737232208251953
SBNMS,2095,SST,stdev,0.16530582308769226
SBNMS,2096,SST,mean,18.779081344604492
SBNMS,2096,SST,stdev,0.17027874290943146
SBNMS,2097,SST,mean,18.70508575439453
SBNMS,2097,SST,stdev,0.15971054136753082
SBNMS,2098,SST,mean,18.632320404052734
SBNMS,2098,SST,stdev,0.1641193926334381
SBNMS,2099,SST,mean,18.620725631713867
SBNMS,2099,SST,stdev,0.16627663373947144
SBNMS,2100,SST,mean,18.719823837280273
SBNMS,2100,SST,stdev,0.1621132642030716
TBNMS,1990,SST,mean,NA
TBNMS,1990,SST,stdev,NA
TBNMS,1991,SST,mean,NA
TBNMS,1991,SST,stdev,NA
TBNMS,1992,SST,mean,NA
TBNMS,1992,SST,stdev,NA
TBNMS,1993,SST,mean,NA
TBNMS,1993,SST,stdev,NA
TBNMS,1994,SST,mean,NA
TBNMS,1994,SST,stdev,NA
TBNMS,1995,SST,mean,NA
TBNMS,1995,SST,stdev,NA
TBNMS,1996,SST,mean,NA
TBNMS,1996,SST,stdev,NA
TBNMS,1997,SST,mean,NA
TBNMS,1997,SST,stdev,NA
TBNMS,1998,SST,mean,NA
TBNMS,1998,SST,stdev,NA
TBNMS,1999,SST,mean,NA
TBNMS,1999,SST,stdev,NA
TBNMS,2000,SST,mean,NA
TBNMS,2000,SST,stdev,NA
TBNMS,2001,SST,mean,NA
TBNMS,2001,SST,stdev,NA
TBNMS,2002,SST,mean,NA
TBNMS,2002,SST,stdev,NA
TBNMS,2003,SST,mean,NA
TBNMS,2003,SST,stdev,NA
TBNMS,2004,SST,mean,NA
TBNMS,2004,SST,stdev,NA
TBNMS,2005,SST,mean,NA
TBNMS,2005,SST,stdev,NA
TBNMS,2006,SST,mean,NA
TBNMS,2006,SST,stdev,NA
TBNMS,2007,SST,mean,NA
TBNMS,2007,SST,stdev,NA
TBNMS,2008,SST,mean,NA
TBNMS,2008,SST,stdev,NA
TBNMS,2009,SST,mean,NA
TBNMS,2009,SST,stdev,NA
TBNMS,2010,SST,mean,NA
TBNMS,2010,SST,stdev,NA
TBNMS,2011,SST,mean,NA
TBNMS,2011,SST,stdev,NA
TBNMS,2012,SST,mean,NA
TBNMS,2012,SST,stdev,NA
TBNMS,2013,SST,mean,NA
TBNMS,2013,SST,stdev,NA
TBNMS,2014,SST,mean,NA
TBNMS,2014,SST,stdev,NA
TBNMS,2015,SST,mean,NA
TBNMS,2015,SST,stdev,NA
TBNMS,2016,SST,mean,NA
TBNMS,2016,SST,stdev,NA
TBNMS,2017,SST,mean,NA
TBNMS,2017,SST,stdev,NA
TBNMS,2018,SST,mean,NA
TBNMS,2018,SST,stdev,NA
TBNMS,2019,SST,mean,NA
TBNMS,2019,SST,stdev,NA
TBNMS,2020,SST,mean,NA
TBNMS,2020,SST,stdev,NA
TBNMS,2021,SST,mean,NA
TBNMS,2021,SST,stdev,NA
TBNMS,2022,SST,mean,NA
TBNMS,2022,SST,stdev,NA
TBNMS,2023,SST,mean,NA
TBNMS,2023,SST,stdev,NA
TBNMS,2024,SST,mean,NA
TBNMS,2024,SST,stdev,NA
TBNMS,2025,SST,mean,NA
TBNMS,2025,SST,stdev,NA
TBNMS,2026,SST,mean,NA
TBNMS,2026,SST,stdev,NA
TBNMS,2027,SST,mean,NA
TBNMS,2027,SST,stdev,NA
TBNMS,2028,SST,mean,NA
TBNMS,2028,SST,stdev,NA
TBNMS,2029,SST,mean,NA
TBNMS,2029,SST,stdev,NA
TBNMS,2030,SST,mean,NA
TBNMS,2030,SST,stdev,NA
TBNMS,2031,SST,mean,NA
TBNMS,2031,SST,stdev,NA
TBNMS,2032,SST,mean,NA
TBNMS,2032,SST,stdev,NA
TBNMS,2033,SST,mean,NA
TBNMS,2033,SST,stdev,NA
TBNMS,2034,SST,mean,NA
TBNMS,2034,SST,stdev,NA
TBNMS,2035,SST,mean,NA
TBNMS,2035,SST,stdev,NA
TBNMS,2036,SST,mean,NA
TBNMS,2036,SST,stdev,NA
TBNMS,2037,SST,mean,NA
TBNMS,2037,SST,stdev,NA
TBNMS,2038,SST,mean,NA
TBNMS,2038,SST,stdev,NA
TBNMS,2039,SST,mean,NA
TBNMS,2039,SST,stdev,NA
TBNMS,2040,SST,mean,NA
TBNMS,2040,SST,stdev,NA
TBNMS,2041,SST,mean,NA
TBNMS,2041,SST,stdev,NA
TBNMS,2042,SST,mean,NA
TBNMS,2042,SST,stdev,NA
TBNMS,2043,SST,mean,NA
TBNMS,2043,SST,stdev,NA
TBNMS,2044,SST,mean,NA
TBNMS,2044,SST,stdev,NA
TBNMS,2045,SST,mean,NA
TBNMS,2045,SST,stdev,NA
TBNMS,2046,SST,mean,NA
TBNMS,2046,SST,stdev,NA
TBNMS,2047,SST,mean,NA
TBNMS,2047,SST,stdev,NA
TBNMS,2048,SST,mean,NA
TBNMS,2048,SST,stdev,NA
TBNMS,2049,SST,mean,NA
TBNMS,2049,SST,stdev,NA
TBNMS,2050,SST,mean,NA
TBNMS,2050,SST,stdev,NA
TBNMS,2051,SST,mean,NA
TBNMS,2051,SST,stdev,NA
TBNMS,2052,SST,mean,NA
TBNMS,2052,SST,stdev,NA
TBNMS,2053,SST,mean,NA
TBNMS,2053,SST,stdev,NA
TBNMS,2054,SST,mean,NA
TBNMS,2054,SST,stdev,NA
TBNMS,2055,SST,mean,NA
TBNMS,2055,SST,stdev,NA
TBNMS,2056,SST,mean,NA
TBNMS,2056,SST,stdev,NA
TBNMS,2057,SST,mean,NA
TBNMS,2057,SST,stdev,NA
TBNMS,2058,SST,mean,NA
TBNMS,2058,SST,stdev,NA
TBNMS,2059,SST,mean,NA
TBNMS,2059,SST,stdev,NA
TBNMS,2060,SST,mean,NA
TBNMS,2060,SST,stdev,NA
TBNMS,2061,SST,mean,NA
TBNMS,2061,SST,stdev,NA
TBNMS,2062,SST,mean,NA
TBNMS,2062,SST,stdev,NA
TBNMS,2063,SST,mean,NA
TBNMS,2063,SST,stdev,NA
TBNMS,2064,SST,mean,NA
TBNMS,2064,SST,stdev,NA
TBNMS,2065,SST,mean,NA
TBNMS,2065,SST,stdev,NA
TBNMS,2066,SST,mean,NA
TBNMS,2066,SST,stdev,NA
TBNMS,2067,SST,mean,NA
TBNMS,2067,SST,stdev,NA
TBNMS,2068,SST,mean,NA
TBNMS,2068,SST,stdev,NA
TBNMS,2069,SST,mean,NA
TBNMS,2069,SST,stdev,NA
TBNMS,2070,SST,mean,NA
TBNMS,2070,SST,stdev,NA
TBNMS,2071,SST,mean,NA
TBNMS,2071,SST,stdev,NA
TBNMS,2072,SST,mean,NA
TBNMS,2072,SST,stdev,NA
TBNMS,2073,SST,mean,NA
TBNMS,2073,SST,stdev,NA
TBNMS,2074,SST,mean,NA
TBNMS,2074,SST,stdev,NA
TBNMS,2075,SST,mean,NA
TBNMS,2075,SST,stdev,NA
TBNMS,2076,SST,mean,NA
TBNMS,2076,SST,stdev,NA
TBNMS,2077,SST,mean,NA
TBNMS,2077,SST,stdev,NA
TBNMS,2078,SST,mean,NA
TBNMS,2078,SST,stdev,NA
TBNMS,2079,SST,mean,NA
TBNMS,2079,SST,stdev,NA
TBNMS,2080,SST,mean,NA
TBNMS,2080,SST,stdev,NA
TBNMS,2081,SST,mean,NA
TBNMS,2081,SST,stdev,NA
TBNMS,2082,SST,mean,NA
TBNMS,2082,SST,stdev,NA
TBNMS,2083,SST,mean,NA
TBNMS,2083,SST,stdev,NA
TBNMS,2084,SST,mean,NA
TBNMS,2084,SST,stdev,NA
TBNMS,2085,SST,mean,NA
TBNMS,2085,SST,stdev,NA
TBNMS,2086,SST,mean,NA
TBNMS,2086,SST,stdev,NA
TBNMS,2087,SST,mean,NA
TBNMS,2087,SST,stdev,NA
TBNMS,2088,SST,mean,NA
TBNMS,2088,SST,stdev,NA
TBNMS,2089,SST,mean,NA
TBNMS,2089,SST,stdev,NA
TBNMS,2090,SST,mean,NA
TBNMS,2090,SST,stdev,NA
TBNMS,2091,SST,mean,NA
TBNMS,2091,SST,stdev,NA
TBNMS,2092,SST,mean,NA
TBNMS,2092,SST,stdev,NA
TBNMS,2093,SST,mean,NA
TBNMS,2093,SST,stdev,NA
TBNMS,2094,SST,mean,NA
TBNMS,2094,SST,stdev,NA
TBNMS,2095,SST,mean,NA
TBNMS,2095,SST,stdev,NA
TBNMS,2096,SST,mean,NA
TBNMS,2096,SST,stdev,NA
TBNMS,2097,SST,mean,NA
TBNMS,2097,SST,stdev,NA
TBNMS,2098,SST,mean,NA
TBNMS,2098,SST,stdev,NA
TBNMS,2099,SST,mean,NA
TBNMS,2099,SST,stdev,NA
TBNMS,2100,SST,mean,NA
TBNMS,2100,SST,stdev,NA
